match,home_team,away_team,player_team,opposition_team,market_name,player_name,line,over_price,agency
Collingwood Magpies v Carlton,Collingwood Magpies,Carlton,Carlton,Collingwood Magpies,Player Goals,Charlie Curnow,0.5,1.025,Bet365
Collingwood Magpies v Carlton,Collingwood Magpies,Carlton,Carlton,Collingwood Magpies,Player Goals,Charlie Curnow,1.5,1.22,Bet365
Collingwood Magpies v Carlton,Collingwood Magpies,Carlton,Carlton,Collingwood Magpies,Player Goals,Charlie Curnow,2.5,1.7,Bet365
Collingwood Magpies v Carlton,Collingwood Magpies,Carlton,Carlton,Collingwood Magpies,Player Goals,Charlie Curnow,3.5,2.8,Bet365
Collingwood Magpies v Carlton,Collingwood Magpies,Carlton,Carlton,Collingwood Magpies,Player Goals,Charlie Curnow,4.5,5.5,Bet365
Collingwood Magpies v Carlton,Collingwood Magpies,Carlton,Carlton,Collingwood Magpies,Player Goals,Charlie Curnow,5.5,12,Bet365
Collingwood Magpies v Carlton,Collingwood Magpies,Carlton,Carlton,Collingwood Magpies,Player Goals,Harry McKay,0.5,1.07,Bet365
Collingwood Magpies v Carlton,Collingwood Magpies,Carlton,Carlton,Collingwood Magpies,Player Goals,Harry McKay,1.5,1.44,Bet365
Collingwood Magpies v Carlton,Collingwood Magpies,Carlton,Carlton,Collingwood Magpies,Player Goals,Harry McKay,2.5,2.4,Bet365
Collingwood Magpies v Carlton,Collingwood Magpies,Carlton,Carlton,Collingwood Magpies,Player Goals,Harry McKay,3.5,4.75,Bet365
Collingwood Magpies v Carlton,Collingwood Magpies,Carlton,Carlton,Collingwood Magpies,Player Goals,Harry McKay,4.5,12,Bet365
Collingwood Magpies v Carlton,Collingwood Magpies,Carlton,Carlton,Collingwood Magpies,Player Goals,Harry McKay,5.5,30,Bet365
Collingwood Magpies v Carlton,Collingwood Magpies,Carlton,Collingwood Magpies,Carlton,Player Goals,Daniel McStay,0.5,1.24,Bet365
Collingwood Magpies v Carlton,Collingwood Magpies,Carlton,Collingwood Magpies,Carlton,Player Goals,Daniel McStay,1.5,2.15,Bet365
Collingwood Magpies v Carlton,Collingwood Magpies,Carlton,Collingwood Magpies,Carlton,Player Goals,Daniel McStay,2.5,5,Bet365
Collingwood Magpies v Carlton,Collingwood Magpies,Carlton,Collingwood Magpies,Carlton,Player Goals,Daniel McStay,3.5,14,Bet365
Collingwood Magpies v Carlton,Collingwood Magpies,Carlton,Collingwood Magpies,Carlton,Player Goals,Daniel McStay,4.5,50,Bet365
Collingwood Magpies v Carlton,Collingwood Magpies,Carlton,Carlton,Collingwood Magpies,Player Goals,Jesse Motlop,0.5,1.24,Bet365
Collingwood Magpies v Carlton,Collingwood Magpies,Carlton,Carlton,Collingwood Magpies,Player Goals,Jesse Motlop,1.5,2.2,Bet365
Collingwood Magpies v Carlton,Collingwood Magpies,Carlton,Carlton,Collingwood Magpies,Player Goals,Jesse Motlop,2.5,5,Bet365
Collingwood Magpies v Carlton,Collingwood Magpies,Carlton,Carlton,Collingwood Magpies,Player Goals,Jesse Motlop,3.5,15,Bet365
Collingwood Magpies v Carlton,Collingwood Magpies,Carlton,Carlton,Collingwood Magpies,Player Goals,Jesse Motlop,4.5,50,Bet365
Collingwood Magpies v Carlton,Collingwood Magpies,Carlton,Carlton,Collingwood Magpies,Player Goals,Matthew Owies,0.5,1.24,Bet365
Collingwood Magpies v Carlton,Collingwood Magpies,Carlton,Carlton,Collingwood Magpies,Player Goals,Matthew Owies,1.5,2.2,Bet365
Collingwood Magpies v Carlton,Collingwood Magpies,Carlton,Carlton,Collingwood Magpies,Player Goals,Matthew Owies,2.5,5,Bet365
Collingwood Magpies v Carlton,Collingwood Magpies,Carlton,Carlton,Collingwood Magpies,Player Goals,Matthew Owies,3.5,15,Bet365
Collingwood Magpies v Carlton,Collingwood Magpies,Carlton,Carlton,Collingwood Magpies,Player Goals,Matthew Owies,4.5,50,Bet365
Collingwood Magpies v Carlton,Collingwood Magpies,Carlton,Collingwood Magpies,Carlton,Player Goals,Jamie Elliott,0.5,1.3,Bet365
Collingwood Magpies v Carlton,Collingwood Magpies,Carlton,Collingwood Magpies,Carlton,Player Goals,Jamie Elliott,1.5,2.4,Bet365
Collingwood Magpies v Carlton,Collingwood Magpies,Carlton,Collingwood Magpies,Carlton,Player Goals,Jamie Elliott,2.5,6,Bet365
Collingwood Magpies v Carlton,Collingwood Magpies,Carlton,Collingwood Magpies,Carlton,Player Goals,Jamie Elliott,3.5,18,Bet365
Collingwood Magpies v Carlton,Collingwood Magpies,Carlton,Collingwood Magpies,Carlton,Player Goals,Jamie Elliott,4.5,70,Bet365
Collingwood Magpies v Carlton,Collingwood Magpies,Carlton,Collingwood Magpies,Carlton,Player Goals,Bobby Hill,0.5,1.37,Bet365
Collingwood Magpies v Carlton,Collingwood Magpies,Carlton,Collingwood Magpies,Carlton,Player Goals,Bobby Hill,1.5,2.7,Bet365
Collingwood Magpies v Carlton,Collingwood Magpies,Carlton,Collingwood Magpies,Carlton,Player Goals,Bobby Hill,2.5,7,Bet365
Collingwood Magpies v Carlton,Collingwood Magpies,Carlton,Collingwood Magpies,Carlton,Player Goals,Bobby Hill,3.5,22,Bet365
Collingwood Magpies v Carlton,Collingwood Magpies,Carlton,Collingwood Magpies,Carlton,Player Goals,Bobby Hill,4.5,90,Bet365
Collingwood Magpies v Carlton,Collingwood Magpies,Carlton,Collingwood Magpies,Carlton,Player Goals,Lachie Schultz,0.5,1.37,Bet365
Collingwood Magpies v Carlton,Collingwood Magpies,Carlton,Collingwood Magpies,Carlton,Player Goals,Lachie Schultz,1.5,2.7,Bet365
Collingwood Magpies v Carlton,Collingwood Magpies,Carlton,Collingwood Magpies,Carlton,Player Goals,Lachie Schultz,2.5,7,Bet365
Collingwood Magpies v Carlton,Collingwood Magpies,Carlton,Collingwood Magpies,Carlton,Player Goals,Lachie Schultz,3.5,22,Bet365
Collingwood Magpies v Carlton,Collingwood Magpies,Carlton,Collingwood Magpies,Carlton,Player Goals,Lachie Schultz,4.5,90,Bet365
Collingwood Magpies v Carlton,Collingwood Magpies,Carlton,Carlton,Collingwood Magpies,Player Goals,Matthew Kennedy,0.5,1.55,Bet365
Collingwood Magpies v Carlton,Collingwood Magpies,Carlton,Carlton,Collingwood Magpies,Player Goals,Matthew Kennedy,1.5,3.5,Bet365
Collingwood Magpies v Carlton,Collingwood Magpies,Carlton,Carlton,Collingwood Magpies,Player Goals,Matthew Kennedy,2.5,11,Bet365
Collingwood Magpies v Carlton,Collingwood Magpies,Carlton,Carlton,Collingwood Magpies,Player Goals,Matthew Kennedy,3.5,40,Bet365
Collingwood Magpies v Carlton,Collingwood Magpies,Carlton,Collingwood Magpies,Carlton,Player Goals,Jeremy Howe,0.5,1.6,Bet365
Collingwood Magpies v Carlton,Collingwood Magpies,Carlton,Collingwood Magpies,Carlton,Player Goals,Jeremy Howe,1.5,3.75,Bet365
Collingwood Magpies v Carlton,Collingwood Magpies,Carlton,Collingwood Magpies,Carlton,Player Goals,Jeremy Howe,2.5,12,Bet365
Collingwood Magpies v Carlton,Collingwood Magpies,Carlton,Collingwood Magpies,Carlton,Player Goals,Jeremy Howe,3.5,45,Bet365
Collingwood Magpies v Carlton,Collingwood Magpies,Carlton,Collingwood Magpies,Carlton,Player Goals,Will Hoskin-Elliott,0.5,1.6,Bet365
Collingwood Magpies v Carlton,Collingwood Magpies,Carlton,Collingwood Magpies,Carlton,Player Goals,Will Hoskin-Elliott,1.5,3.75,Bet365
Collingwood Magpies v Carlton,Collingwood Magpies,Carlton,Collingwood Magpies,Carlton,Player Goals,Will Hoskin-Elliott,2.5,12,Bet365
Collingwood Magpies v Carlton,Collingwood Magpies,Carlton,Collingwood Magpies,Carlton,Player Goals,Will Hoskin-Elliott,3.5,45,Bet365
Collingwood Magpies v Carlton,Collingwood Magpies,Carlton,Carlton,Collingwood Magpies,Player Goals,Elijah Hollands,0.5,1.7,Bet365
Collingwood Magpies v Carlton,Collingwood Magpies,Carlton,Carlton,Collingwood Magpies,Player Goals,Elijah Hollands,1.5,4.25,Bet365
Collingwood Magpies v Carlton,Collingwood Magpies,Carlton,Carlton,Collingwood Magpies,Player Goals,Elijah Hollands,2.5,15,Bet365
Collingwood Magpies v Carlton,Collingwood Magpies,Carlton,Carlton,Collingwood Magpies,Player Goals,Elijah Hollands,3.5,60,Bet365
Collingwood Magpies v Carlton,Collingwood Magpies,Carlton,Carlton,Collingwood Magpies,Player Goals,Lachie Fogarty,0.5,1.7,Bet365
Collingwood Magpies v Carlton,Collingwood Magpies,Carlton,Carlton,Collingwood Magpies,Player Goals,Lachie Fogarty,1.5,4.25,Bet365
Collingwood Magpies v Carlton,Collingwood Magpies,Carlton,Carlton,Collingwood Magpies,Player Goals,Lachie Fogarty,2.5,15,Bet365
Collingwood Magpies v Carlton,Collingwood Magpies,Carlton,Carlton,Collingwood Magpies,Player Goals,Lachie Fogarty,3.5,60,Bet365
Collingwood Magpies v Carlton,Collingwood Magpies,Carlton,Carlton,Collingwood Magpies,Player Goals,Patrick Cripps,0.5,1.7,Bet365
Collingwood Magpies v Carlton,Collingwood Magpies,Carlton,Carlton,Collingwood Magpies,Player Goals,Patrick Cripps,1.5,4.25,Bet365
Collingwood Magpies v Carlton,Collingwood Magpies,Carlton,Carlton,Collingwood Magpies,Player Goals,Patrick Cripps,2.5,15,Bet365
Collingwood Magpies v Carlton,Collingwood Magpies,Carlton,Carlton,Collingwood Magpies,Player Goals,Patrick Cripps,3.5,60,Bet365
Collingwood Magpies v Carlton,Collingwood Magpies,Carlton,Collingwood Magpies,Carlton,Player Goals,Mason Cox,0.5,1.8,Bet365
Collingwood Magpies v Carlton,Collingwood Magpies,Carlton,Collingwood Magpies,Carlton,Player Goals,Mason Cox,1.5,4.5,Bet365
Collingwood Magpies v Carlton,Collingwood Magpies,Carlton,Collingwood Magpies,Carlton,Player Goals,Mason Cox,2.5,17,Bet365
Collingwood Magpies v Carlton,Collingwood Magpies,Carlton,Collingwood Magpies,Carlton,Player Goals,Mason Cox,3.5,70,Bet365
Collingwood Magpies v Carlton,Collingwood Magpies,Carlton,Collingwood Magpies,Carlton,Player Goals,Nick Daicos,0.5,1.8,Bet365
Collingwood Magpies v Carlton,Collingwood Magpies,Carlton,Collingwood Magpies,Carlton,Player Goals,Nick Daicos,1.5,4.5,Bet365
Collingwood Magpies v Carlton,Collingwood Magpies,Carlton,Collingwood Magpies,Carlton,Player Goals,Nick Daicos,2.5,17,Bet365
Collingwood Magpies v Carlton,Collingwood Magpies,Carlton,Collingwood Magpies,Carlton,Player Goals,Nick Daicos,3.5,70,Bet365
Collingwood Magpies v Carlton,Collingwood Magpies,Carlton,Carlton,Collingwood Magpies,Player Goals,Alex Cincotta,0.5,2.05,Bet365
Collingwood Magpies v Carlton,Collingwood Magpies,Carlton,Carlton,Collingwood Magpies,Player Goals,Alex Cincotta,1.5,6.5,Bet365
Collingwood Magpies v Carlton,Collingwood Magpies,Carlton,Carlton,Collingwood Magpies,Player Goals,Alex Cincotta,2.5,23,Bet365
Collingwood Magpies v Carlton,Collingwood Magpies,Carlton,Carlton,Collingwood Magpies,Player Goals,Alex Cincotta,3.5,125,Bet365
Collingwood Magpies v Carlton,Collingwood Magpies,Carlton,Collingwood Magpies,Carlton,Player Goals,Patrick Lipinski,0.5,2.05,Bet365
Collingwood Magpies v Carlton,Collingwood Magpies,Carlton,Collingwood Magpies,Carlton,Player Goals,Patrick Lipinski,1.5,6.5,Bet365
Collingwood Magpies v Carlton,Collingwood Magpies,Carlton,Collingwood Magpies,Carlton,Player Goals,Patrick Lipinski,2.5,26,Bet365
Collingwood Magpies v Carlton,Collingwood Magpies,Carlton,Collingwood Magpies,Carlton,Player Goals,Patrick Lipinski,3.5,150,Bet365
Collingwood Magpies v Carlton,Collingwood Magpies,Carlton,Collingwood Magpies,Carlton,Player Goals,Harvey Harrison,0.5,2.15,Bet365
Collingwood Magpies v Carlton,Collingwood Magpies,Carlton,Collingwood Magpies,Carlton,Player Goals,Harvey Harrison,1.5,8.5,Bet365
Collingwood Magpies v Carlton,Collingwood Magpies,Carlton,Collingwood Magpies,Carlton,Player Goals,Harvey Harrison,2.5,34,Bet365
Collingwood Magpies v Carlton,Collingwood Magpies,Carlton,Collingwood Magpies,Carlton,Player Goals,Scott Pendlebury,0.5,2.15,Bet365
Collingwood Magpies v Carlton,Collingwood Magpies,Carlton,Collingwood Magpies,Carlton,Player Goals,Scott Pendlebury,1.5,8.5,Bet365
Collingwood Magpies v Carlton,Collingwood Magpies,Carlton,Collingwood Magpies,Carlton,Player Goals,Scott Pendlebury,2.5,34,Bet365
Collingwood Magpies v Carlton,Collingwood Magpies,Carlton,Carlton,Collingwood Magpies,Player Goals,Matthew Cottrell,0.5,2.2,Bet365
Collingwood Magpies v Carlton,Collingwood Magpies,Carlton,Carlton,Collingwood Magpies,Player Goals,Matthew Cottrell,1.5,9,Bet365
Collingwood Magpies v Carlton,Collingwood Magpies,Carlton,Carlton,Collingwood Magpies,Player Goals,Matthew Cottrell,2.5,41,Bet365
Collingwood Magpies v Carlton,Collingwood Magpies,Carlton,Collingwood Magpies,Carlton,Player Goals,Jack Crisp,0.5,2.33,Bet365
Collingwood Magpies v Carlton,Collingwood Magpies,Carlton,Collingwood Magpies,Carlton,Player Goals,Jack Crisp,1.5,11,Bet365
Collingwood Magpies v Carlton,Collingwood Magpies,Carlton,Collingwood Magpies,Carlton,Player Goals,Jack Crisp,2.5,51,Bet365
Collingwood Magpies v Carlton,Collingwood Magpies,Carlton,NA,NA,Player Goals,Ned Long,0.5,2.7,Bet365
Collingwood Magpies v Carlton,Collingwood Magpies,Carlton,NA,NA,Player Goals,Ned Long,1.5,17,Bet365
Collingwood Magpies v Carlton,Collingwood Magpies,Carlton,NA,NA,Player Goals,Ned Long,2.5,101,Bet365
Collingwood Magpies v Carlton,Collingwood Magpies,Carlton,Carlton,Collingwood Magpies,Player Goals,Brodie Kemp,0.5,2.8,Bet365
Collingwood Magpies v Carlton,Collingwood Magpies,Carlton,Carlton,Collingwood Magpies,Player Goals,Brodie Kemp,1.5,19,Bet365
Collingwood Magpies v Carlton,Collingwood Magpies,Carlton,Carlton,Collingwood Magpies,Player Goals,Brodie Kemp,2.5,126,Bet365
Collingwood Magpies v Carlton,Collingwood Magpies,Carlton,Carlton,Collingwood Magpies,Player Goals,Oliver Hollands,0.5,2.8,Bet365
Collingwood Magpies v Carlton,Collingwood Magpies,Carlton,Carlton,Collingwood Magpies,Player Goals,Oliver Hollands,1.5,19,Bet365
Collingwood Magpies v Carlton,Collingwood Magpies,Carlton,Carlton,Collingwood Magpies,Player Goals,Oliver Hollands,2.5,126,Bet365
Collingwood Magpies v Carlton,Collingwood Magpies,Carlton,Collingwood Magpies,Carlton,Player Goals,Darcy Cameron,0.5,2.85,Bet365
Collingwood Magpies v Carlton,Collingwood Magpies,Carlton,Collingwood Magpies,Carlton,Player Goals,Darcy Cameron,1.5,21,Bet365
Collingwood Magpies v Carlton,Collingwood Magpies,Carlton,NA,NA,Player Goals,Lachie Sullivan,0.5,2.85,Bet365
Collingwood Magpies v Carlton,Collingwood Magpies,Carlton,NA,NA,Player Goals,Lachie Sullivan,1.5,21,Bet365
Collingwood Magpies v Carlton,Collingwood Magpies,Carlton,Carlton,Collingwood Magpies,Player Goals,George Hewett,0.5,2.9,Bet365
Collingwood Magpies v Carlton,Collingwood Magpies,Carlton,Carlton,Collingwood Magpies,Player Goals,George Hewett,1.5,21,Bet365
Collingwood Magpies v Carlton,Collingwood Magpies,Carlton,Carlton,Collingwood Magpies,Player Goals,Mitch McGovern,0.5,2.9,Bet365
Collingwood Magpies v Carlton,Collingwood Magpies,Carlton,Carlton,Collingwood Magpies,Player Goals,Mitch McGovern,1.5,21,Bet365
Collingwood Magpies v Carlton,Collingwood Magpies,Carlton,Carlton,Collingwood Magpies,Player Goals,Sam Walsh,0.5,2.9,Bet365
Collingwood Magpies v Carlton,Collingwood Magpies,Carlton,Carlton,Collingwood Magpies,Player Goals,Sam Walsh,1.5,21,Bet365
Collingwood Magpies v Carlton,Collingwood Magpies,Carlton,Collingwood Magpies,Carlton,Player Goals,Josh Daicos,0.5,3,Bet365
Collingwood Magpies v Carlton,Collingwood Magpies,Carlton,Collingwood Magpies,Carlton,Player Goals,Josh Daicos,1.5,23,Bet365
Collingwood Magpies v Carlton,Collingwood Magpies,Carlton,Collingwood Magpies,Carlton,Player Goals,Steele Sidebottom,0.5,3,Bet365
Collingwood Magpies v Carlton,Collingwood Magpies,Carlton,Collingwood Magpies,Carlton,Player Goals,Steele Sidebottom,1.5,23,Bet365
Collingwood Magpies v Carlton,Collingwood Magpies,Carlton,Carlton,Collingwood Magpies,Player Goals,Jack Carroll,0.5,3.2,Bet365
Collingwood Magpies v Carlton,Collingwood Magpies,Carlton,Carlton,Collingwood Magpies,Player Goals,Jack Carroll,1.5,29,Bet365
Collingwood Magpies v Carlton,Collingwood Magpies,Carlton,Carlton,Collingwood Magpies,Player Goals,Marc Pittonet,0.5,3.2,Bet365
Collingwood Magpies v Carlton,Collingwood Magpies,Carlton,Carlton,Collingwood Magpies,Player Goals,Marc Pittonet,1.5,29,Bet365
Collingwood Magpies v Carlton,Collingwood Magpies,Carlton,Carlton,Collingwood Magpies,Player Goals,Adam Cerra,0.5,3.3,Bet365
Collingwood Magpies v Carlton,Collingwood Magpies,Carlton,Carlton,Collingwood Magpies,Player Goals,Adam Cerra,1.5,29,Bet365
Collingwood Magpies v Carlton,Collingwood Magpies,Carlton,Carlton,Collingwood Magpies,Player Goals,Adam Saad,0.5,3.5,Bet365
Collingwood Magpies v Carlton,Collingwood Magpies,Carlton,Carlton,Collingwood Magpies,Player Goals,Adam Saad,1.5,34,Bet365
Collingwood Magpies v Carlton,Collingwood Magpies,Carlton,Collingwood Magpies,Carlton,Player Goals,Jack Bytel,0.5,3.6,Bet365
Collingwood Magpies v Carlton,Collingwood Magpies,Carlton,Collingwood Magpies,Carlton,Player Goals,Jack Bytel,1.5,41,Bet365
Collingwood Magpies v Carlton,Collingwood Magpies,Carlton,Carlton,Collingwood Magpies,Player Goals,Jacob Weitering,0.5,3.75,Bet365
Collingwood Magpies v Carlton,Collingwood Magpies,Carlton,Carlton,Collingwood Magpies,Player Goals,Jacob Weitering,1.5,41,Bet365
Collingwood Magpies v Carlton,Collingwood Magpies,Carlton,Carlton,Collingwood Magpies,Player Goals,Lachlan Cowan,0.5,3.75,Bet365
Collingwood Magpies v Carlton,Collingwood Magpies,Carlton,Carlton,Collingwood Magpies,Player Goals,Lachlan Cowan,1.5,41,Bet365
Collingwood Magpies v Carlton,Collingwood Magpies,Carlton,Carlton,Collingwood Magpies,Player Goals,Nic Newman,0.5,3.75,Bet365
Collingwood Magpies v Carlton,Collingwood Magpies,Carlton,Carlton,Collingwood Magpies,Player Goals,Nic Newman,1.5,41,Bet365
Collingwood Magpies v Carlton,Collingwood Magpies,Carlton,Collingwood Magpies,Carlton,Player Goals,Brayden Maynard,0.5,4,Bet365
Collingwood Magpies v Carlton,Collingwood Magpies,Carlton,Collingwood Magpies,Carlton,Player Goals,Brayden Maynard,1.5,51,Bet365
Collingwood Magpies v Carlton,Collingwood Magpies,Carlton,Collingwood Magpies,Carlton,Player Goals,Darcy Moore,0.5,4,Bet365
Collingwood Magpies v Carlton,Collingwood Magpies,Carlton,Collingwood Magpies,Carlton,Player Goals,Darcy Moore,1.5,51,Bet365
Collingwood Magpies v Carlton,Collingwood Magpies,Carlton,Collingwood Magpies,Carlton,Player Goals,Isaac Quaynor,0.5,4,Bet365
Collingwood Magpies v Carlton,Collingwood Magpies,Carlton,Collingwood Magpies,Carlton,Player Goals,Isaac Quaynor,1.5,51,Bet365
Collingwood Magpies v Carlton,Collingwood Magpies,Carlton,Collingwood Magpies,Carlton,Player Goals,John Noble,0.5,4,Bet365
Collingwood Magpies v Carlton,Collingwood Magpies,Carlton,Collingwood Magpies,Carlton,Player Goals,John Noble,1.5,51,Bet365
Collingwood Magpies v Carlton,Collingwood Magpies,Carlton,Collingwood Magpies,Carlton,Player Goals,Wil Parker,0.5,4,Bet365
Collingwood Magpies v Carlton,Collingwood Magpies,Carlton,Collingwood Magpies,Carlton,Player Goals,Wil Parker,1.5,51,Bet365
Port Adelaide Power v Sydney Swans,Port Adelaide Power,Sydney Swans,Port Adelaide Power,Sydney Swans,Player Goals,Mitch Georgiades,0.5,1.1,Bet365
Port Adelaide Power v Sydney Swans,Port Adelaide Power,Sydney Swans,Port Adelaide Power,Sydney Swans,Player Goals,Mitch Georgiades,1.5,1.6,Bet365
Port Adelaide Power v Sydney Swans,Port Adelaide Power,Sydney Swans,Port Adelaide Power,Sydney Swans,Player Goals,Mitch Georgiades,2.5,3,Bet365
Port Adelaide Power v Sydney Swans,Port Adelaide Power,Sydney Swans,Port Adelaide Power,Sydney Swans,Player Goals,Mitch Georgiades,3.5,6.5,Bet365
Port Adelaide Power v Sydney Swans,Port Adelaide Power,Sydney Swans,Port Adelaide Power,Sydney Swans,Player Goals,Mitch Georgiades,4.5,18,Bet365
Port Adelaide Power v Sydney Swans,Port Adelaide Power,Sydney Swans,Sydney Swans,Port Adelaide Power,Player Goals,Logan McDonald,0.5,1.24,Bet365
Port Adelaide Power v Sydney Swans,Port Adelaide Power,Sydney Swans,Sydney Swans,Port Adelaide Power,Player Goals,Logan McDonald,1.5,2.15,Bet365
Port Adelaide Power v Sydney Swans,Port Adelaide Power,Sydney Swans,Sydney Swans,Port Adelaide Power,Player Goals,Logan McDonald,2.5,5,Bet365
Port Adelaide Power v Sydney Swans,Port Adelaide Power,Sydney Swans,Sydney Swans,Port Adelaide Power,Player Goals,Logan McDonald,3.5,14,Bet365
Port Adelaide Power v Sydney Swans,Port Adelaide Power,Sydney Swans,Sydney Swans,Port Adelaide Power,Player Goals,Logan McDonald,4.5,45,Bet365
Port Adelaide Power v Sydney Swans,Port Adelaide Power,Sydney Swans,Port Adelaide Power,Sydney Swans,Player Goals,Charlie Dixon,0.5,1.3,Bet365
Port Adelaide Power v Sydney Swans,Port Adelaide Power,Sydney Swans,Port Adelaide Power,Sydney Swans,Player Goals,Charlie Dixon,1.5,2.4,Bet365
Port Adelaide Power v Sydney Swans,Port Adelaide Power,Sydney Swans,Port Adelaide Power,Sydney Swans,Player Goals,Charlie Dixon,2.5,6,Bet365
Port Adelaide Power v Sydney Swans,Port Adelaide Power,Sydney Swans,Port Adelaide Power,Sydney Swans,Player Goals,Charlie Dixon,3.5,18,Bet365
Port Adelaide Power v Sydney Swans,Port Adelaide Power,Sydney Swans,Port Adelaide Power,Sydney Swans,Player Goals,Charlie Dixon,4.5,70,Bet365
Port Adelaide Power v Sydney Swans,Port Adelaide Power,Sydney Swans,Sydney Swans,Port Adelaide Power,Player Goals,Joel Amartey,0.5,1.3,Bet365
Port Adelaide Power v Sydney Swans,Port Adelaide Power,Sydney Swans,Sydney Swans,Port Adelaide Power,Player Goals,Joel Amartey,1.5,2.4,Bet365
Port Adelaide Power v Sydney Swans,Port Adelaide Power,Sydney Swans,Sydney Swans,Port Adelaide Power,Player Goals,Joel Amartey,2.5,6,Bet365
Port Adelaide Power v Sydney Swans,Port Adelaide Power,Sydney Swans,Sydney Swans,Port Adelaide Power,Player Goals,Joel Amartey,3.5,18,Bet365
Port Adelaide Power v Sydney Swans,Port Adelaide Power,Sydney Swans,Sydney Swans,Port Adelaide Power,Player Goals,Joel Amartey,4.5,65,Bet365
Port Adelaide Power v Sydney Swans,Port Adelaide Power,Sydney Swans,Port Adelaide Power,Sydney Swans,Player Goals,Willie Rioli,0.5,1.3,Bet365
Port Adelaide Power v Sydney Swans,Port Adelaide Power,Sydney Swans,Port Adelaide Power,Sydney Swans,Player Goals,Willie Rioli,1.5,2.4,Bet365
Port Adelaide Power v Sydney Swans,Port Adelaide Power,Sydney Swans,Port Adelaide Power,Sydney Swans,Player Goals,Willie Rioli,2.5,6,Bet365
Port Adelaide Power v Sydney Swans,Port Adelaide Power,Sydney Swans,Port Adelaide Power,Sydney Swans,Player Goals,Willie Rioli,3.5,18,Bet365
Port Adelaide Power v Sydney Swans,Port Adelaide Power,Sydney Swans,Port Adelaide Power,Sydney Swans,Player Goals,Willie Rioli,4.5,70,Bet365
Port Adelaide Power v Sydney Swans,Port Adelaide Power,Sydney Swans,Sydney Swans,Port Adelaide Power,Player Goals,Chad Warner,0.5,1.36,Bet365
Port Adelaide Power v Sydney Swans,Port Adelaide Power,Sydney Swans,Sydney Swans,Port Adelaide Power,Player Goals,Chad Warner,1.5,2.65,Bet365
Port Adelaide Power v Sydney Swans,Port Adelaide Power,Sydney Swans,Sydney Swans,Port Adelaide Power,Player Goals,Chad Warner,2.5,7,Bet365
Port Adelaide Power v Sydney Swans,Port Adelaide Power,Sydney Swans,Sydney Swans,Port Adelaide Power,Player Goals,Chad Warner,3.5,22,Bet365
Port Adelaide Power v Sydney Swans,Port Adelaide Power,Sydney Swans,Sydney Swans,Port Adelaide Power,Player Goals,Chad Warner,4.5,90,Bet365
Port Adelaide Power v Sydney Swans,Port Adelaide Power,Sydney Swans,Port Adelaide Power,Sydney Swans,Player Goals,Esava Ratugolea,0.5,1.36,Bet365
Port Adelaide Power v Sydney Swans,Port Adelaide Power,Sydney Swans,Port Adelaide Power,Sydney Swans,Player Goals,Esava Ratugolea,1.5,2.7,Bet365
Port Adelaide Power v Sydney Swans,Port Adelaide Power,Sydney Swans,Port Adelaide Power,Sydney Swans,Player Goals,Esava Ratugolea,2.5,7,Bet365
Port Adelaide Power v Sydney Swans,Port Adelaide Power,Sydney Swans,Port Adelaide Power,Sydney Swans,Player Goals,Esava Ratugolea,3.5,22,Bet365
Port Adelaide Power v Sydney Swans,Port Adelaide Power,Sydney Swans,Port Adelaide Power,Sydney Swans,Player Goals,Esava Ratugolea,4.5,90,Bet365
Port Adelaide Power v Sydney Swans,Port Adelaide Power,Sydney Swans,Sydney Swans,Port Adelaide Power,Player Goals,Hayden McLean,0.5,1.36,Bet365
Port Adelaide Power v Sydney Swans,Port Adelaide Power,Sydney Swans,Sydney Swans,Port Adelaide Power,Player Goals,Hayden McLean,1.5,2.65,Bet365
Port Adelaide Power v Sydney Swans,Port Adelaide Power,Sydney Swans,Sydney Swans,Port Adelaide Power,Player Goals,Hayden McLean,2.5,7,Bet365
Port Adelaide Power v Sydney Swans,Port Adelaide Power,Sydney Swans,Sydney Swans,Port Adelaide Power,Player Goals,Hayden McLean,3.5,22,Bet365
Port Adelaide Power v Sydney Swans,Port Adelaide Power,Sydney Swans,Sydney Swans,Port Adelaide Power,Player Goals,Hayden McLean,4.5,90,Bet365
Port Adelaide Power v Sydney Swans,Port Adelaide Power,Sydney Swans,Port Adelaide Power,Sydney Swans,Player Goals,Jason Horne-Francis,0.5,1.36,Bet365
Port Adelaide Power v Sydney Swans,Port Adelaide Power,Sydney Swans,Port Adelaide Power,Sydney Swans,Player Goals,Jason Horne-Francis,1.5,2.7,Bet365
Port Adelaide Power v Sydney Swans,Port Adelaide Power,Sydney Swans,Port Adelaide Power,Sydney Swans,Player Goals,Jason Horne-Francis,2.5,7,Bet365
Port Adelaide Power v Sydney Swans,Port Adelaide Power,Sydney Swans,Port Adelaide Power,Sydney Swans,Player Goals,Jason Horne-Francis,3.5,22,Bet365
Port Adelaide Power v Sydney Swans,Port Adelaide Power,Sydney Swans,Port Adelaide Power,Sydney Swans,Player Goals,Jason Horne-Francis,4.5,90,Bet365
Port Adelaide Power v Sydney Swans,Port Adelaide Power,Sydney Swans,Sydney Swans,Port Adelaide Power,Player Goals,Will Hayward,0.5,1.36,Bet365
Port Adelaide Power v Sydney Swans,Port Adelaide Power,Sydney Swans,Sydney Swans,Port Adelaide Power,Player Goals,Will Hayward,1.5,2.65,Bet365
Port Adelaide Power v Sydney Swans,Port Adelaide Power,Sydney Swans,Sydney Swans,Port Adelaide Power,Player Goals,Will Hayward,2.5,7,Bet365
Port Adelaide Power v Sydney Swans,Port Adelaide Power,Sydney Swans,Sydney Swans,Port Adelaide Power,Player Goals,Will Hayward,3.5,22,Bet365
Port Adelaide Power v Sydney Swans,Port Adelaide Power,Sydney Swans,Sydney Swans,Port Adelaide Power,Player Goals,Will Hayward,4.5,90,Bet365
Port Adelaide Power v Sydney Swans,Port Adelaide Power,Sydney Swans,Port Adelaide Power,Sydney Swans,Player Goals,Darcy Byrne-Jones,0.5,1.44,Bet365
Port Adelaide Power v Sydney Swans,Port Adelaide Power,Sydney Swans,Port Adelaide Power,Sydney Swans,Player Goals,Darcy Byrne-Jones,1.5,3,Bet365
Port Adelaide Power v Sydney Swans,Port Adelaide Power,Sydney Swans,Port Adelaide Power,Sydney Swans,Player Goals,Darcy Byrne-Jones,2.5,8.5,Bet365
Port Adelaide Power v Sydney Swans,Port Adelaide Power,Sydney Swans,Port Adelaide Power,Sydney Swans,Player Goals,Darcy Byrne-Jones,3.5,28,Bet365
Port Adelaide Power v Sydney Swans,Port Adelaide Power,Sydney Swans,Port Adelaide Power,Sydney Swans,Player Goals,Darcy Byrne-Jones,4.5,125,Bet365
Port Adelaide Power v Sydney Swans,Port Adelaide Power,Sydney Swans,Sydney Swans,Port Adelaide Power,Player Goals,Isaac Heeney,0.5,1.44,Bet365
Port Adelaide Power v Sydney Swans,Port Adelaide Power,Sydney Swans,Sydney Swans,Port Adelaide Power,Player Goals,Isaac Heeney,1.5,3,Bet365
Port Adelaide Power v Sydney Swans,Port Adelaide Power,Sydney Swans,Sydney Swans,Port Adelaide Power,Player Goals,Isaac Heeney,2.5,8.5,Bet365
Port Adelaide Power v Sydney Swans,Port Adelaide Power,Sydney Swans,Sydney Swans,Port Adelaide Power,Player Goals,Isaac Heeney,3.5,28,Bet365
Port Adelaide Power v Sydney Swans,Port Adelaide Power,Sydney Swans,Sydney Swans,Port Adelaide Power,Player Goals,Isaac Heeney,4.5,125,Bet365
Port Adelaide Power v Sydney Swans,Port Adelaide Power,Sydney Swans,Sydney Swans,Port Adelaide Power,Player Goals,Errol Gulden,0.5,1.6,Bet365
Port Adelaide Power v Sydney Swans,Port Adelaide Power,Sydney Swans,Sydney Swans,Port Adelaide Power,Player Goals,Errol Gulden,1.5,3.7,Bet365
Port Adelaide Power v Sydney Swans,Port Adelaide Power,Sydney Swans,Sydney Swans,Port Adelaide Power,Player Goals,Errol Gulden,2.5,12,Bet365
Port Adelaide Power v Sydney Swans,Port Adelaide Power,Sydney Swans,Sydney Swans,Port Adelaide Power,Player Goals,Errol Gulden,3.5,45,Bet365
Port Adelaide Power v Sydney Swans,Port Adelaide Power,Sydney Swans,Port Adelaide Power,Sydney Swans,Player Goals,Connor Rozee,0.5,1.65,Bet365
Port Adelaide Power v Sydney Swans,Port Adelaide Power,Sydney Swans,Port Adelaide Power,Sydney Swans,Player Goals,Connor Rozee,1.5,4,Bet365
Port Adelaide Power v Sydney Swans,Port Adelaide Power,Sydney Swans,Port Adelaide Power,Sydney Swans,Player Goals,Connor Rozee,2.5,13,Bet365
Port Adelaide Power v Sydney Swans,Port Adelaide Power,Sydney Swans,Port Adelaide Power,Sydney Swans,Player Goals,Connor Rozee,3.5,55,Bet365
Port Adelaide Power v Sydney Swans,Port Adelaide Power,Sydney Swans,Port Adelaide Power,Sydney Swans,Player Goals,Quinton Narkle,0.5,1.65,Bet365
Port Adelaide Power v Sydney Swans,Port Adelaide Power,Sydney Swans,Port Adelaide Power,Sydney Swans,Player Goals,Quinton Narkle,1.5,4,Bet365
Port Adelaide Power v Sydney Swans,Port Adelaide Power,Sydney Swans,Port Adelaide Power,Sydney Swans,Player Goals,Quinton Narkle,2.5,13,Bet365
Port Adelaide Power v Sydney Swans,Port Adelaide Power,Sydney Swans,Port Adelaide Power,Sydney Swans,Player Goals,Quinton Narkle,3.5,55,Bet365
Port Adelaide Power v Sydney Swans,Port Adelaide Power,Sydney Swans,Sydney Swans,Port Adelaide Power,Player Goals,Corey Warner,0.5,1.95,Bet365
Port Adelaide Power v Sydney Swans,Port Adelaide Power,Sydney Swans,Sydney Swans,Port Adelaide Power,Player Goals,Corey Warner,1.5,5.5,Bet365
Port Adelaide Power v Sydney Swans,Port Adelaide Power,Sydney Swans,Sydney Swans,Port Adelaide Power,Player Goals,Corey Warner,2.5,21,Bet365
Port Adelaide Power v Sydney Swans,Port Adelaide Power,Sydney Swans,Sydney Swans,Port Adelaide Power,Player Goals,Corey Warner,3.5,100,Bet365
Port Adelaide Power v Sydney Swans,Port Adelaide Power,Sydney Swans,Sydney Swans,Port Adelaide Power,Player Goals,Luke Parker,0.5,1.95,Bet365
Port Adelaide Power v Sydney Swans,Port Adelaide Power,Sydney Swans,Sydney Swans,Port Adelaide Power,Player Goals,Luke Parker,1.5,5.5,Bet365
Port Adelaide Power v Sydney Swans,Port Adelaide Power,Sydney Swans,Sydney Swans,Port Adelaide Power,Player Goals,Luke Parker,2.5,21,Bet365
Port Adelaide Power v Sydney Swans,Port Adelaide Power,Sydney Swans,Sydney Swans,Port Adelaide Power,Player Goals,Luke Parker,3.5,100,Bet365
Port Adelaide Power v Sydney Swans,Port Adelaide Power,Sydney Swans,Sydney Swans,Port Adelaide Power,Player Goals,Sam Wicks,0.5,1.95,Bet365
Port Adelaide Power v Sydney Swans,Port Adelaide Power,Sydney Swans,Sydney Swans,Port Adelaide Power,Player Goals,Sam Wicks,1.5,5.5,Bet365
Port Adelaide Power v Sydney Swans,Port Adelaide Power,Sydney Swans,Sydney Swans,Port Adelaide Power,Player Goals,Sam Wicks,2.5,21,Bet365
Port Adelaide Power v Sydney Swans,Port Adelaide Power,Sydney Swans,Sydney Swans,Port Adelaide Power,Player Goals,Sam Wicks,3.5,100,Bet365
Port Adelaide Power v Sydney Swans,Port Adelaide Power,Sydney Swans,Sydney Swans,Port Adelaide Power,Player Goals,Callum Mills,0.5,2.05,Bet365
Port Adelaide Power v Sydney Swans,Port Adelaide Power,Sydney Swans,Sydney Swans,Port Adelaide Power,Player Goals,Callum Mills,1.5,6.5,Bet365
Port Adelaide Power v Sydney Swans,Port Adelaide Power,Sydney Swans,Sydney Swans,Port Adelaide Power,Player Goals,Callum Mills,2.5,26,Bet365
Port Adelaide Power v Sydney Swans,Port Adelaide Power,Sydney Swans,Sydney Swans,Port Adelaide Power,Player Goals,Callum Mills,3.5,150,Bet365
Port Adelaide Power v Sydney Swans,Port Adelaide Power,Sydney Swans,Port Adelaide Power,Sydney Swans,Player Goals,Francis Evans,0.5,2.1,Bet365
Port Adelaide Power v Sydney Swans,Port Adelaide Power,Sydney Swans,Port Adelaide Power,Sydney Swans,Player Goals,Francis Evans,1.5,7.5,Bet365
Port Adelaide Power v Sydney Swans,Port Adelaide Power,Sydney Swans,Port Adelaide Power,Sydney Swans,Player Goals,Francis Evans,2.5,29,Bet365
Port Adelaide Power v Sydney Swans,Port Adelaide Power,Sydney Swans,Port Adelaide Power,Sydney Swans,Player Goals,Jackson Mead,0.5,2.1,Bet365
Port Adelaide Power v Sydney Swans,Port Adelaide Power,Sydney Swans,Port Adelaide Power,Sydney Swans,Player Goals,Jackson Mead,1.5,7.5,Bet365
Port Adelaide Power v Sydney Swans,Port Adelaide Power,Sydney Swans,Port Adelaide Power,Sydney Swans,Player Goals,Jackson Mead,2.5,29,Bet365
Port Adelaide Power v Sydney Swans,Port Adelaide Power,Sydney Swans,Port Adelaide Power,Sydney Swans,Player Goals,Zak Butters,0.5,2.2,Bet365
Port Adelaide Power v Sydney Swans,Port Adelaide Power,Sydney Swans,Port Adelaide Power,Sydney Swans,Player Goals,Zak Butters,1.5,9,Bet365
Port Adelaide Power v Sydney Swans,Port Adelaide Power,Sydney Swans,Port Adelaide Power,Sydney Swans,Player Goals,Zak Butters,2.5,41,Bet365
Port Adelaide Power v Sydney Swans,Port Adelaide Power,Sydney Swans,Sydney Swans,Port Adelaide Power,Player Goals,Taylor Adams,0.5,2.3,Bet365
Port Adelaide Power v Sydney Swans,Port Adelaide Power,Sydney Swans,Sydney Swans,Port Adelaide Power,Player Goals,Taylor Adams,1.5,11,Bet365
Port Adelaide Power v Sydney Swans,Port Adelaide Power,Sydney Swans,Sydney Swans,Port Adelaide Power,Player Goals,Taylor Adams,2.5,51,Bet365
Port Adelaide Power v Sydney Swans,Port Adelaide Power,Sydney Swans,Sydney Swans,Port Adelaide Power,Player Goals,James Jordon,0.5,2.4,Bet365
Port Adelaide Power v Sydney Swans,Port Adelaide Power,Sydney Swans,Sydney Swans,Port Adelaide Power,Player Goals,James Jordon,1.5,12,Bet365
Port Adelaide Power v Sydney Swans,Port Adelaide Power,Sydney Swans,Sydney Swans,Port Adelaide Power,Player Goals,James Jordon,2.5,67,Bet365
Port Adelaide Power v Sydney Swans,Port Adelaide Power,Sydney Swans,Sydney Swans,Port Adelaide Power,Player Goals,Robbie Fox,0.5,2.4,Bet365
Port Adelaide Power v Sydney Swans,Port Adelaide Power,Sydney Swans,Sydney Swans,Port Adelaide Power,Player Goals,Robbie Fox,1.5,12,Bet365
Port Adelaide Power v Sydney Swans,Port Adelaide Power,Sydney Swans,Sydney Swans,Port Adelaide Power,Player Goals,Robbie Fox,2.5,67,Bet365
Port Adelaide Power v Sydney Swans,Port Adelaide Power,Sydney Swans,Port Adelaide Power,Sydney Swans,Player Goals,Travis Boak,0.5,2.55,Bet365
Port Adelaide Power v Sydney Swans,Port Adelaide Power,Sydney Swans,Port Adelaide Power,Sydney Swans,Player Goals,Travis Boak,1.5,15,Bet365
Port Adelaide Power v Sydney Swans,Port Adelaide Power,Sydney Swans,Port Adelaide Power,Sydney Swans,Player Goals,Travis Boak,2.5,81,Bet365
Port Adelaide Power v Sydney Swans,Port Adelaide Power,Sydney Swans,Sydney Swans,Port Adelaide Power,Player Goals,Braeden Campbell,0.5,3,Bet365
Port Adelaide Power v Sydney Swans,Port Adelaide Power,Sydney Swans,Sydney Swans,Port Adelaide Power,Player Goals,Braeden Campbell,1.5,23,Bet365
Port Adelaide Power v Sydney Swans,Port Adelaide Power,Sydney Swans,NA,NA,Player Goals,Jordan Sweet,0.5,3,Bet365
Port Adelaide Power v Sydney Swans,Port Adelaide Power,Sydney Swans,NA,NA,Player Goals,Jordan Sweet,1.5,23,Bet365
Port Adelaide Power v Sydney Swans,Port Adelaide Power,Sydney Swans,Port Adelaide Power,Sydney Swans,Player Goals,Kane Farrell,0.5,3,Bet365
Port Adelaide Power v Sydney Swans,Port Adelaide Power,Sydney Swans,Port Adelaide Power,Sydney Swans,Player Goals,Kane Farrell,1.5,23,Bet365
Port Adelaide Power v Sydney Swans,Port Adelaide Power,Sydney Swans,Port Adelaide Power,Sydney Swans,Player Goals,Ollie Wines,0.5,3,Bet365
Port Adelaide Power v Sydney Swans,Port Adelaide Power,Sydney Swans,Port Adelaide Power,Sydney Swans,Player Goals,Ollie Wines,1.5,23,Bet365
Port Adelaide Power v Sydney Swans,Port Adelaide Power,Sydney Swans,Sydney Swans,Port Adelaide Power,Player Goals,Brodie Grundy,0.5,3.1,Bet365
Port Adelaide Power v Sydney Swans,Port Adelaide Power,Sydney Swans,Sydney Swans,Port Adelaide Power,Player Goals,Brodie Grundy,1.5,26,Bet365
Port Adelaide Power v Sydney Swans,Port Adelaide Power,Sydney Swans,Port Adelaide Power,Sydney Swans,Player Goals,Willem Drew,0.5,3.2,Bet365
Port Adelaide Power v Sydney Swans,Port Adelaide Power,Sydney Swans,Port Adelaide Power,Sydney Swans,Player Goals,Willem Drew,1.5,29,Bet365
Port Adelaide Power v Sydney Swans,Port Adelaide Power,Sydney Swans,Port Adelaide Power,Sydney Swans,Player Goals,Dan Houston,0.5,3.3,Bet365
Port Adelaide Power v Sydney Swans,Port Adelaide Power,Sydney Swans,Port Adelaide Power,Sydney Swans,Player Goals,Dan Houston,1.5,29,Bet365
Port Adelaide Power v Sydney Swans,Port Adelaide Power,Sydney Swans,Sydney Swans,Port Adelaide Power,Player Goals,Jake Lloyd,0.5,3.3,Bet365
Port Adelaide Power v Sydney Swans,Port Adelaide Power,Sydney Swans,Sydney Swans,Port Adelaide Power,Player Goals,Jake Lloyd,1.5,29,Bet365
Port Adelaide Power v Sydney Swans,Port Adelaide Power,Sydney Swans,Port Adelaide Power,Sydney Swans,Player Goals,Lachie Jones,0.5,3.3,Bet365
Port Adelaide Power v Sydney Swans,Port Adelaide Power,Sydney Swans,Port Adelaide Power,Sydney Swans,Player Goals,Lachie Jones,1.5,29,Bet365
Port Adelaide Power v Sydney Swans,Port Adelaide Power,Sydney Swans,NA,NA,Player Goals,Logan Evans,0.5,3.3,Bet365
Port Adelaide Power v Sydney Swans,Port Adelaide Power,Sydney Swans,NA,NA,Player Goals,Logan Evans,1.5,29,Bet365
Port Adelaide Power v Sydney Swans,Port Adelaide Power,Sydney Swans,Sydney Swans,Port Adelaide Power,Player Goals,Oliver Florent,0.5,3.3,Bet365
Port Adelaide Power v Sydney Swans,Port Adelaide Power,Sydney Swans,Sydney Swans,Port Adelaide Power,Player Goals,Oliver Florent,1.5,29,Bet365
Port Adelaide Power v Sydney Swans,Port Adelaide Power,Sydney Swans,Sydney Swans,Port Adelaide Power,Player Goals,James Rowbottom,0.5,3.5,Bet365
Port Adelaide Power v Sydney Swans,Port Adelaide Power,Sydney Swans,Sydney Swans,Port Adelaide Power,Player Goals,James Rowbottom,1.5,34,Bet365
Port Adelaide Power v Sydney Swans,Port Adelaide Power,Sydney Swans,Sydney Swans,Port Adelaide Power,Player Goals,Matt Roberts,0.5,3.75,Bet365
Port Adelaide Power v Sydney Swans,Port Adelaide Power,Sydney Swans,Sydney Swans,Port Adelaide Power,Player Goals,Matt Roberts,1.5,41,Bet365
Port Adelaide Power v Sydney Swans,Port Adelaide Power,Sydney Swans,Port Adelaide Power,Sydney Swans,Player Goals,Aliir Aliir,0.5,3.9,Bet365
Port Adelaide Power v Sydney Swans,Port Adelaide Power,Sydney Swans,Port Adelaide Power,Sydney Swans,Player Goals,Aliir Aliir,1.5,51,Bet365
Port Adelaide Power v Sydney Swans,Port Adelaide Power,Sydney Swans,Port Adelaide Power,Sydney Swans,Player Goals,Brandon Zerk-Thatcher,0.5,3.9,Bet365
Port Adelaide Power v Sydney Swans,Port Adelaide Power,Sydney Swans,Port Adelaide Power,Sydney Swans,Player Goals,Brandon Zerk-Thatcher,1.5,51,Bet365
Port Adelaide Power v Sydney Swans,Port Adelaide Power,Sydney Swans,Port Adelaide Power,Sydney Swans,Player Goals,Jase Burgoyne,0.5,3.9,Bet365
Port Adelaide Power v Sydney Swans,Port Adelaide Power,Sydney Swans,Port Adelaide Power,Sydney Swans,Player Goals,Jase Burgoyne,1.5,51,Bet365
Port Adelaide Power v Sydney Swans,Port Adelaide Power,Sydney Swans,Port Adelaide Power,Sydney Swans,Player Goals,Miles Bergman,0.5,3.9,Bet365
Port Adelaide Power v Sydney Swans,Port Adelaide Power,Sydney Swans,Port Adelaide Power,Sydney Swans,Player Goals,Miles Bergman,1.5,51,Bet365
Port Adelaide Power v Sydney Swans,Port Adelaide Power,Sydney Swans,Sydney Swans,Port Adelaide Power,Player Goals,Nick Blakey,0.5,3.9,Bet365
Port Adelaide Power v Sydney Swans,Port Adelaide Power,Sydney Swans,Sydney Swans,Port Adelaide Power,Player Goals,Nick Blakey,1.5,51,Bet365
Port Adelaide Power v Sydney Swans,Port Adelaide Power,Sydney Swans,Sydney Swans,Port Adelaide Power,Player Goals,Harry Cunningham,0.5,4,Bet365
Port Adelaide Power v Sydney Swans,Port Adelaide Power,Sydney Swans,Sydney Swans,Port Adelaide Power,Player Goals,Harry Cunningham,1.5,51,Bet365
Port Adelaide Power v Sydney Swans,Port Adelaide Power,Sydney Swans,Sydney Swans,Port Adelaide Power,Player Goals,Tom McCartin,0.5,4,Bet365
Port Adelaide Power v Sydney Swans,Port Adelaide Power,Sydney Swans,Sydney Swans,Port Adelaide Power,Player Goals,Tom McCartin,1.5,51,Bet365
GWS Giants v Hawthorn Hawks,GWS Giants,Hawthorn Hawks,GWS Giants,Hawthorn Hawks,Player Goals,Jesse Hogan,0.5,1.04,Bet365
GWS Giants v Hawthorn Hawks,GWS Giants,Hawthorn Hawks,GWS Giants,Hawthorn Hawks,Player Goals,Jesse Hogan,1.5,1.3,Bet365
GWS Giants v Hawthorn Hawks,GWS Giants,Hawthorn Hawks,GWS Giants,Hawthorn Hawks,Player Goals,Jesse Hogan,2.5,1.95,Bet365
GWS Giants v Hawthorn Hawks,GWS Giants,Hawthorn Hawks,GWS Giants,Hawthorn Hawks,Player Goals,Jesse Hogan,3.5,3.5,Bet365
GWS Giants v Hawthorn Hawks,GWS Giants,Hawthorn Hawks,GWS Giants,Hawthorn Hawks,Player Goals,Jesse Hogan,4.5,7.5,Bet365
GWS Giants v Hawthorn Hawks,GWS Giants,Hawthorn Hawks,GWS Giants,Hawthorn Hawks,Player Goals,Jesse Hogan,5.5,18,Bet365
GWS Giants v Hawthorn Hawks,GWS Giants,Hawthorn Hawks,GWS Giants,Hawthorn Hawks,Player Goals,Toby Greene,0.5,1.06,Bet365
GWS Giants v Hawthorn Hawks,GWS Giants,Hawthorn Hawks,GWS Giants,Hawthorn Hawks,Player Goals,Toby Greene,1.5,1.42,Bet365
GWS Giants v Hawthorn Hawks,GWS Giants,Hawthorn Hawks,GWS Giants,Hawthorn Hawks,Player Goals,Toby Greene,2.5,2.33,Bet365
GWS Giants v Hawthorn Hawks,GWS Giants,Hawthorn Hawks,GWS Giants,Hawthorn Hawks,Player Goals,Toby Greene,3.5,4.5,Bet365
GWS Giants v Hawthorn Hawks,GWS Giants,Hawthorn Hawks,GWS Giants,Hawthorn Hawks,Player Goals,Toby Greene,4.5,11,Bet365
GWS Giants v Hawthorn Hawks,GWS Giants,Hawthorn Hawks,GWS Giants,Hawthorn Hawks,Player Goals,Toby Greene,5.5,28,Bet365
GWS Giants v Hawthorn Hawks,GWS Giants,Hawthorn Hawks,Hawthorn Hawks,GWS Giants,Player Goals,Mabior Chol,0.5,1.14,Bet365
GWS Giants v Hawthorn Hawks,GWS Giants,Hawthorn Hawks,Hawthorn Hawks,GWS Giants,Player Goals,Mabior Chol,1.5,1.75,Bet365
GWS Giants v Hawthorn Hawks,GWS Giants,Hawthorn Hawks,Hawthorn Hawks,GWS Giants,Player Goals,Mabior Chol,2.5,3.5,Bet365
GWS Giants v Hawthorn Hawks,GWS Giants,Hawthorn Hawks,Hawthorn Hawks,GWS Giants,Player Goals,Mabior Chol,3.5,8.5,Bet365
GWS Giants v Hawthorn Hawks,GWS Giants,Hawthorn Hawks,Hawthorn Hawks,GWS Giants,Player Goals,Mabior Chol,4.5,22,Bet365
GWS Giants v Hawthorn Hawks,GWS Giants,Hawthorn Hawks,Hawthorn Hawks,GWS Giants,Player Goals,Mabior Chol,5.5,80,Bet365
GWS Giants v Hawthorn Hawks,GWS Giants,Hawthorn Hawks,Hawthorn Hawks,GWS Giants,Player Goals,Dylan Moore,0.5,1.18,Bet365
GWS Giants v Hawthorn Hawks,GWS Giants,Hawthorn Hawks,Hawthorn Hawks,GWS Giants,Player Goals,Dylan Moore,1.5,1.95,Bet365
GWS Giants v Hawthorn Hawks,GWS Giants,Hawthorn Hawks,Hawthorn Hawks,GWS Giants,Player Goals,Dylan Moore,2.5,4.25,Bet365
GWS Giants v Hawthorn Hawks,GWS Giants,Hawthorn Hawks,Hawthorn Hawks,GWS Giants,Player Goals,Dylan Moore,3.5,11,Bet365
GWS Giants v Hawthorn Hawks,GWS Giants,Hawthorn Hawks,Hawthorn Hawks,GWS Giants,Player Goals,Dylan Moore,4.5,35,Bet365
GWS Giants v Hawthorn Hawks,GWS Giants,Hawthorn Hawks,Hawthorn Hawks,GWS Giants,Player Goals,Dylan Moore,5.5,125,Bet365
GWS Giants v Hawthorn Hawks,GWS Giants,Hawthorn Hawks,Hawthorn Hawks,GWS Giants,Player Goals,Luke Breust,0.5,1.28,Bet365
GWS Giants v Hawthorn Hawks,GWS Giants,Hawthorn Hawks,Hawthorn Hawks,GWS Giants,Player Goals,Luke Breust,1.5,2.4,Bet365
GWS Giants v Hawthorn Hawks,GWS Giants,Hawthorn Hawks,Hawthorn Hawks,GWS Giants,Player Goals,Luke Breust,2.5,6,Bet365
GWS Giants v Hawthorn Hawks,GWS Giants,Hawthorn Hawks,Hawthorn Hawks,GWS Giants,Player Goals,Luke Breust,3.5,18,Bet365
GWS Giants v Hawthorn Hawks,GWS Giants,Hawthorn Hawks,Hawthorn Hawks,GWS Giants,Player Goals,Luke Breust,4.5,65,Bet365
GWS Giants v Hawthorn Hawks,GWS Giants,Hawthorn Hawks,Hawthorn Hawks,GWS Giants,Player Goals,Nick Watson,0.5,1.35,Bet365
GWS Giants v Hawthorn Hawks,GWS Giants,Hawthorn Hawks,Hawthorn Hawks,GWS Giants,Player Goals,Nick Watson,1.5,2.65,Bet365
GWS Giants v Hawthorn Hawks,GWS Giants,Hawthorn Hawks,Hawthorn Hawks,GWS Giants,Player Goals,Nick Watson,2.5,7,Bet365
GWS Giants v Hawthorn Hawks,GWS Giants,Hawthorn Hawks,Hawthorn Hawks,GWS Giants,Player Goals,Nick Watson,3.5,22,Bet365
GWS Giants v Hawthorn Hawks,GWS Giants,Hawthorn Hawks,Hawthorn Hawks,GWS Giants,Player Goals,Nick Watson,4.5,90,Bet365
GWS Giants v Hawthorn Hawks,GWS Giants,Hawthorn Hawks,GWS Giants,Hawthorn Hawks,Player Goals,Brent Daniels,0.5,1.4,Bet365
GWS Giants v Hawthorn Hawks,GWS Giants,Hawthorn Hawks,GWS Giants,Hawthorn Hawks,Player Goals,Brent Daniels,1.5,2.8,Bet365
GWS Giants v Hawthorn Hawks,GWS Giants,Hawthorn Hawks,GWS Giants,Hawthorn Hawks,Player Goals,Brent Daniels,2.5,7.5,Bet365
GWS Giants v Hawthorn Hawks,GWS Giants,Hawthorn Hawks,GWS Giants,Hawthorn Hawks,Player Goals,Brent Daniels,3.5,25,Bet365
GWS Giants v Hawthorn Hawks,GWS Giants,Hawthorn Hawks,GWS Giants,Hawthorn Hawks,Player Goals,Brent Daniels,4.5,100,Bet365
GWS Giants v Hawthorn Hawks,GWS Giants,Hawthorn Hawks,NA,NA,Player Goals,Connor MacDonald,0.5,1.42,Bet365
GWS Giants v Hawthorn Hawks,GWS Giants,Hawthorn Hawks,NA,NA,Player Goals,Connor MacDonald,1.5,2.9,Bet365
GWS Giants v Hawthorn Hawks,GWS Giants,Hawthorn Hawks,NA,NA,Player Goals,Connor MacDonald,2.5,8,Bet365
GWS Giants v Hawthorn Hawks,GWS Giants,Hawthorn Hawks,NA,NA,Player Goals,Connor MacDonald,3.5,28,Bet365
GWS Giants v Hawthorn Hawks,GWS Giants,Hawthorn Hawks,NA,NA,Player Goals,Connor MacDonald,4.5,100,Bet365
GWS Giants v Hawthorn Hawks,GWS Giants,Hawthorn Hawks,Hawthorn Hawks,GWS Giants,Player Goals,Jack Ginnivan,0.5,1.42,Bet365
GWS Giants v Hawthorn Hawks,GWS Giants,Hawthorn Hawks,Hawthorn Hawks,GWS Giants,Player Goals,Jack Ginnivan,1.5,2.9,Bet365
GWS Giants v Hawthorn Hawks,GWS Giants,Hawthorn Hawks,Hawthorn Hawks,GWS Giants,Player Goals,Jack Ginnivan,2.5,8,Bet365
GWS Giants v Hawthorn Hawks,GWS Giants,Hawthorn Hawks,Hawthorn Hawks,GWS Giants,Player Goals,Jack Ginnivan,3.5,28,Bet365
GWS Giants v Hawthorn Hawks,GWS Giants,Hawthorn Hawks,Hawthorn Hawks,GWS Giants,Player Goals,Jack Ginnivan,4.5,100,Bet365
GWS Giants v Hawthorn Hawks,GWS Giants,Hawthorn Hawks,GWS Giants,Hawthorn Hawks,Player Goals,Callan Ward,0.5,1.45,Bet365
GWS Giants v Hawthorn Hawks,GWS Giants,Hawthorn Hawks,GWS Giants,Hawthorn Hawks,Player Goals,Callan Ward,1.5,3.1,Bet365
GWS Giants v Hawthorn Hawks,GWS Giants,Hawthorn Hawks,GWS Giants,Hawthorn Hawks,Player Goals,Callan Ward,2.5,9,Bet365
GWS Giants v Hawthorn Hawks,GWS Giants,Hawthorn Hawks,GWS Giants,Hawthorn Hawks,Player Goals,Callan Ward,3.5,30,Bet365
GWS Giants v Hawthorn Hawks,GWS Giants,Hawthorn Hawks,GWS Giants,Hawthorn Hawks,Player Goals,Callan Ward,4.5,125,Bet365
GWS Giants v Hawthorn Hawks,GWS Giants,Hawthorn Hawks,GWS Giants,Hawthorn Hawks,Player Goals,Jake Riccardi,0.5,1.45,Bet365
GWS Giants v Hawthorn Hawks,GWS Giants,Hawthorn Hawks,GWS Giants,Hawthorn Hawks,Player Goals,Jake Riccardi,1.5,3.1,Bet365
GWS Giants v Hawthorn Hawks,GWS Giants,Hawthorn Hawks,GWS Giants,Hawthorn Hawks,Player Goals,Jake Riccardi,2.5,9,Bet365
GWS Giants v Hawthorn Hawks,GWS Giants,Hawthorn Hawks,GWS Giants,Hawthorn Hawks,Player Goals,Jake Riccardi,3.5,30,Bet365
GWS Giants v Hawthorn Hawks,GWS Giants,Hawthorn Hawks,GWS Giants,Hawthorn Hawks,Player Goals,Jake Riccardi,4.5,125,Bet365
GWS Giants v Hawthorn Hawks,GWS Giants,Hawthorn Hawks,Hawthorn Hawks,GWS Giants,Player Goals,Calsher Dear,0.5,1.5,Bet365
GWS Giants v Hawthorn Hawks,GWS Giants,Hawthorn Hawks,Hawthorn Hawks,GWS Giants,Player Goals,Calsher Dear,1.5,3.2,Bet365
GWS Giants v Hawthorn Hawks,GWS Giants,Hawthorn Hawks,Hawthorn Hawks,GWS Giants,Player Goals,Calsher Dear,2.5,9.5,Bet365
GWS Giants v Hawthorn Hawks,GWS Giants,Hawthorn Hawks,Hawthorn Hawks,GWS Giants,Player Goals,Calsher Dear,3.5,35,Bet365
GWS Giants v Hawthorn Hawks,GWS Giants,Hawthorn Hawks,Hawthorn Hawks,GWS Giants,Player Goals,Calsher Dear,4.5,150,Bet365
GWS Giants v Hawthorn Hawks,GWS Giants,Hawthorn Hawks,GWS Giants,Hawthorn Hawks,Player Goals,Aaron Cadman,0.5,1.6,Bet365
GWS Giants v Hawthorn Hawks,GWS Giants,Hawthorn Hawks,GWS Giants,Hawthorn Hawks,Player Goals,Aaron Cadman,1.5,3.7,Bet365
GWS Giants v Hawthorn Hawks,GWS Giants,Hawthorn Hawks,GWS Giants,Hawthorn Hawks,Player Goals,Aaron Cadman,2.5,12,Bet365
GWS Giants v Hawthorn Hawks,GWS Giants,Hawthorn Hawks,GWS Giants,Hawthorn Hawks,Player Goals,Aaron Cadman,3.5,45,Bet365
GWS Giants v Hawthorn Hawks,GWS Giants,Hawthorn Hawks,GWS Giants,Hawthorn Hawks,Player Goals,Darcy Jones,0.5,1.6,Bet365
GWS Giants v Hawthorn Hawks,GWS Giants,Hawthorn Hawks,GWS Giants,Hawthorn Hawks,Player Goals,Darcy Jones,1.5,3.7,Bet365
GWS Giants v Hawthorn Hawks,GWS Giants,Hawthorn Hawks,GWS Giants,Hawthorn Hawks,Player Goals,Darcy Jones,2.5,12,Bet365
GWS Giants v Hawthorn Hawks,GWS Giants,Hawthorn Hawks,GWS Giants,Hawthorn Hawks,Player Goals,Darcy Jones,3.5,45,Bet365
GWS Giants v Hawthorn Hawks,GWS Giants,Hawthorn Hawks,Hawthorn Hawks,GWS Giants,Player Goals,Blake Hardwick,0.5,2,Bet365
GWS Giants v Hawthorn Hawks,GWS Giants,Hawthorn Hawks,Hawthorn Hawks,GWS Giants,Player Goals,Blake Hardwick,1.5,5.5,Bet365
GWS Giants v Hawthorn Hawks,GWS Giants,Hawthorn Hawks,Hawthorn Hawks,GWS Giants,Player Goals,Blake Hardwick,2.5,21,Bet365
GWS Giants v Hawthorn Hawks,GWS Giants,Hawthorn Hawks,Hawthorn Hawks,GWS Giants,Player Goals,Blake Hardwick,3.5,100,Bet365
GWS Giants v Hawthorn Hawks,GWS Giants,Hawthorn Hawks,Hawthorn Hawks,GWS Giants,Player Goals,James Sicily,0.5,2,Bet365
GWS Giants v Hawthorn Hawks,GWS Giants,Hawthorn Hawks,Hawthorn Hawks,GWS Giants,Player Goals,James Sicily,1.5,5.5,Bet365
GWS Giants v Hawthorn Hawks,GWS Giants,Hawthorn Hawks,Hawthorn Hawks,GWS Giants,Player Goals,James Sicily,2.5,21,Bet365
GWS Giants v Hawthorn Hawks,GWS Giants,Hawthorn Hawks,Hawthorn Hawks,GWS Giants,Player Goals,James Sicily,3.5,100,Bet365
GWS Giants v Hawthorn Hawks,GWS Giants,Hawthorn Hawks,GWS Giants,Hawthorn Hawks,Player Goals,Harvey Thomas,0.5,2.15,Bet365
GWS Giants v Hawthorn Hawks,GWS Giants,Hawthorn Hawks,GWS Giants,Hawthorn Hawks,Player Goals,Harvey Thomas,1.5,8.5,Bet365
GWS Giants v Hawthorn Hawks,GWS Giants,Hawthorn Hawks,GWS Giants,Hawthorn Hawks,Player Goals,Harvey Thomas,2.5,34,Bet365
GWS Giants v Hawthorn Hawks,GWS Giants,Hawthorn Hawks,GWS Giants,Hawthorn Hawks,Player Goals,Xavier O'Halloran,0.5,2.15,Bet365
GWS Giants v Hawthorn Hawks,GWS Giants,Hawthorn Hawks,GWS Giants,Hawthorn Hawks,Player Goals,Xavier O'Halloran,1.5,8.5,Bet365
GWS Giants v Hawthorn Hawks,GWS Giants,Hawthorn Hawks,GWS Giants,Hawthorn Hawks,Player Goals,Xavier O'Halloran,2.5,34,Bet365
GWS Giants v Hawthorn Hawks,GWS Giants,Hawthorn Hawks,Hawthorn Hawks,GWS Giants,Player Goals,Jai Newcombe,0.5,2.2,Bet365
GWS Giants v Hawthorn Hawks,GWS Giants,Hawthorn Hawks,Hawthorn Hawks,GWS Giants,Player Goals,Jai Newcombe,1.5,9,Bet365
GWS Giants v Hawthorn Hawks,GWS Giants,Hawthorn Hawks,Hawthorn Hawks,GWS Giants,Player Goals,Jai Newcombe,2.5,41,Bet365
GWS Giants v Hawthorn Hawks,GWS Giants,Hawthorn Hawks,GWS Giants,Hawthorn Hawks,Player Goals,Toby Bedford,0.5,2.25,Bet365
GWS Giants v Hawthorn Hawks,GWS Giants,Hawthorn Hawks,GWS Giants,Hawthorn Hawks,Player Goals,Toby Bedford,1.5,9.5,Bet365
GWS Giants v Hawthorn Hawks,GWS Giants,Hawthorn Hawks,GWS Giants,Hawthorn Hawks,Player Goals,Toby Bedford,2.5,41,Bet365
GWS Giants v Hawthorn Hawks,GWS Giants,Hawthorn Hawks,GWS Giants,Hawthorn Hawks,Player Goals,Toby McMullin,0.5,2.25,Bet365
GWS Giants v Hawthorn Hawks,GWS Giants,Hawthorn Hawks,GWS Giants,Hawthorn Hawks,Player Goals,Toby McMullin,1.5,9.5,Bet365
GWS Giants v Hawthorn Hawks,GWS Giants,Hawthorn Hawks,GWS Giants,Hawthorn Hawks,Player Goals,Toby McMullin,2.5,41,Bet365
GWS Giants v Hawthorn Hawks,GWS Giants,Hawthorn Hawks,Hawthorn Hawks,GWS Giants,Player Goals,Finn Maginness,0.5,2.3,Bet365
GWS Giants v Hawthorn Hawks,GWS Giants,Hawthorn Hawks,Hawthorn Hawks,GWS Giants,Player Goals,Finn Maginness,1.5,10,Bet365
GWS Giants v Hawthorn Hawks,GWS Giants,Hawthorn Hawks,Hawthorn Hawks,GWS Giants,Player Goals,Finn Maginness,2.5,51,Bet365
GWS Giants v Hawthorn Hawks,GWS Giants,Hawthorn Hawks,Hawthorn Hawks,GWS Giants,Player Goals,Massimo D'Ambrosio,0.5,2.55,Bet365
GWS Giants v Hawthorn Hawks,GWS Giants,Hawthorn Hawks,Hawthorn Hawks,GWS Giants,Player Goals,Massimo D'Ambrosio,1.5,13,Bet365
GWS Giants v Hawthorn Hawks,GWS Giants,Hawthorn Hawks,Hawthorn Hawks,GWS Giants,Player Goals,Massimo D'Ambrosio,2.5,81,Bet365
GWS Giants v Hawthorn Hawks,GWS Giants,Hawthorn Hawks,GWS Giants,Hawthorn Hawks,Player Goals,James Peatling,0.5,2.7,Bet365
GWS Giants v Hawthorn Hawks,GWS Giants,Hawthorn Hawks,GWS Giants,Hawthorn Hawks,Player Goals,James Peatling,1.5,17,Bet365
GWS Giants v Hawthorn Hawks,GWS Giants,Hawthorn Hawks,GWS Giants,Hawthorn Hawks,Player Goals,James Peatling,2.5,101,Bet365
GWS Giants v Hawthorn Hawks,GWS Giants,Hawthorn Hawks,Hawthorn Hawks,GWS Giants,Player Goals,Lloyd Meek,0.5,2.9,Bet365
GWS Giants v Hawthorn Hawks,GWS Giants,Hawthorn Hawks,Hawthorn Hawks,GWS Giants,Player Goals,Lloyd Meek,1.5,21,Bet365
GWS Giants v Hawthorn Hawks,GWS Giants,Hawthorn Hawks,Hawthorn Hawks,GWS Giants,Player Goals,Will Day,0.5,2.9,Bet365
GWS Giants v Hawthorn Hawks,GWS Giants,Hawthorn Hawks,Hawthorn Hawks,GWS Giants,Player Goals,Will Day,1.5,21,Bet365
GWS Giants v Hawthorn Hawks,GWS Giants,Hawthorn Hawks,Hawthorn Hawks,GWS Giants,Player Goals,James Worpel,0.5,3,Bet365
GWS Giants v Hawthorn Hawks,GWS Giants,Hawthorn Hawks,Hawthorn Hawks,GWS Giants,Player Goals,James Worpel,1.5,23,Bet365
GWS Giants v Hawthorn Hawks,GWS Giants,Hawthorn Hawks,Hawthorn Hawks,GWS Giants,Player Goals,Jarman Impey,0.5,3,Bet365
GWS Giants v Hawthorn Hawks,GWS Giants,Hawthorn Hawks,Hawthorn Hawks,GWS Giants,Player Goals,Jarman Impey,1.5,23,Bet365
GWS Giants v Hawthorn Hawks,GWS Giants,Hawthorn Hawks,GWS Giants,Hawthorn Hawks,Player Goals,Kieren Briggs,0.5,3,Bet365
GWS Giants v Hawthorn Hawks,GWS Giants,Hawthorn Hawks,GWS Giants,Hawthorn Hawks,Player Goals,Kieren Briggs,1.5,23,Bet365
GWS Giants v Hawthorn Hawks,GWS Giants,Hawthorn Hawks,GWS Giants,Hawthorn Hawks,Player Goals,Tom Green,0.5,3.1,Bet365
GWS Giants v Hawthorn Hawks,GWS Giants,Hawthorn Hawks,GWS Giants,Hawthorn Hawks,Player Goals,Tom Green,1.5,26,Bet365
GWS Giants v Hawthorn Hawks,GWS Giants,Hawthorn Hawks,GWS Giants,Hawthorn Hawks,Player Goals,Finn Callaghan,0.5,3.25,Bet365
GWS Giants v Hawthorn Hawks,GWS Giants,Hawthorn Hawks,GWS Giants,Hawthorn Hawks,Player Goals,Finn Callaghan,1.5,29,Bet365
GWS Giants v Hawthorn Hawks,GWS Giants,Hawthorn Hawks,Hawthorn Hawks,GWS Giants,Player Goals,Josh Weddle,0.5,3.3,Bet365
GWS Giants v Hawthorn Hawks,GWS Giants,Hawthorn Hawks,Hawthorn Hawks,GWS Giants,Player Goals,Josh Weddle,1.5,29,Bet365
GWS Giants v Hawthorn Hawks,GWS Giants,Hawthorn Hawks,Hawthorn Hawks,GWS Giants,Player Goals,Josh Ward,0.5,3.5,Bet365
GWS Giants v Hawthorn Hawks,GWS Giants,Hawthorn Hawks,Hawthorn Hawks,GWS Giants,Player Goals,Josh Ward,1.5,34,Bet365
GWS Giants v Hawthorn Hawks,GWS Giants,Hawthorn Hawks,Hawthorn Hawks,GWS Giants,Player Goals,Conor Nash,0.5,3.6,Bet365
GWS Giants v Hawthorn Hawks,GWS Giants,Hawthorn Hawks,Hawthorn Hawks,GWS Giants,Player Goals,Conor Nash,1.5,41,Bet365
GWS Giants v Hawthorn Hawks,GWS Giants,Hawthorn Hawks,Hawthorn Hawks,GWS Giants,Player Goals,Karl Amon,0.5,3.6,Bet365
GWS Giants v Hawthorn Hawks,GWS Giants,Hawthorn Hawks,Hawthorn Hawks,GWS Giants,Player Goals,Karl Amon,1.5,41,Bet365
GWS Giants v Hawthorn Hawks,GWS Giants,Hawthorn Hawks,GWS Giants,Hawthorn Hawks,Player Goals,Harry Himmelberg,0.5,3.7,Bet365
GWS Giants v Hawthorn Hawks,GWS Giants,Hawthorn Hawks,GWS Giants,Hawthorn Hawks,Player Goals,Harry Himmelberg,1.5,41,Bet365
GWS Giants v Hawthorn Hawks,GWS Giants,Hawthorn Hawks,GWS Giants,Hawthorn Hawks,Player Goals,Harry Perryman,0.5,3.7,Bet365
GWS Giants v Hawthorn Hawks,GWS Giants,Hawthorn Hawks,GWS Giants,Hawthorn Hawks,Player Goals,Harry Perryman,1.5,41,Bet365
GWS Giants v Hawthorn Hawks,GWS Giants,Hawthorn Hawks,GWS Giants,Hawthorn Hawks,Player Goals,Lachie Whitfield,0.5,3.7,Bet365
GWS Giants v Hawthorn Hawks,GWS Giants,Hawthorn Hawks,GWS Giants,Hawthorn Hawks,Player Goals,Lachie Whitfield,1.5,41,Bet365
GWS Giants v Hawthorn Hawks,GWS Giants,Hawthorn Hawks,GWS Giants,Hawthorn Hawks,Player Goals,Connor Idun,0.5,3.9,Bet365
GWS Giants v Hawthorn Hawks,GWS Giants,Hawthorn Hawks,GWS Giants,Hawthorn Hawks,Player Goals,Connor Idun,1.5,51,Bet365
GWS Giants v Hawthorn Hawks,GWS Giants,Hawthorn Hawks,GWS Giants,Hawthorn Hawks,Player Goals,Jack Buckley,0.5,3.9,Bet365
GWS Giants v Hawthorn Hawks,GWS Giants,Hawthorn Hawks,GWS Giants,Hawthorn Hawks,Player Goals,Jack Buckley,1.5,51,Bet365
GWS Giants v Hawthorn Hawks,GWS Giants,Hawthorn Hawks,Hawthorn Hawks,GWS Giants,Player Goals,Jack Scrimshaw,0.5,3.9,Bet365
GWS Giants v Hawthorn Hawks,GWS Giants,Hawthorn Hawks,Hawthorn Hawks,GWS Giants,Player Goals,Jack Scrimshaw,1.5,51,Bet365
GWS Giants v Hawthorn Hawks,GWS Giants,Hawthorn Hawks,NA,NA,Player Goals,Joseph Fonti,0.5,3.9,Bet365
GWS Giants v Hawthorn Hawks,GWS Giants,Hawthorn Hawks,NA,NA,Player Goals,Joseph Fonti,1.5,51,Bet365
GWS Giants v Hawthorn Hawks,GWS Giants,Hawthorn Hawks,NA,NA,Player Goals,Lachlan Ash,0.5,3.9,Bet365
GWS Giants v Hawthorn Hawks,GWS Giants,Hawthorn Hawks,NA,NA,Player Goals,Lachlan Ash,1.5,51,Bet365
GWS Giants v Hawthorn Hawks,GWS Giants,Hawthorn Hawks,Hawthorn Hawks,GWS Giants,Player Goals,Sam Frost,0.5,3.9,Bet365
GWS Giants v Hawthorn Hawks,GWS Giants,Hawthorn Hawks,Hawthorn Hawks,GWS Giants,Player Goals,Sam Frost,1.5,51,Bet365
GWS Giants v Hawthorn Hawks,GWS Giants,Hawthorn Hawks,GWS Giants,Hawthorn Hawks,Player Goals,Sam Taylor,0.5,3.9,Bet365
GWS Giants v Hawthorn Hawks,GWS Giants,Hawthorn Hawks,GWS Giants,Hawthorn Hawks,Player Goals,Sam Taylor,1.5,51,Bet365
Essendon Bombers v Fremantle Dockers,Essendon Bombers,Fremantle Dockers,Fremantle Dockers,Essendon Bombers,Player Goals,Josh Treacy,0.5,1.08,Bet365
Essendon Bombers v Fremantle Dockers,Essendon Bombers,Fremantle Dockers,Fremantle Dockers,Essendon Bombers,Player Goals,Josh Treacy,1.5,1.5,Bet365
Essendon Bombers v Fremantle Dockers,Essendon Bombers,Fremantle Dockers,Fremantle Dockers,Essendon Bombers,Player Goals,Josh Treacy,2.5,2.55,Bet365
Essendon Bombers v Fremantle Dockers,Essendon Bombers,Fremantle Dockers,Fremantle Dockers,Essendon Bombers,Player Goals,Josh Treacy,3.5,5.5,Bet365
Essendon Bombers v Fremantle Dockers,Essendon Bombers,Fremantle Dockers,Fremantle Dockers,Essendon Bombers,Player Goals,Josh Treacy,4.5,13,Bet365
Essendon Bombers v Fremantle Dockers,Essendon Bombers,Fremantle Dockers,Fremantle Dockers,Essendon Bombers,Player Goals,Josh Treacy,5.5,35,Bet365
Essendon Bombers v Fremantle Dockers,Essendon Bombers,Fremantle Dockers,Fremantle Dockers,Essendon Bombers,Player Goals,Jye Amiss,0.5,1.13,Bet365
Essendon Bombers v Fremantle Dockers,Essendon Bombers,Fremantle Dockers,Fremantle Dockers,Essendon Bombers,Player Goals,Jye Amiss,1.5,1.72,Bet365
Essendon Bombers v Fremantle Dockers,Essendon Bombers,Fremantle Dockers,Fremantle Dockers,Essendon Bombers,Player Goals,Jye Amiss,2.5,3.3,Bet365
Essendon Bombers v Fremantle Dockers,Essendon Bombers,Fremantle Dockers,Fremantle Dockers,Essendon Bombers,Player Goals,Jye Amiss,3.5,8,Bet365
Essendon Bombers v Fremantle Dockers,Essendon Bombers,Fremantle Dockers,Fremantle Dockers,Essendon Bombers,Player Goals,Jye Amiss,4.5,22,Bet365
Essendon Bombers v Fremantle Dockers,Essendon Bombers,Fremantle Dockers,Fremantle Dockers,Essendon Bombers,Player Goals,Jye Amiss,5.5,75,Bet365
Essendon Bombers v Fremantle Dockers,Essendon Bombers,Fremantle Dockers,Essendon Bombers,Fremantle Dockers,Player Goals,Kyle Langford,0.5,1.17,Bet365
Essendon Bombers v Fremantle Dockers,Essendon Bombers,Fremantle Dockers,Essendon Bombers,Fremantle Dockers,Player Goals,Kyle Langford,1.5,1.91,Bet365
Essendon Bombers v Fremantle Dockers,Essendon Bombers,Fremantle Dockers,Essendon Bombers,Fremantle Dockers,Player Goals,Kyle Langford,2.5,4,Bet365
Essendon Bombers v Fremantle Dockers,Essendon Bombers,Fremantle Dockers,Essendon Bombers,Fremantle Dockers,Player Goals,Kyle Langford,3.5,10,Bet365
Essendon Bombers v Fremantle Dockers,Essendon Bombers,Fremantle Dockers,Essendon Bombers,Fremantle Dockers,Player Goals,Kyle Langford,4.5,30,Bet365
Essendon Bombers v Fremantle Dockers,Essendon Bombers,Fremantle Dockers,Essendon Bombers,Fremantle Dockers,Player Goals,Kyle Langford,5.5,100,Bet365
Essendon Bombers v Fremantle Dockers,Essendon Bombers,Fremantle Dockers,Essendon Bombers,Fremantle Dockers,Player Goals,Jake Stringer,0.5,1.22,Bet365
Essendon Bombers v Fremantle Dockers,Essendon Bombers,Fremantle Dockers,Essendon Bombers,Fremantle Dockers,Player Goals,Jake Stringer,1.5,2.1,Bet365
Essendon Bombers v Fremantle Dockers,Essendon Bombers,Fremantle Dockers,Essendon Bombers,Fremantle Dockers,Player Goals,Jake Stringer,2.5,4.75,Bet365
Essendon Bombers v Fremantle Dockers,Essendon Bombers,Fremantle Dockers,Essendon Bombers,Fremantle Dockers,Player Goals,Jake Stringer,3.5,14,Bet365
Essendon Bombers v Fremantle Dockers,Essendon Bombers,Fremantle Dockers,Essendon Bombers,Fremantle Dockers,Player Goals,Jake Stringer,4.5,45,Bet365
Essendon Bombers v Fremantle Dockers,Essendon Bombers,Fremantle Dockers,Fremantle Dockers,Essendon Bombers,Player Goals,Michael Frederick,0.5,1.28,Bet365
Essendon Bombers v Fremantle Dockers,Essendon Bombers,Fremantle Dockers,Fremantle Dockers,Essendon Bombers,Player Goals,Michael Frederick,1.5,2.33,Bet365
Essendon Bombers v Fremantle Dockers,Essendon Bombers,Fremantle Dockers,Fremantle Dockers,Essendon Bombers,Player Goals,Michael Frederick,2.5,5.5,Bet365
Essendon Bombers v Fremantle Dockers,Essendon Bombers,Fremantle Dockers,Fremantle Dockers,Essendon Bombers,Player Goals,Michael Frederick,3.5,18,Bet365
Essendon Bombers v Fremantle Dockers,Essendon Bombers,Fremantle Dockers,Fremantle Dockers,Essendon Bombers,Player Goals,Michael Frederick,4.5,60,Bet365
Essendon Bombers v Fremantle Dockers,Essendon Bombers,Fremantle Dockers,Essendon Bombers,Fremantle Dockers,Player Goals,Peter Wright,0.5,1.28,Bet365
Essendon Bombers v Fremantle Dockers,Essendon Bombers,Fremantle Dockers,Essendon Bombers,Fremantle Dockers,Player Goals,Peter Wright,1.5,2.35,Bet365
Essendon Bombers v Fremantle Dockers,Essendon Bombers,Fremantle Dockers,Essendon Bombers,Fremantle Dockers,Player Goals,Peter Wright,2.5,6,Bet365
Essendon Bombers v Fremantle Dockers,Essendon Bombers,Fremantle Dockers,Essendon Bombers,Fremantle Dockers,Player Goals,Peter Wright,3.5,18,Bet365
Essendon Bombers v Fremantle Dockers,Essendon Bombers,Fremantle Dockers,Essendon Bombers,Fremantle Dockers,Player Goals,Peter Wright,4.5,65,Bet365
Essendon Bombers v Fremantle Dockers,Essendon Bombers,Fremantle Dockers,Fremantle Dockers,Essendon Bombers,Player Goals,Luke Jackson,0.5,1.33,Bet365
Essendon Bombers v Fremantle Dockers,Essendon Bombers,Fremantle Dockers,Fremantle Dockers,Essendon Bombers,Player Goals,Luke Jackson,1.5,2.55,Bet365
Essendon Bombers v Fremantle Dockers,Essendon Bombers,Fremantle Dockers,Fremantle Dockers,Essendon Bombers,Player Goals,Luke Jackson,2.5,6.5,Bet365
Essendon Bombers v Fremantle Dockers,Essendon Bombers,Fremantle Dockers,Fremantle Dockers,Essendon Bombers,Player Goals,Luke Jackson,3.5,20,Bet365
Essendon Bombers v Fremantle Dockers,Essendon Bombers,Fremantle Dockers,Fremantle Dockers,Essendon Bombers,Player Goals,Luke Jackson,4.5,80,Bet365
Essendon Bombers v Fremantle Dockers,Essendon Bombers,Fremantle Dockers,Fremantle Dockers,Essendon Bombers,Player Goals,Sam Sturt,0.5,1.33,Bet365
Essendon Bombers v Fremantle Dockers,Essendon Bombers,Fremantle Dockers,Fremantle Dockers,Essendon Bombers,Player Goals,Sam Sturt,1.5,2.55,Bet365
Essendon Bombers v Fremantle Dockers,Essendon Bombers,Fremantle Dockers,Fremantle Dockers,Essendon Bombers,Player Goals,Sam Sturt,2.5,6.5,Bet365
Essendon Bombers v Fremantle Dockers,Essendon Bombers,Fremantle Dockers,Fremantle Dockers,Essendon Bombers,Player Goals,Sam Sturt,3.5,20,Bet365
Essendon Bombers v Fremantle Dockers,Essendon Bombers,Fremantle Dockers,Fremantle Dockers,Essendon Bombers,Player Goals,Sam Sturt,4.5,80,Bet365
Essendon Bombers v Fremantle Dockers,Essendon Bombers,Fremantle Dockers,Fremantle Dockers,Essendon Bombers,Player Goals,Bailey Banfield,0.5,1.4,Bet365
Essendon Bombers v Fremantle Dockers,Essendon Bombers,Fremantle Dockers,Fremantle Dockers,Essendon Bombers,Player Goals,Bailey Banfield,1.5,2.8,Bet365
Essendon Bombers v Fremantle Dockers,Essendon Bombers,Fremantle Dockers,Fremantle Dockers,Essendon Bombers,Player Goals,Bailey Banfield,2.5,7.5,Bet365
Essendon Bombers v Fremantle Dockers,Essendon Bombers,Fremantle Dockers,Fremantle Dockers,Essendon Bombers,Player Goals,Bailey Banfield,3.5,25,Bet365
Essendon Bombers v Fremantle Dockers,Essendon Bombers,Fremantle Dockers,Fremantle Dockers,Essendon Bombers,Player Goals,Bailey Banfield,4.5,100,Bet365
Essendon Bombers v Fremantle Dockers,Essendon Bombers,Fremantle Dockers,Essendon Bombers,Fremantle Dockers,Player Goals,Harrison Jones,0.5,1.6,Bet365
Essendon Bombers v Fremantle Dockers,Essendon Bombers,Fremantle Dockers,Essendon Bombers,Fremantle Dockers,Player Goals,Harrison Jones,1.5,3.6,Bet365
Essendon Bombers v Fremantle Dockers,Essendon Bombers,Fremantle Dockers,Essendon Bombers,Fremantle Dockers,Player Goals,Harrison Jones,2.5,11,Bet365
Essendon Bombers v Fremantle Dockers,Essendon Bombers,Fremantle Dockers,Essendon Bombers,Fremantle Dockers,Player Goals,Harrison Jones,3.5,45,Bet365
Essendon Bombers v Fremantle Dockers,Essendon Bombers,Fremantle Dockers,Essendon Bombers,Fremantle Dockers,Player Goals,Nate Caddy,0.5,1.6,Bet365
Essendon Bombers v Fremantle Dockers,Essendon Bombers,Fremantle Dockers,Essendon Bombers,Fremantle Dockers,Player Goals,Nate Caddy,1.5,3.6,Bet365
Essendon Bombers v Fremantle Dockers,Essendon Bombers,Fremantle Dockers,Essendon Bombers,Fremantle Dockers,Player Goals,Nate Caddy,2.5,11,Bet365
Essendon Bombers v Fremantle Dockers,Essendon Bombers,Fremantle Dockers,Essendon Bombers,Fremantle Dockers,Player Goals,Nate Caddy,3.5,45,Bet365
Essendon Bombers v Fremantle Dockers,Essendon Bombers,Fremantle Dockers,Fremantle Dockers,Essendon Bombers,Player Goals,Tom Emmett,0.5,1.62,Bet365
Essendon Bombers v Fremantle Dockers,Essendon Bombers,Fremantle Dockers,Fremantle Dockers,Essendon Bombers,Player Goals,Tom Emmett,1.5,3.75,Bet365
Essendon Bombers v Fremantle Dockers,Essendon Bombers,Fremantle Dockers,Fremantle Dockers,Essendon Bombers,Player Goals,Tom Emmett,2.5,12,Bet365
Essendon Bombers v Fremantle Dockers,Essendon Bombers,Fremantle Dockers,Fremantle Dockers,Essendon Bombers,Player Goals,Tom Emmett,3.5,45,Bet365
Essendon Bombers v Fremantle Dockers,Essendon Bombers,Fremantle Dockers,Essendon Bombers,Fremantle Dockers,Player Goals,Jade Gresham,0.5,1.77,Bet365
Essendon Bombers v Fremantle Dockers,Essendon Bombers,Fremantle Dockers,Essendon Bombers,Fremantle Dockers,Player Goals,Jade Gresham,1.5,4.5,Bet365
Essendon Bombers v Fremantle Dockers,Essendon Bombers,Fremantle Dockers,Essendon Bombers,Fremantle Dockers,Player Goals,Jade Gresham,2.5,15,Bet365
Essendon Bombers v Fremantle Dockers,Essendon Bombers,Fremantle Dockers,Essendon Bombers,Fremantle Dockers,Player Goals,Jade Gresham,3.5,65,Bet365
Essendon Bombers v Fremantle Dockers,Essendon Bombers,Fremantle Dockers,Essendon Bombers,Fremantle Dockers,Player Goals,Nik Cox,0.5,1.77,Bet365
Essendon Bombers v Fremantle Dockers,Essendon Bombers,Fremantle Dockers,Essendon Bombers,Fremantle Dockers,Player Goals,Nik Cox,1.5,4.5,Bet365
Essendon Bombers v Fremantle Dockers,Essendon Bombers,Fremantle Dockers,Essendon Bombers,Fremantle Dockers,Player Goals,Nik Cox,2.5,15,Bet365
Essendon Bombers v Fremantle Dockers,Essendon Bombers,Fremantle Dockers,Essendon Bombers,Fremantle Dockers,Player Goals,Nik Cox,3.5,65,Bet365
Essendon Bombers v Fremantle Dockers,Essendon Bombers,Fremantle Dockers,Fremantle Dockers,Essendon Bombers,Player Goals,Sam Switkowski,0.5,1.77,Bet365
Essendon Bombers v Fremantle Dockers,Essendon Bombers,Fremantle Dockers,Fremantle Dockers,Essendon Bombers,Player Goals,Sam Switkowski,1.5,4.5,Bet365
Essendon Bombers v Fremantle Dockers,Essendon Bombers,Fremantle Dockers,Fremantle Dockers,Essendon Bombers,Player Goals,Sam Switkowski,2.5,15,Bet365
Essendon Bombers v Fremantle Dockers,Essendon Bombers,Fremantle Dockers,Fremantle Dockers,Essendon Bombers,Player Goals,Sam Switkowski,3.5,70,Bet365
Essendon Bombers v Fremantle Dockers,Essendon Bombers,Fremantle Dockers,Fremantle Dockers,Essendon Bombers,Player Goals,Jaeger O'Meara,0.5,1.95,Bet365
Essendon Bombers v Fremantle Dockers,Essendon Bombers,Fremantle Dockers,Fremantle Dockers,Essendon Bombers,Player Goals,Jaeger O'Meara,1.5,5.5,Bet365
Essendon Bombers v Fremantle Dockers,Essendon Bombers,Fremantle Dockers,Fremantle Dockers,Essendon Bombers,Player Goals,Jaeger O'Meara,2.5,21,Bet365
Essendon Bombers v Fremantle Dockers,Essendon Bombers,Fremantle Dockers,Fremantle Dockers,Essendon Bombers,Player Goals,Jaeger O'Meara,3.5,100,Bet365
Essendon Bombers v Fremantle Dockers,Essendon Bombers,Fremantle Dockers,Essendon Bombers,Fremantle Dockers,Player Goals,Zach Merrett,0.5,1.95,Bet365
Essendon Bombers v Fremantle Dockers,Essendon Bombers,Fremantle Dockers,Essendon Bombers,Fremantle Dockers,Player Goals,Zach Merrett,1.5,5.5,Bet365
Essendon Bombers v Fremantle Dockers,Essendon Bombers,Fremantle Dockers,Essendon Bombers,Fremantle Dockers,Player Goals,Zach Merrett,2.5,21,Bet365
Essendon Bombers v Fremantle Dockers,Essendon Bombers,Fremantle Dockers,Essendon Bombers,Fremantle Dockers,Player Goals,Zach Merrett,3.5,100,Bet365
Essendon Bombers v Fremantle Dockers,Essendon Bombers,Fremantle Dockers,Essendon Bombers,Fremantle Dockers,Player Goals,Sam Draper,0.5,2.05,Bet365
Essendon Bombers v Fremantle Dockers,Essendon Bombers,Fremantle Dockers,Essendon Bombers,Fremantle Dockers,Player Goals,Sam Draper,1.5,6.5,Bet365
Essendon Bombers v Fremantle Dockers,Essendon Bombers,Fremantle Dockers,Essendon Bombers,Fremantle Dockers,Player Goals,Sam Draper,2.5,26,Bet365
Essendon Bombers v Fremantle Dockers,Essendon Bombers,Fremantle Dockers,Essendon Bombers,Fremantle Dockers,Player Goals,Sam Draper,3.5,125,Bet365
Essendon Bombers v Fremantle Dockers,Essendon Bombers,Fremantle Dockers,Essendon Bombers,Fremantle Dockers,Player Goals,Nic Martin,0.5,2.15,Bet365
Essendon Bombers v Fremantle Dockers,Essendon Bombers,Fremantle Dockers,Essendon Bombers,Fremantle Dockers,Player Goals,Nic Martin,1.5,8,Bet365
Essendon Bombers v Fremantle Dockers,Essendon Bombers,Fremantle Dockers,Essendon Bombers,Fremantle Dockers,Player Goals,Nic Martin,2.5,34,Bet365
Essendon Bombers v Fremantle Dockers,Essendon Bombers,Fremantle Dockers,Fremantle Dockers,Essendon Bombers,Player Goals,Caleb Serong,0.5,2.2,Bet365
Essendon Bombers v Fremantle Dockers,Essendon Bombers,Fremantle Dockers,Fremantle Dockers,Essendon Bombers,Player Goals,Caleb Serong,1.5,8.5,Bet365
Essendon Bombers v Fremantle Dockers,Essendon Bombers,Fremantle Dockers,Fremantle Dockers,Essendon Bombers,Player Goals,Caleb Serong,2.5,34,Bet365
Essendon Bombers v Fremantle Dockers,Essendon Bombers,Fremantle Dockers,Fremantle Dockers,Essendon Bombers,Player Goals,Hayden Young,0.5,2.2,Bet365
Essendon Bombers v Fremantle Dockers,Essendon Bombers,Fremantle Dockers,Fremantle Dockers,Essendon Bombers,Player Goals,Hayden Young,1.5,8.5,Bet365
Essendon Bombers v Fremantle Dockers,Essendon Bombers,Fremantle Dockers,Fremantle Dockers,Essendon Bombers,Player Goals,Hayden Young,2.5,34,Bet365
Essendon Bombers v Fremantle Dockers,Essendon Bombers,Fremantle Dockers,Essendon Bombers,Fremantle Dockers,Player Goals,Jye Menzie,0.5,2.3,Bet365
Essendon Bombers v Fremantle Dockers,Essendon Bombers,Fremantle Dockers,Essendon Bombers,Fremantle Dockers,Player Goals,Jye Menzie,1.5,10,Bet365
Essendon Bombers v Fremantle Dockers,Essendon Bombers,Fremantle Dockers,Essendon Bombers,Fremantle Dockers,Player Goals,Jye Menzie,2.5,51,Bet365
Essendon Bombers v Fremantle Dockers,Essendon Bombers,Fremantle Dockers,Essendon Bombers,Fremantle Dockers,Player Goals,Sam Durham,0.5,2.3,Bet365
Essendon Bombers v Fremantle Dockers,Essendon Bombers,Fremantle Dockers,Essendon Bombers,Fremantle Dockers,Player Goals,Sam Durham,1.5,10,Bet365
Essendon Bombers v Fremantle Dockers,Essendon Bombers,Fremantle Dockers,Essendon Bombers,Fremantle Dockers,Player Goals,Sam Durham,2.5,51,Bet365
Essendon Bombers v Fremantle Dockers,Essendon Bombers,Fremantle Dockers,Essendon Bombers,Fremantle Dockers,Player Goals,Xavier Duursma,0.5,2.3,Bet365
Essendon Bombers v Fremantle Dockers,Essendon Bombers,Fremantle Dockers,Essendon Bombers,Fremantle Dockers,Player Goals,Xavier Duursma,1.5,10,Bet365
Essendon Bombers v Fremantle Dockers,Essendon Bombers,Fremantle Dockers,Essendon Bombers,Fremantle Dockers,Player Goals,Xavier Duursma,2.5,51,Bet365
Essendon Bombers v Fremantle Dockers,Essendon Bombers,Fremantle Dockers,Essendon Bombers,Fremantle Dockers,Player Goals,Dylan Shiel,0.5,2.4,Bet365
Essendon Bombers v Fremantle Dockers,Essendon Bombers,Fremantle Dockers,Essendon Bombers,Fremantle Dockers,Player Goals,Dylan Shiel,1.5,12,Bet365
Essendon Bombers v Fremantle Dockers,Essendon Bombers,Fremantle Dockers,Essendon Bombers,Fremantle Dockers,Player Goals,Dylan Shiel,2.5,61,Bet365
Essendon Bombers v Fremantle Dockers,Essendon Bombers,Fremantle Dockers,Fremantle Dockers,Essendon Bombers,Player Goals,Andrew Brayshaw,0.5,2.5,Bet365
Essendon Bombers v Fremantle Dockers,Essendon Bombers,Fremantle Dockers,Fremantle Dockers,Essendon Bombers,Player Goals,Andrew Brayshaw,1.5,13,Bet365
Essendon Bombers v Fremantle Dockers,Essendon Bombers,Fremantle Dockers,Fremantle Dockers,Essendon Bombers,Player Goals,Andrew Brayshaw,2.5,71,Bet365
Essendon Bombers v Fremantle Dockers,Essendon Bombers,Fremantle Dockers,Fremantle Dockers,Essendon Bombers,Player Goals,Jeremy Sharp,0.5,2.7,Bet365
Essendon Bombers v Fremantle Dockers,Essendon Bombers,Fremantle Dockers,Fremantle Dockers,Essendon Bombers,Player Goals,Jeremy Sharp,1.5,17,Bet365
Essendon Bombers v Fremantle Dockers,Essendon Bombers,Fremantle Dockers,Fremantle Dockers,Essendon Bombers,Player Goals,Jeremy Sharp,2.5,101,Bet365
Essendon Bombers v Fremantle Dockers,Essendon Bombers,Fremantle Dockers,Fremantle Dockers,Essendon Bombers,Player Goals,Sean Darcy,0.5,2.7,Bet365
Essendon Bombers v Fremantle Dockers,Essendon Bombers,Fremantle Dockers,Fremantle Dockers,Essendon Bombers,Player Goals,Sean Darcy,1.5,17,Bet365
Essendon Bombers v Fremantle Dockers,Essendon Bombers,Fremantle Dockers,Fremantle Dockers,Essendon Bombers,Player Goals,Sean Darcy,2.5,101,Bet365
Essendon Bombers v Fremantle Dockers,Essendon Bombers,Fremantle Dockers,Fremantle Dockers,Essendon Bombers,Player Goals,Brennan Cox,0.5,2.85,Bet365
Essendon Bombers v Fremantle Dockers,Essendon Bombers,Fremantle Dockers,Fremantle Dockers,Essendon Bombers,Player Goals,Brennan Cox,1.5,21,Bet365
Essendon Bombers v Fremantle Dockers,Essendon Bombers,Fremantle Dockers,Essendon Bombers,Fremantle Dockers,Player Goals,Jye Caldwell,0.5,3,Bet365
Essendon Bombers v Fremantle Dockers,Essendon Bombers,Fremantle Dockers,Essendon Bombers,Fremantle Dockers,Player Goals,Jye Caldwell,1.5,23,Bet365
Essendon Bombers v Fremantle Dockers,Essendon Bombers,Fremantle Dockers,Essendon Bombers,Fremantle Dockers,Player Goals,Archie Perkins,0.5,3.1,Bet365
Essendon Bombers v Fremantle Dockers,Essendon Bombers,Fremantle Dockers,Essendon Bombers,Fremantle Dockers,Player Goals,Archie Perkins,1.5,26,Bet365
Essendon Bombers v Fremantle Dockers,Essendon Bombers,Fremantle Dockers,Essendon Bombers,Fremantle Dockers,Player Goals,Darcy Parish,0.5,3.1,Bet365
Essendon Bombers v Fremantle Dockers,Essendon Bombers,Fremantle Dockers,Essendon Bombers,Fremantle Dockers,Player Goals,Darcy Parish,1.5,26,Bet365
Essendon Bombers v Fremantle Dockers,Essendon Bombers,Fremantle Dockers,Fremantle Dockers,Essendon Bombers,Player Goals,Jordan Clark,0.5,3.25,Bet365
Essendon Bombers v Fremantle Dockers,Essendon Bombers,Fremantle Dockers,Fremantle Dockers,Essendon Bombers,Player Goals,Jordan Clark,1.5,29,Bet365
Essendon Bombers v Fremantle Dockers,Essendon Bombers,Fremantle Dockers,Essendon Bombers,Fremantle Dockers,Player Goals,Mason Redman,0.5,3.6,Bet365
Essendon Bombers v Fremantle Dockers,Essendon Bombers,Fremantle Dockers,Essendon Bombers,Fremantle Dockers,Player Goals,Mason Redman,1.5,41,Bet365
Essendon Bombers v Fremantle Dockers,Essendon Bombers,Fremantle Dockers,Fremantle Dockers,Essendon Bombers,Player Goals,Brandon Walker,0.5,3.9,Bet365
Essendon Bombers v Fremantle Dockers,Essendon Bombers,Fremantle Dockers,Fremantle Dockers,Essendon Bombers,Player Goals,Brandon Walker,1.5,51,Bet365
Essendon Bombers v Fremantle Dockers,Essendon Bombers,Fremantle Dockers,Fremantle Dockers,Essendon Bombers,Player Goals,Corey Wagner,0.5,3.9,Bet365
Essendon Bombers v Fremantle Dockers,Essendon Bombers,Fremantle Dockers,Fremantle Dockers,Essendon Bombers,Player Goals,Corey Wagner,1.5,51,Bet365
Essendon Bombers v Fremantle Dockers,Essendon Bombers,Fremantle Dockers,Fremantle Dockers,Essendon Bombers,Player Goals,Heath Chapman,0.5,3.9,Bet365
Essendon Bombers v Fremantle Dockers,Essendon Bombers,Fremantle Dockers,Fremantle Dockers,Essendon Bombers,Player Goals,Heath Chapman,1.5,51,Bet365
Essendon Bombers v Fremantle Dockers,Essendon Bombers,Fremantle Dockers,Fremantle Dockers,Essendon Bombers,Player Goals,James Aish,0.5,3.9,Bet365
Essendon Bombers v Fremantle Dockers,Essendon Bombers,Fremantle Dockers,Fremantle Dockers,Essendon Bombers,Player Goals,James Aish,1.5,51,Bet365
Essendon Bombers v Fremantle Dockers,Essendon Bombers,Fremantle Dockers,Fremantle Dockers,Essendon Bombers,Player Goals,Joshua Draper,0.5,3.9,Bet365
Essendon Bombers v Fremantle Dockers,Essendon Bombers,Fremantle Dockers,Fremantle Dockers,Essendon Bombers,Player Goals,Joshua Draper,1.5,51,Bet365
Essendon Bombers v Fremantle Dockers,Essendon Bombers,Fremantle Dockers,Fremantle Dockers,Essendon Bombers,Player Goals,Luke Ryan,0.5,3.9,Bet365
Essendon Bombers v Fremantle Dockers,Essendon Bombers,Fremantle Dockers,Fremantle Dockers,Essendon Bombers,Player Goals,Luke Ryan,1.5,51,Bet365
Essendon Bombers v Fremantle Dockers,Essendon Bombers,Fremantle Dockers,Essendon Bombers,Fremantle Dockers,Player Goals,Andrew McGrath,0.5,4,Bet365
Essendon Bombers v Fremantle Dockers,Essendon Bombers,Fremantle Dockers,Essendon Bombers,Fremantle Dockers,Player Goals,Andrew McGrath,1.5,51,Bet365
Essendon Bombers v Fremantle Dockers,Essendon Bombers,Fremantle Dockers,Essendon Bombers,Fremantle Dockers,Player Goals,Ben McKay,0.5,4,Bet365
Essendon Bombers v Fremantle Dockers,Essendon Bombers,Fremantle Dockers,Essendon Bombers,Fremantle Dockers,Player Goals,Ben McKay,1.5,51,Bet365
Essendon Bombers v Fremantle Dockers,Essendon Bombers,Fremantle Dockers,Essendon Bombers,Fremantle Dockers,Player Goals,Dyson Heppell,0.5,4,Bet365
Essendon Bombers v Fremantle Dockers,Essendon Bombers,Fremantle Dockers,Essendon Bombers,Fremantle Dockers,Player Goals,Dyson Heppell,1.5,51,Bet365
Essendon Bombers v Fremantle Dockers,Essendon Bombers,Fremantle Dockers,Essendon Bombers,Fremantle Dockers,Player Goals,Jayden Laverde,0.5,4,Bet365
Essendon Bombers v Fremantle Dockers,Essendon Bombers,Fremantle Dockers,Essendon Bombers,Fremantle Dockers,Player Goals,Jayden Laverde,1.5,51,Bet365
St Kilda Saints v Brisbane Lions,St Kilda Saints,Brisbane Lions,Brisbane Lions,St Kilda Saints,Player Goals,Joe Daniher,0.5,1.07,Bet365
St Kilda Saints v Brisbane Lions,St Kilda Saints,Brisbane Lions,Brisbane Lions,St Kilda Saints,Player Goals,Joe Daniher,1.5,1.47,Bet365
St Kilda Saints v Brisbane Lions,St Kilda Saints,Brisbane Lions,Brisbane Lions,St Kilda Saints,Player Goals,Joe Daniher,2.5,2.45,Bet365
St Kilda Saints v Brisbane Lions,St Kilda Saints,Brisbane Lions,Brisbane Lions,St Kilda Saints,Player Goals,Joe Daniher,3.5,5,Bet365
St Kilda Saints v Brisbane Lions,St Kilda Saints,Brisbane Lions,Brisbane Lions,St Kilda Saints,Player Goals,Joe Daniher,4.5,12,Bet365
St Kilda Saints v Brisbane Lions,St Kilda Saints,Brisbane Lions,Brisbane Lions,St Kilda Saints,Player Goals,Joe Daniher,5.5,35,Bet365
St Kilda Saints v Brisbane Lions,St Kilda Saints,Brisbane Lions,St Kilda Saints,Brisbane Lions,Player Goals,Jack Higgins,0.5,1.11,Bet365
St Kilda Saints v Brisbane Lions,St Kilda Saints,Brisbane Lions,St Kilda Saints,Brisbane Lions,Player Goals,Jack Higgins,1.5,1.65,Bet365
St Kilda Saints v Brisbane Lions,St Kilda Saints,Brisbane Lions,St Kilda Saints,Brisbane Lions,Player Goals,Jack Higgins,2.5,3.1,Bet365
St Kilda Saints v Brisbane Lions,St Kilda Saints,Brisbane Lions,St Kilda Saints,Brisbane Lions,Player Goals,Jack Higgins,3.5,7,Bet365
St Kilda Saints v Brisbane Lions,St Kilda Saints,Brisbane Lions,St Kilda Saints,Brisbane Lions,Player Goals,Jack Higgins,4.5,20,Bet365
St Kilda Saints v Brisbane Lions,St Kilda Saints,Brisbane Lions,St Kilda Saints,Brisbane Lions,Player Goals,Jack Higgins,5.5,65,Bet365
St Kilda Saints v Brisbane Lions,St Kilda Saints,Brisbane Lions,Brisbane Lions,St Kilda Saints,Player Goals,Charlie Cameron,0.5,1.16,Bet365
St Kilda Saints v Brisbane Lions,St Kilda Saints,Brisbane Lions,Brisbane Lions,St Kilda Saints,Player Goals,Charlie Cameron,1.5,1.87,Bet365
St Kilda Saints v Brisbane Lions,St Kilda Saints,Brisbane Lions,Brisbane Lions,St Kilda Saints,Player Goals,Charlie Cameron,2.5,3.75,Bet365
St Kilda Saints v Brisbane Lions,St Kilda Saints,Brisbane Lions,Brisbane Lions,St Kilda Saints,Player Goals,Charlie Cameron,3.5,10,Bet365
St Kilda Saints v Brisbane Lions,St Kilda Saints,Brisbane Lions,Brisbane Lions,St Kilda Saints,Player Goals,Charlie Cameron,4.5,30,Bet365
St Kilda Saints v Brisbane Lions,St Kilda Saints,Brisbane Lions,Brisbane Lions,St Kilda Saints,Player Goals,Charlie Cameron,5.5,100,Bet365
St Kilda Saints v Brisbane Lions,St Kilda Saints,Brisbane Lions,St Kilda Saints,Brisbane Lions,Player Goals,Tim Membrey,0.5,1.2,Bet365
St Kilda Saints v Brisbane Lions,St Kilda Saints,Brisbane Lions,St Kilda Saints,Brisbane Lions,Player Goals,Tim Membrey,1.5,2.05,Bet365
St Kilda Saints v Brisbane Lions,St Kilda Saints,Brisbane Lions,St Kilda Saints,Brisbane Lions,Player Goals,Tim Membrey,2.5,4.5,Bet365
St Kilda Saints v Brisbane Lions,St Kilda Saints,Brisbane Lions,St Kilda Saints,Brisbane Lions,Player Goals,Tim Membrey,3.5,12,Bet365
St Kilda Saints v Brisbane Lions,St Kilda Saints,Brisbane Lions,St Kilda Saints,Brisbane Lions,Player Goals,Tim Membrey,4.5,40,Bet365
St Kilda Saints v Brisbane Lions,St Kilda Saints,Brisbane Lions,St Kilda Saints,Brisbane Lions,Player Goals,Tim Membrey,5.5,150,Bet365
St Kilda Saints v Brisbane Lions,St Kilda Saints,Brisbane Lions,Brisbane Lions,St Kilda Saints,Player Goals,Eric Hipwood,0.5,1.25,Bet365
St Kilda Saints v Brisbane Lions,St Kilda Saints,Brisbane Lions,Brisbane Lions,St Kilda Saints,Player Goals,Eric Hipwood,1.5,2.25,Bet365
St Kilda Saints v Brisbane Lions,St Kilda Saints,Brisbane Lions,Brisbane Lions,St Kilda Saints,Player Goals,Eric Hipwood,2.5,5.5,Bet365
St Kilda Saints v Brisbane Lions,St Kilda Saints,Brisbane Lions,Brisbane Lions,St Kilda Saints,Player Goals,Eric Hipwood,3.5,16,Bet365
St Kilda Saints v Brisbane Lions,St Kilda Saints,Brisbane Lions,Brisbane Lions,St Kilda Saints,Player Goals,Eric Hipwood,4.5,55,Bet365
St Kilda Saints v Brisbane Lions,St Kilda Saints,Brisbane Lions,St Kilda Saints,Brisbane Lions,Player Goals,Cooper Sharman,0.5,1.27,Bet365
St Kilda Saints v Brisbane Lions,St Kilda Saints,Brisbane Lions,St Kilda Saints,Brisbane Lions,Player Goals,Cooper Sharman,1.5,2.25,Bet365
St Kilda Saints v Brisbane Lions,St Kilda Saints,Brisbane Lions,St Kilda Saints,Brisbane Lions,Player Goals,Cooper Sharman,2.5,5.5,Bet365
St Kilda Saints v Brisbane Lions,St Kilda Saints,Brisbane Lions,St Kilda Saints,Brisbane Lions,Player Goals,Cooper Sharman,3.5,16,Bet365
St Kilda Saints v Brisbane Lions,St Kilda Saints,Brisbane Lions,St Kilda Saints,Brisbane Lions,Player Goals,Cooper Sharman,4.5,55,Bet365
St Kilda Saints v Brisbane Lions,St Kilda Saints,Brisbane Lions,St Kilda Saints,Brisbane Lions,Player Goals,Mason Wood,0.5,1.27,Bet365
St Kilda Saints v Brisbane Lions,St Kilda Saints,Brisbane Lions,St Kilda Saints,Brisbane Lions,Player Goals,Mason Wood,1.5,2.25,Bet365
St Kilda Saints v Brisbane Lions,St Kilda Saints,Brisbane Lions,St Kilda Saints,Brisbane Lions,Player Goals,Mason Wood,2.5,5.5,Bet365
St Kilda Saints v Brisbane Lions,St Kilda Saints,Brisbane Lions,St Kilda Saints,Brisbane Lions,Player Goals,Mason Wood,3.5,16,Bet365
St Kilda Saints v Brisbane Lions,St Kilda Saints,Brisbane Lions,St Kilda Saints,Brisbane Lions,Player Goals,Mason Wood,4.5,55,Bet365
St Kilda Saints v Brisbane Lions,St Kilda Saints,Brisbane Lions,Brisbane Lions,St Kilda Saints,Player Goals,Cam Rayner,0.5,1.32,Bet365
St Kilda Saints v Brisbane Lions,St Kilda Saints,Brisbane Lions,Brisbane Lions,St Kilda Saints,Player Goals,Cam Rayner,1.5,2.5,Bet365
St Kilda Saints v Brisbane Lions,St Kilda Saints,Brisbane Lions,Brisbane Lions,St Kilda Saints,Player Goals,Cam Rayner,2.5,6,Bet365
St Kilda Saints v Brisbane Lions,St Kilda Saints,Brisbane Lions,Brisbane Lions,St Kilda Saints,Player Goals,Cam Rayner,3.5,20,Bet365
St Kilda Saints v Brisbane Lions,St Kilda Saints,Brisbane Lions,Brisbane Lions,St Kilda Saints,Player Goals,Cam Rayner,4.5,75,Bet365
St Kilda Saints v Brisbane Lions,St Kilda Saints,Brisbane Lions,Brisbane Lions,St Kilda Saints,Player Goals,Hugh McCluggage,0.5,1.44,Bet365
St Kilda Saints v Brisbane Lions,St Kilda Saints,Brisbane Lions,Brisbane Lions,St Kilda Saints,Player Goals,Hugh McCluggage,1.5,3,Bet365
St Kilda Saints v Brisbane Lions,St Kilda Saints,Brisbane Lions,Brisbane Lions,St Kilda Saints,Player Goals,Hugh McCluggage,2.5,8.5,Bet365
St Kilda Saints v Brisbane Lions,St Kilda Saints,Brisbane Lions,Brisbane Lions,St Kilda Saints,Player Goals,Hugh McCluggage,3.5,30,Bet365
St Kilda Saints v Brisbane Lions,St Kilda Saints,Brisbane Lions,Brisbane Lions,St Kilda Saints,Player Goals,Hugh McCluggage,4.5,125,Bet365
St Kilda Saints v Brisbane Lions,St Kilda Saints,Brisbane Lions,Brisbane Lions,St Kilda Saints,Player Goals,Kai Lohmann,0.5,1.44,Bet365
St Kilda Saints v Brisbane Lions,St Kilda Saints,Brisbane Lions,Brisbane Lions,St Kilda Saints,Player Goals,Kai Lohmann,1.5,3,Bet365
St Kilda Saints v Brisbane Lions,St Kilda Saints,Brisbane Lions,Brisbane Lions,St Kilda Saints,Player Goals,Kai Lohmann,2.5,8.5,Bet365
St Kilda Saints v Brisbane Lions,St Kilda Saints,Brisbane Lions,Brisbane Lions,St Kilda Saints,Player Goals,Kai Lohmann,3.5,30,Bet365
St Kilda Saints v Brisbane Lions,St Kilda Saints,Brisbane Lions,Brisbane Lions,St Kilda Saints,Player Goals,Kai Lohmann,4.5,125,Bet365
St Kilda Saints v Brisbane Lions,St Kilda Saints,Brisbane Lions,St Kilda Saints,Brisbane Lions,Player Goals,Anthony Caminiti,0.5,1.47,Bet365
St Kilda Saints v Brisbane Lions,St Kilda Saints,Brisbane Lions,St Kilda Saints,Brisbane Lions,Player Goals,Anthony Caminiti,1.5,3.1,Bet365
St Kilda Saints v Brisbane Lions,St Kilda Saints,Brisbane Lions,St Kilda Saints,Brisbane Lions,Player Goals,Anthony Caminiti,2.5,9,Bet365
St Kilda Saints v Brisbane Lions,St Kilda Saints,Brisbane Lions,St Kilda Saints,Brisbane Lions,Player Goals,Anthony Caminiti,3.5,30,Bet365
St Kilda Saints v Brisbane Lions,St Kilda Saints,Brisbane Lions,St Kilda Saints,Brisbane Lions,Player Goals,Anthony Caminiti,4.5,125,Bet365
St Kilda Saints v Brisbane Lions,St Kilda Saints,Brisbane Lions,St Kilda Saints,Brisbane Lions,Player Goals,Dan Butler,0.5,1.47,Bet365
St Kilda Saints v Brisbane Lions,St Kilda Saints,Brisbane Lions,St Kilda Saints,Brisbane Lions,Player Goals,Dan Butler,1.5,3.1,Bet365
St Kilda Saints v Brisbane Lions,St Kilda Saints,Brisbane Lions,St Kilda Saints,Brisbane Lions,Player Goals,Dan Butler,2.5,9,Bet365
St Kilda Saints v Brisbane Lions,St Kilda Saints,Brisbane Lions,St Kilda Saints,Brisbane Lions,Player Goals,Dan Butler,3.5,30,Bet365
St Kilda Saints v Brisbane Lions,St Kilda Saints,Brisbane Lions,St Kilda Saints,Brisbane Lions,Player Goals,Dan Butler,4.5,125,Bet365
St Kilda Saints v Brisbane Lions,St Kilda Saints,Brisbane Lions,St Kilda Saints,Brisbane Lions,Player Goals,Mitch Owens,0.5,1.53,Bet365
St Kilda Saints v Brisbane Lions,St Kilda Saints,Brisbane Lions,St Kilda Saints,Brisbane Lions,Player Goals,Mitch Owens,1.5,3.4,Bet365
St Kilda Saints v Brisbane Lions,St Kilda Saints,Brisbane Lions,St Kilda Saints,Brisbane Lions,Player Goals,Mitch Owens,2.5,10,Bet365
St Kilda Saints v Brisbane Lions,St Kilda Saints,Brisbane Lions,St Kilda Saints,Brisbane Lions,Player Goals,Mitch Owens,3.5,40,Bet365
St Kilda Saints v Brisbane Lions,St Kilda Saints,Brisbane Lions,St Kilda Saints,Brisbane Lions,Player Goals,Rowan Marshall,0.5,1.53,Bet365
St Kilda Saints v Brisbane Lions,St Kilda Saints,Brisbane Lions,St Kilda Saints,Brisbane Lions,Player Goals,Rowan Marshall,1.5,3.4,Bet365
St Kilda Saints v Brisbane Lions,St Kilda Saints,Brisbane Lions,St Kilda Saints,Brisbane Lions,Player Goals,Rowan Marshall,2.5,10,Bet365
St Kilda Saints v Brisbane Lions,St Kilda Saints,Brisbane Lions,St Kilda Saints,Brisbane Lions,Player Goals,Rowan Marshall,3.5,40,Bet365
St Kilda Saints v Brisbane Lions,St Kilda Saints,Brisbane Lions,Brisbane Lions,St Kilda Saints,Player Goals,Callum Ah Chee,0.5,1.57,Bet365
St Kilda Saints v Brisbane Lions,St Kilda Saints,Brisbane Lions,Brisbane Lions,St Kilda Saints,Player Goals,Callum Ah Chee,1.5,3.6,Bet365
St Kilda Saints v Brisbane Lions,St Kilda Saints,Brisbane Lions,Brisbane Lions,St Kilda Saints,Player Goals,Callum Ah Chee,2.5,11,Bet365
St Kilda Saints v Brisbane Lions,St Kilda Saints,Brisbane Lions,Brisbane Lions,St Kilda Saints,Player Goals,Callum Ah Chee,3.5,45,Bet365
St Kilda Saints v Brisbane Lions,St Kilda Saints,Brisbane Lions,Brisbane Lions,St Kilda Saints,Player Goals,Logan Morris,0.5,1.57,Bet365
St Kilda Saints v Brisbane Lions,St Kilda Saints,Brisbane Lions,Brisbane Lions,St Kilda Saints,Player Goals,Logan Morris,1.5,3.6,Bet365
St Kilda Saints v Brisbane Lions,St Kilda Saints,Brisbane Lions,Brisbane Lions,St Kilda Saints,Player Goals,Logan Morris,2.5,11,Bet365
St Kilda Saints v Brisbane Lions,St Kilda Saints,Brisbane Lions,Brisbane Lions,St Kilda Saints,Player Goals,Logan Morris,3.5,45,Bet365
St Kilda Saints v Brisbane Lions,St Kilda Saints,Brisbane Lions,Brisbane Lions,St Kilda Saints,Player Goals,Zac Bailey,0.5,1.57,Bet365
St Kilda Saints v Brisbane Lions,St Kilda Saints,Brisbane Lions,Brisbane Lions,St Kilda Saints,Player Goals,Zac Bailey,1.5,3.6,Bet365
St Kilda Saints v Brisbane Lions,St Kilda Saints,Brisbane Lions,Brisbane Lions,St Kilda Saints,Player Goals,Zac Bailey,2.5,11,Bet365
St Kilda Saints v Brisbane Lions,St Kilda Saints,Brisbane Lions,Brisbane Lions,St Kilda Saints,Player Goals,Zac Bailey,3.5,45,Bet365
St Kilda Saints v Brisbane Lions,St Kilda Saints,Brisbane Lions,Brisbane Lions,St Kilda Saints,Player Goals,Henry Smith,0.5,2.25,Bet365
St Kilda Saints v Brisbane Lions,St Kilda Saints,Brisbane Lions,Brisbane Lions,St Kilda Saints,Player Goals,Henry Smith,1.5,9.5,Bet365
St Kilda Saints v Brisbane Lions,St Kilda Saints,Brisbane Lions,Brisbane Lions,St Kilda Saints,Player Goals,Henry Smith,2.5,41,Bet365
St Kilda Saints v Brisbane Lions,St Kilda Saints,Brisbane Lions,Brisbane Lions,St Kilda Saints,Player Goals,Will Ashcroft,0.5,2.25,Bet365
St Kilda Saints v Brisbane Lions,St Kilda Saints,Brisbane Lions,Brisbane Lions,St Kilda Saints,Player Goals,Will Ashcroft,1.5,9.5,Bet365
St Kilda Saints v Brisbane Lions,St Kilda Saints,Brisbane Lions,Brisbane Lions,St Kilda Saints,Player Goals,Will Ashcroft,2.5,41,Bet365
St Kilda Saints v Brisbane Lions,St Kilda Saints,Brisbane Lions,St Kilda Saints,Brisbane Lions,Player Goals,Darcy Wilson,0.5,2.35,Bet365
St Kilda Saints v Brisbane Lions,St Kilda Saints,Brisbane Lions,St Kilda Saints,Brisbane Lions,Player Goals,Darcy Wilson,1.5,11,Bet365
St Kilda Saints v Brisbane Lions,St Kilda Saints,Brisbane Lions,St Kilda Saints,Brisbane Lions,Player Goals,Darcy Wilson,2.5,51,Bet365
St Kilda Saints v Brisbane Lions,St Kilda Saints,Brisbane Lions,Brisbane Lions,St Kilda Saints,Player Goals,Lachie Neale,0.5,2.45,Bet365
St Kilda Saints v Brisbane Lions,St Kilda Saints,Brisbane Lions,Brisbane Lions,St Kilda Saints,Player Goals,Lachie Neale,1.5,13,Bet365
St Kilda Saints v Brisbane Lions,St Kilda Saints,Brisbane Lions,Brisbane Lions,St Kilda Saints,Player Goals,Lachie Neale,2.5,71,Bet365
St Kilda Saints v Brisbane Lions,St Kilda Saints,Brisbane Lions,St Kilda Saints,Brisbane Lions,Player Goals,Bradley Hill,0.5,2.8,Bet365
St Kilda Saints v Brisbane Lions,St Kilda Saints,Brisbane Lions,St Kilda Saints,Brisbane Lions,Player Goals,Bradley Hill,1.5,19,Bet365
St Kilda Saints v Brisbane Lions,St Kilda Saints,Brisbane Lions,St Kilda Saints,Brisbane Lions,Player Goals,Bradley Hill,2.5,126,Bet365
St Kilda Saints v Brisbane Lions,St Kilda Saints,Brisbane Lions,Brisbane Lions,St Kilda Saints,Player Goals,Oscar McInerney,0.5,2.85,Bet365
St Kilda Saints v Brisbane Lions,St Kilda Saints,Brisbane Lions,Brisbane Lions,St Kilda Saints,Player Goals,Oscar McInerney,1.5,19,Bet365
St Kilda Saints v Brisbane Lions,St Kilda Saints,Brisbane Lions,Brisbane Lions,St Kilda Saints,Player Goals,Oscar McInerney,2.5,126,Bet365
St Kilda Saints v Brisbane Lions,St Kilda Saints,Brisbane Lions,St Kilda Saints,Brisbane Lions,Player Goals,Jack Steele,0.5,2.9,Bet365
St Kilda Saints v Brisbane Lions,St Kilda Saints,Brisbane Lions,St Kilda Saints,Brisbane Lions,Player Goals,Jack Steele,1.5,21,Bet365
St Kilda Saints v Brisbane Lions,St Kilda Saints,Brisbane Lions,Brisbane Lions,St Kilda Saints,Player Goals,Josh Dunkley,0.5,3,Bet365
St Kilda Saints v Brisbane Lions,St Kilda Saints,Brisbane Lions,Brisbane Lions,St Kilda Saints,Player Goals,Josh Dunkley,1.5,23,Bet365
St Kilda Saints v Brisbane Lions,St Kilda Saints,Brisbane Lions,St Kilda Saints,Brisbane Lions,Player Goals,Jack Sinclair,0.5,3.1,Bet365
St Kilda Saints v Brisbane Lions,St Kilda Saints,Brisbane Lions,St Kilda Saints,Brisbane Lions,Player Goals,Jack Sinclair,1.5,26,Bet365
St Kilda Saints v Brisbane Lions,St Kilda Saints,Brisbane Lions,Brisbane Lions,St Kilda Saints,Player Goals,Jaxon Prior,0.5,3.1,Bet365
St Kilda Saints v Brisbane Lions,St Kilda Saints,Brisbane Lions,Brisbane Lions,St Kilda Saints,Player Goals,Jaxon Prior,1.5,26,Bet365
St Kilda Saints v Brisbane Lions,St Kilda Saints,Brisbane Lions,St Kilda Saints,Brisbane Lions,Player Goals,Zak Jones,0.5,3.1,Bet365
St Kilda Saints v Brisbane Lions,St Kilda Saints,Brisbane Lions,St Kilda Saints,Brisbane Lions,Player Goals,Zak Jones,1.5,26,Bet365
St Kilda Saints v Brisbane Lions,St Kilda Saints,Brisbane Lions,Brisbane Lions,St Kilda Saints,Player Goals,Dayne Zorko,0.5,3.25,Bet365
St Kilda Saints v Brisbane Lions,St Kilda Saints,Brisbane Lions,Brisbane Lions,St Kilda Saints,Player Goals,Dayne Zorko,1.5,29,Bet365
St Kilda Saints v Brisbane Lions,St Kilda Saints,Brisbane Lions,St Kilda Saints,Brisbane Lions,Player Goals,Hugo Garcia,0.5,3.25,Bet365
St Kilda Saints v Brisbane Lions,St Kilda Saints,Brisbane Lions,St Kilda Saints,Brisbane Lions,Player Goals,Hugo Garcia,1.5,29,Bet365
St Kilda Saints v Brisbane Lions,St Kilda Saints,Brisbane Lions,St Kilda Saints,Brisbane Lions,Player Goals,Josh Battle,0.5,3.25,Bet365
St Kilda Saints v Brisbane Lions,St Kilda Saints,Brisbane Lions,St Kilda Saints,Brisbane Lions,Player Goals,Josh Battle,1.5,29,Bet365
St Kilda Saints v Brisbane Lions,St Kilda Saints,Brisbane Lions,Brisbane Lions,St Kilda Saints,Player Goals,Jarrod Berry,0.5,3.4,Bet365
St Kilda Saints v Brisbane Lions,St Kilda Saints,Brisbane Lions,Brisbane Lions,St Kilda Saints,Player Goals,Jarrod Berry,1.5,34,Bet365
St Kilda Saints v Brisbane Lions,St Kilda Saints,Brisbane Lions,Brisbane Lions,St Kilda Saints,Player Goals,Jaspa Fletcher,0.5,3.4,Bet365
St Kilda Saints v Brisbane Lions,St Kilda Saints,Brisbane Lions,Brisbane Lions,St Kilda Saints,Player Goals,Jaspa Fletcher,1.5,34,Bet365
St Kilda Saints v Brisbane Lions,St Kilda Saints,Brisbane Lions,St Kilda Saints,Brisbane Lions,Player Goals,Nasiah Wanganeen-Milera,0.5,3.5,Bet365
St Kilda Saints v Brisbane Lions,St Kilda Saints,Brisbane Lions,St Kilda Saints,Brisbane Lions,Player Goals,Nasiah Wanganeen-Milera,1.5,34,Bet365
St Kilda Saints v Brisbane Lions,St Kilda Saints,Brisbane Lions,Brisbane Lions,St Kilda Saints,Player Goals,Shadeau Brain,0.5,3.5,Bet365
St Kilda Saints v Brisbane Lions,St Kilda Saints,Brisbane Lions,Brisbane Lions,St Kilda Saints,Player Goals,Shadeau Brain,1.5,34,Bet365
St Kilda Saints v Brisbane Lions,St Kilda Saints,Brisbane Lions,St Kilda Saints,Brisbane Lions,Player Goals,Hunter Clark,0.5,3.7,Bet365
St Kilda Saints v Brisbane Lions,St Kilda Saints,Brisbane Lions,St Kilda Saints,Brisbane Lions,Player Goals,Hunter Clark,1.5,41,Bet365
St Kilda Saints v Brisbane Lions,St Kilda Saints,Brisbane Lions,Brisbane Lions,St Kilda Saints,Player Goals,Brandon Starcevich,0.5,3.75,Bet365
St Kilda Saints v Brisbane Lions,St Kilda Saints,Brisbane Lions,Brisbane Lions,St Kilda Saints,Player Goals,Brandon Starcevich,1.5,41,Bet365
St Kilda Saints v Brisbane Lions,St Kilda Saints,Brisbane Lions,Brisbane Lions,St Kilda Saints,Player Goals,Conor McKenna,0.5,3.75,Bet365
St Kilda Saints v Brisbane Lions,St Kilda Saints,Brisbane Lions,Brisbane Lions,St Kilda Saints,Player Goals,Conor McKenna,1.5,41,Bet365
St Kilda Saints v Brisbane Lions,St Kilda Saints,Brisbane Lions,Brisbane Lions,St Kilda Saints,Player Goals,Darcy Wilmot,0.5,3.75,Bet365
St Kilda Saints v Brisbane Lions,St Kilda Saints,Brisbane Lions,Brisbane Lions,St Kilda Saints,Player Goals,Darcy Wilmot,1.5,41,Bet365
St Kilda Saints v Brisbane Lions,St Kilda Saints,Brisbane Lions,Brisbane Lions,St Kilda Saints,Player Goals,Ryan Lester,0.5,3.75,Bet365
St Kilda Saints v Brisbane Lions,St Kilda Saints,Brisbane Lions,Brisbane Lions,St Kilda Saints,Player Goals,Ryan Lester,1.5,41,Bet365
St Kilda Saints v Brisbane Lions,St Kilda Saints,Brisbane Lions,St Kilda Saints,Brisbane Lions,Player Goals,Ryan Byrnes,0.5,3.9,Bet365
St Kilda Saints v Brisbane Lions,St Kilda Saints,Brisbane Lions,St Kilda Saints,Brisbane Lions,Player Goals,Ryan Byrnes,1.5,51,Bet365
St Kilda Saints v Brisbane Lions,St Kilda Saints,Brisbane Lions,St Kilda Saints,Brisbane Lions,Player Goals,Callum Wilkie,0.5,4,Bet365
St Kilda Saints v Brisbane Lions,St Kilda Saints,Brisbane Lions,St Kilda Saints,Brisbane Lions,Player Goals,Callum Wilkie,1.5,51,Bet365
St Kilda Saints v Brisbane Lions,St Kilda Saints,Brisbane Lions,St Kilda Saints,Brisbane Lions,Player Goals,Dougal Howard,0.5,4,Bet365
St Kilda Saints v Brisbane Lions,St Kilda Saints,Brisbane Lions,St Kilda Saints,Brisbane Lions,Player Goals,Dougal Howard,1.5,51,Bet365
St Kilda Saints v Brisbane Lions,St Kilda Saints,Brisbane Lions,St Kilda Saints,Brisbane Lions,Player Goals,Jimmy Webster,0.5,4,Bet365
St Kilda Saints v Brisbane Lions,St Kilda Saints,Brisbane Lions,St Kilda Saints,Brisbane Lions,Player Goals,Jimmy Webster,1.5,51,Bet365
St Kilda Saints v Brisbane Lions,St Kilda Saints,Brisbane Lions,St Kilda Saints,Brisbane Lions,Player Goals,Liam Stocker,0.5,4,Bet365
St Kilda Saints v Brisbane Lions,St Kilda Saints,Brisbane Lions,St Kilda Saints,Brisbane Lions,Player Goals,Liam Stocker,1.5,51,Bet365
St Kilda Saints v Brisbane Lions,St Kilda Saints,Brisbane Lions,St Kilda Saints,Brisbane Lions,Player Goals,Riley Bonner,0.5,4,Bet365
St Kilda Saints v Brisbane Lions,St Kilda Saints,Brisbane Lions,St Kilda Saints,Brisbane Lions,Player Goals,Riley Bonner,1.5,51,Bet365
