match,home_team,away_team,player_team,opposition_team,market_name,player_name,line,over_price,agency,under_price
GWS Giants v Gold Coast Suns,GWS Giants,Gold Coast Suns,GWS Giants,Gold Coast Suns,Player Disposals,Tom Green,19.5,1.02,Bet365,NA
GWS Giants v Gold Coast Suns,GWS Giants,Gold Coast Suns,GWS Giants,Gold Coast Suns,Player Disposals,Tom Green,24.5,1.15,Bet365,NA
GWS Giants v Gold Coast Suns,GWS Giants,Gold Coast Suns,GWS Giants,Gold Coast Suns,Player Disposals,Tom Green,29.5,1.65,Bet365,NA
GWS Giants v Gold Coast Suns,GWS Giants,Gold Coast Suns,GWS Giants,Gold Coast Suns,Player Disposals,Tom Green,34.5,3.5,Bet365,NA
GWS Giants v Gold Coast Suns,GWS Giants,Gold Coast Suns,GWS Giants,Gold Coast Suns,Player Disposals,Tom Green,39.5,8.5,Bet365,NA
GWS Giants v Gold Coast Suns,GWS Giants,Gold Coast Suns,NA,NA,Player Disposals,Lachlan Ash,14.5,1.004,Bet365,NA
GWS Giants v Gold Coast Suns,GWS Giants,Gold Coast Suns,NA,NA,Player Disposals,Lachlan Ash,19.5,1.05,Bet365,NA
GWS Giants v Gold Coast Suns,GWS Giants,Gold Coast Suns,NA,NA,Player Disposals,Lachlan Ash,24.5,1.28,Bet365,NA
GWS Giants v Gold Coast Suns,GWS Giants,Gold Coast Suns,NA,NA,Player Disposals,Lachlan Ash,29.5,2.15,Bet365,NA
GWS Giants v Gold Coast Suns,GWS Giants,Gold Coast Suns,NA,NA,Player Disposals,Lachlan Ash,34.5,5.25,Bet365,NA
GWS Giants v Gold Coast Suns,GWS Giants,Gold Coast Suns,NA,NA,Player Disposals,Lachlan Ash,39.5,13,Bet365,NA
GWS Giants v Gold Coast Suns,GWS Giants,Gold Coast Suns,GWS Giants,Gold Coast Suns,Player Disposals,Lachie Whitfield,14.5,1.005,Bet365,NA
GWS Giants v Gold Coast Suns,GWS Giants,Gold Coast Suns,GWS Giants,Gold Coast Suns,Player Disposals,Lachie Whitfield,19.5,1.07,Bet365,NA
GWS Giants v Gold Coast Suns,GWS Giants,Gold Coast Suns,GWS Giants,Gold Coast Suns,Player Disposals,Lachie Whitfield,24.5,1.36,Bet365,NA
GWS Giants v Gold Coast Suns,GWS Giants,Gold Coast Suns,GWS Giants,Gold Coast Suns,Player Disposals,Lachie Whitfield,29.5,2.5,Bet365,NA
GWS Giants v Gold Coast Suns,GWS Giants,Gold Coast Suns,GWS Giants,Gold Coast Suns,Player Disposals,Lachie Whitfield,34.5,6.5,Bet365,NA
GWS Giants v Gold Coast Suns,GWS Giants,Gold Coast Suns,GWS Giants,Gold Coast Suns,Player Disposals,Lachie Whitfield,39.5,17,Bet365,NA
GWS Giants v Gold Coast Suns,GWS Giants,Gold Coast Suns,GWS Giants,Gold Coast Suns,Player Disposals,Finn Callaghan,14.5,1.015,Bet365,NA
GWS Giants v Gold Coast Suns,GWS Giants,Gold Coast Suns,GWS Giants,Gold Coast Suns,Player Disposals,Finn Callaghan,19.5,1.13,Bet365,NA
GWS Giants v Gold Coast Suns,GWS Giants,Gold Coast Suns,GWS Giants,Gold Coast Suns,Player Disposals,Finn Callaghan,24.5,1.65,Bet365,NA
GWS Giants v Gold Coast Suns,GWS Giants,Gold Coast Suns,GWS Giants,Gold Coast Suns,Player Disposals,Finn Callaghan,29.5,3.6,Bet365,NA
GWS Giants v Gold Coast Suns,GWS Giants,Gold Coast Suns,GWS Giants,Gold Coast Suns,Player Disposals,Finn Callaghan,34.5,9,Bet365,NA
GWS Giants v Gold Coast Suns,GWS Giants,Gold Coast Suns,GWS Giants,Gold Coast Suns,Player Disposals,Josh Kelly,9.5,1.01,Bet365,NA
GWS Giants v Gold Coast Suns,GWS Giants,Gold Coast Suns,GWS Giants,Gold Coast Suns,Player Disposals,Josh Kelly,14.5,1.11,Bet365,NA
GWS Giants v Gold Coast Suns,GWS Giants,Gold Coast Suns,GWS Giants,Gold Coast Suns,Player Disposals,Josh Kelly,19.5,1.65,Bet365,NA
GWS Giants v Gold Coast Suns,GWS Giants,Gold Coast Suns,GWS Giants,Gold Coast Suns,Player Disposals,Josh Kelly,24.5,3.75,Bet365,NA
GWS Giants v Gold Coast Suns,GWS Giants,Gold Coast Suns,GWS Giants,Gold Coast Suns,Player Disposals,Josh Kelly,29.5,10,Bet365,NA
GWS Giants v Gold Coast Suns,GWS Giants,Gold Coast Suns,GWS Giants,Gold Coast Suns,Player Disposals,Connor Idun,9.5,1.015,Bet365,NA
GWS Giants v Gold Coast Suns,GWS Giants,Gold Coast Suns,GWS Giants,Gold Coast Suns,Player Disposals,Connor Idun,14.5,1.16,Bet365,NA
GWS Giants v Gold Coast Suns,GWS Giants,Gold Coast Suns,GWS Giants,Gold Coast Suns,Player Disposals,Connor Idun,19.5,1.87,Bet365,NA
GWS Giants v Gold Coast Suns,GWS Giants,Gold Coast Suns,GWS Giants,Gold Coast Suns,Player Disposals,Connor Idun,24.5,4.75,Bet365,NA
GWS Giants v Gold Coast Suns,GWS Giants,Gold Coast Suns,GWS Giants,Gold Coast Suns,Player Disposals,Connor Idun,29.5,13,Bet365,NA
GWS Giants v Gold Coast Suns,GWS Giants,Gold Coast Suns,GWS Giants,Gold Coast Suns,Player Disposals,Harry Himmelberg,9.5,1.04,Bet365,NA
GWS Giants v Gold Coast Suns,GWS Giants,Gold Coast Suns,GWS Giants,Gold Coast Suns,Player Disposals,Harry Himmelberg,14.5,1.32,Bet365,NA
GWS Giants v Gold Coast Suns,GWS Giants,Gold Coast Suns,GWS Giants,Gold Coast Suns,Player Disposals,Harry Himmelberg,19.5,2.65,Bet365,NA
GWS Giants v Gold Coast Suns,GWS Giants,Gold Coast Suns,GWS Giants,Gold Coast Suns,Player Disposals,Harry Himmelberg,24.5,8,Bet365,NA
GWS Giants v Gold Coast Suns,GWS Giants,Gold Coast Suns,GWS Giants,Gold Coast Suns,Player Disposals,Harry Himmelberg,29.5,23,Bet365,NA
GWS Giants v Gold Coast Suns,GWS Giants,Gold Coast Suns,GWS Giants,Gold Coast Suns,Player Disposals,Harry Rowston,9.5,1.04,Bet365,NA
GWS Giants v Gold Coast Suns,GWS Giants,Gold Coast Suns,GWS Giants,Gold Coast Suns,Player Disposals,Harry Rowston,14.5,1.32,Bet365,NA
GWS Giants v Gold Coast Suns,GWS Giants,Gold Coast Suns,GWS Giants,Gold Coast Suns,Player Disposals,Harry Rowston,19.5,2.65,Bet365,NA
GWS Giants v Gold Coast Suns,GWS Giants,Gold Coast Suns,GWS Giants,Gold Coast Suns,Player Disposals,Harry Rowston,24.5,8,Bet365,NA
GWS Giants v Gold Coast Suns,GWS Giants,Gold Coast Suns,GWS Giants,Gold Coast Suns,Player Disposals,Harry Rowston,29.5,23,Bet365,NA
GWS Giants v Gold Coast Suns,GWS Giants,Gold Coast Suns,GWS Giants,Gold Coast Suns,Player Disposals,Toby Greene,9.5,1.06,Bet365,NA
GWS Giants v Gold Coast Suns,GWS Giants,Gold Coast Suns,GWS Giants,Gold Coast Suns,Player Disposals,Toby Greene,14.5,1.45,Bet365,NA
GWS Giants v Gold Coast Suns,GWS Giants,Gold Coast Suns,GWS Giants,Gold Coast Suns,Player Disposals,Toby Greene,19.5,3.35,Bet365,NA
GWS Giants v Gold Coast Suns,GWS Giants,Gold Coast Suns,GWS Giants,Gold Coast Suns,Player Disposals,Toby Greene,24.5,10,Bet365,NA
GWS Giants v Gold Coast Suns,GWS Giants,Gold Coast Suns,GWS Giants,Gold Coast Suns,Player Disposals,Xavier O'Halloran,9.5,1.06,Bet365,NA
GWS Giants v Gold Coast Suns,GWS Giants,Gold Coast Suns,GWS Giants,Gold Coast Suns,Player Disposals,Xavier O'Halloran,14.5,1.45,Bet365,NA
GWS Giants v Gold Coast Suns,GWS Giants,Gold Coast Suns,GWS Giants,Gold Coast Suns,Player Disposals,Xavier O'Halloran,19.5,3.35,Bet365,NA
GWS Giants v Gold Coast Suns,GWS Giants,Gold Coast Suns,GWS Giants,Gold Coast Suns,Player Disposals,Xavier O'Halloran,24.5,10,Bet365,NA
GWS Giants v Gold Coast Suns,GWS Giants,Gold Coast Suns,GWS Giants,Gold Coast Suns,Player Disposals,Darcy Jones,9.5,1.06,Bet365,NA
GWS Giants v Gold Coast Suns,GWS Giants,Gold Coast Suns,GWS Giants,Gold Coast Suns,Player Disposals,Darcy Jones,14.5,1.45,Bet365,NA
GWS Giants v Gold Coast Suns,GWS Giants,Gold Coast Suns,GWS Giants,Gold Coast Suns,Player Disposals,Darcy Jones,19.5,3.35,Bet365,NA
GWS Giants v Gold Coast Suns,GWS Giants,Gold Coast Suns,GWS Giants,Gold Coast Suns,Player Disposals,Darcy Jones,24.5,10,Bet365,NA
GWS Giants v Gold Coast Suns,GWS Giants,Gold Coast Suns,GWS Giants,Gold Coast Suns,Player Disposals,Ryan Angwin,9.5,1.08,Bet365,NA
GWS Giants v Gold Coast Suns,GWS Giants,Gold Coast Suns,GWS Giants,Gold Coast Suns,Player Disposals,Ryan Angwin,14.5,1.62,Bet365,NA
GWS Giants v Gold Coast Suns,GWS Giants,Gold Coast Suns,GWS Giants,Gold Coast Suns,Player Disposals,Ryan Angwin,19.5,4.33,Bet365,NA
GWS Giants v Gold Coast Suns,GWS Giants,Gold Coast Suns,GWS Giants,Gold Coast Suns,Player Disposals,Ryan Angwin,24.5,13,Bet365,NA
GWS Giants v Gold Coast Suns,GWS Giants,Gold Coast Suns,GWS Giants,Gold Coast Suns,Player Disposals,Jake Riccardi,9.5,1.12,Bet365,NA
GWS Giants v Gold Coast Suns,GWS Giants,Gold Coast Suns,GWS Giants,Gold Coast Suns,Player Disposals,Jake Riccardi,14.5,1.87,Bet365,NA
GWS Giants v Gold Coast Suns,GWS Giants,Gold Coast Suns,GWS Giants,Gold Coast Suns,Player Disposals,Jake Riccardi,19.5,5.75,Bet365,NA
GWS Giants v Gold Coast Suns,GWS Giants,Gold Coast Suns,GWS Giants,Gold Coast Suns,Player Disposals,Jake Riccardi,24.5,19,Bet365,NA
GWS Giants v Gold Coast Suns,GWS Giants,Gold Coast Suns,GWS Giants,Gold Coast Suns,Player Disposals,Jack Buckley,9.5,1.12,Bet365,NA
GWS Giants v Gold Coast Suns,GWS Giants,Gold Coast Suns,GWS Giants,Gold Coast Suns,Player Disposals,Jack Buckley,14.5,1.87,Bet365,NA
GWS Giants v Gold Coast Suns,GWS Giants,Gold Coast Suns,GWS Giants,Gold Coast Suns,Player Disposals,Jack Buckley,19.5,5.75,Bet365,NA
GWS Giants v Gold Coast Suns,GWS Giants,Gold Coast Suns,GWS Giants,Gold Coast Suns,Player Disposals,Jack Buckley,24.5,19,Bet365,NA
GWS Giants v Gold Coast Suns,GWS Giants,Gold Coast Suns,GWS Giants,Gold Coast Suns,Player Disposals,Nicholas Madden,9.5,1.12,Bet365,NA
GWS Giants v Gold Coast Suns,GWS Giants,Gold Coast Suns,GWS Giants,Gold Coast Suns,Player Disposals,Nicholas Madden,14.5,1.87,Bet365,NA
GWS Giants v Gold Coast Suns,GWS Giants,Gold Coast Suns,GWS Giants,Gold Coast Suns,Player Disposals,Nicholas Madden,19.5,5.75,Bet365,NA
GWS Giants v Gold Coast Suns,GWS Giants,Gold Coast Suns,GWS Giants,Gold Coast Suns,Player Disposals,Nicholas Madden,24.5,19,Bet365,NA
GWS Giants v Gold Coast Suns,GWS Giants,Gold Coast Suns,GWS Giants,Gold Coast Suns,Player Disposals,Harvey Thomas,9.5,1.12,Bet365,NA
GWS Giants v Gold Coast Suns,GWS Giants,Gold Coast Suns,GWS Giants,Gold Coast Suns,Player Disposals,Harvey Thomas,14.5,1.87,Bet365,NA
GWS Giants v Gold Coast Suns,GWS Giants,Gold Coast Suns,GWS Giants,Gold Coast Suns,Player Disposals,Harvey Thomas,19.5,5.75,Bet365,NA
GWS Giants v Gold Coast Suns,GWS Giants,Gold Coast Suns,GWS Giants,Gold Coast Suns,Player Disposals,Harvey Thomas,24.5,19,Bet365,NA
GWS Giants v Gold Coast Suns,GWS Giants,Gold Coast Suns,GWS Giants,Gold Coast Suns,Player Disposals,Joe Fonti,9.5,1.18,Bet365,NA
GWS Giants v Gold Coast Suns,GWS Giants,Gold Coast Suns,GWS Giants,Gold Coast Suns,Player Disposals,Joe Fonti,14.5,2.25,Bet365,NA
GWS Giants v Gold Coast Suns,GWS Giants,Gold Coast Suns,GWS Giants,Gold Coast Suns,Player Disposals,Joe Fonti,19.5,7.5,Bet365,NA
GWS Giants v Gold Coast Suns,GWS Giants,Gold Coast Suns,GWS Giants,Gold Coast Suns,Player Disposals,Jake Stringer,9.5,1.26,Bet365,NA
GWS Giants v Gold Coast Suns,GWS Giants,Gold Coast Suns,GWS Giants,Gold Coast Suns,Player Disposals,Jake Stringer,14.5,2.8,Bet365,NA
GWS Giants v Gold Coast Suns,GWS Giants,Gold Coast Suns,GWS Giants,Gold Coast Suns,Player Disposals,Jake Stringer,19.5,10,Bet365,NA
GWS Giants v Gold Coast Suns,GWS Giants,Gold Coast Suns,GWS Giants,Gold Coast Suns,Player Disposals,Jesse Hogan,9.5,1.26,Bet365,NA
GWS Giants v Gold Coast Suns,GWS Giants,Gold Coast Suns,GWS Giants,Gold Coast Suns,Player Disposals,Jesse Hogan,14.5,2.8,Bet365,NA
GWS Giants v Gold Coast Suns,GWS Giants,Gold Coast Suns,GWS Giants,Gold Coast Suns,Player Disposals,Jesse Hogan,19.5,10,Bet365,NA
GWS Giants v Gold Coast Suns,GWS Giants,Gold Coast Suns,NA,NA,Player Disposals,Callum Brown,9.5,1.26,Bet365,NA
GWS Giants v Gold Coast Suns,GWS Giants,Gold Coast Suns,NA,NA,Player Disposals,Callum Brown,14.5,2.8,Bet365,NA
GWS Giants v Gold Coast Suns,GWS Giants,Gold Coast Suns,NA,NA,Player Disposals,Callum Brown,19.5,10,Bet365,NA
GWS Giants v Gold Coast Suns,GWS Giants,Gold Coast Suns,GWS Giants,Gold Coast Suns,Player Disposals,Toby Bedford,9.5,1.26,Bet365,NA
GWS Giants v Gold Coast Suns,GWS Giants,Gold Coast Suns,GWS Giants,Gold Coast Suns,Player Disposals,Toby Bedford,14.5,2.8,Bet365,NA
GWS Giants v Gold Coast Suns,GWS Giants,Gold Coast Suns,GWS Giants,Gold Coast Suns,Player Disposals,Toby Bedford,19.5,10,Bet365,NA
GWS Giants v Gold Coast Suns,GWS Giants,Gold Coast Suns,GWS Giants,Gold Coast Suns,Player Disposals,Aaron Cadman,9.5,1.26,Bet365,NA
GWS Giants v Gold Coast Suns,GWS Giants,Gold Coast Suns,GWS Giants,Gold Coast Suns,Player Disposals,Aaron Cadman,14.5,2.8,Bet365,NA
GWS Giants v Gold Coast Suns,GWS Giants,Gold Coast Suns,GWS Giants,Gold Coast Suns,Player Disposals,Aaron Cadman,19.5,10,Bet365,NA
GWS Giants v Gold Coast Suns,GWS Giants,Gold Coast Suns,GWS Giants,Gold Coast Suns,Player Disposals,Leek Aleer,9.5,1.57,Bet365,NA
GWS Giants v Gold Coast Suns,GWS Giants,Gold Coast Suns,GWS Giants,Gold Coast Suns,Player Disposals,Leek Aleer,14.5,5,Bet365,NA
GWS Giants v Gold Coast Suns,GWS Giants,Gold Coast Suns,GWS Giants,Gold Coast Suns,Player Disposals,Leek Aleer,19.5,19,Bet365,NA
Western Bulldogs v Richmond Tigers,Western Bulldogs,Richmond Tigers,Western Bulldogs,Richmond Tigers,Player Disposals,Bailey Dale,19.5,1.02,Bet365,NA
Western Bulldogs v Richmond Tigers,Western Bulldogs,Richmond Tigers,Western Bulldogs,Richmond Tigers,Player Disposals,Bailey Dale,24.5,1.15,Bet365,NA
Western Bulldogs v Richmond Tigers,Western Bulldogs,Richmond Tigers,Western Bulldogs,Richmond Tigers,Player Disposals,Bailey Dale,29.5,1.65,Bet365,NA
Western Bulldogs v Richmond Tigers,Western Bulldogs,Richmond Tigers,Western Bulldogs,Richmond Tigers,Player Disposals,Bailey Dale,34.5,3.5,Bet365,NA
Western Bulldogs v Richmond Tigers,Western Bulldogs,Richmond Tigers,Western Bulldogs,Richmond Tigers,Player Disposals,Bailey Dale,39.5,8.5,Bet365,NA
Western Bulldogs v Richmond Tigers,Western Bulldogs,Richmond Tigers,Western Bulldogs,Richmond Tigers,Player Disposals,Matthew Kennedy,14.5,1.01,Bet365,NA
Western Bulldogs v Richmond Tigers,Western Bulldogs,Richmond Tigers,Western Bulldogs,Richmond Tigers,Player Disposals,Matthew Kennedy,19.5,1.1,Bet365,NA
Western Bulldogs v Richmond Tigers,Western Bulldogs,Richmond Tigers,Western Bulldogs,Richmond Tigers,Player Disposals,Matthew Kennedy,24.5,1.5,Bet365,NA
Western Bulldogs v Richmond Tigers,Western Bulldogs,Richmond Tigers,Western Bulldogs,Richmond Tigers,Player Disposals,Matthew Kennedy,29.5,3,Bet365,NA
Western Bulldogs v Richmond Tigers,Western Bulldogs,Richmond Tigers,Western Bulldogs,Richmond Tigers,Player Disposals,Matthew Kennedy,34.5,8,Bet365,NA
Western Bulldogs v Richmond Tigers,Western Bulldogs,Richmond Tigers,Western Bulldogs,Richmond Tigers,Player Disposals,Matthew Kennedy,39.5,21,Bet365,NA
Western Bulldogs v Richmond Tigers,Western Bulldogs,Richmond Tigers,Western Bulldogs,Richmond Tigers,Player Disposals,Adam Treloar,14.5,1.015,Bet365,NA
Western Bulldogs v Richmond Tigers,Western Bulldogs,Richmond Tigers,Western Bulldogs,Richmond Tigers,Player Disposals,Adam Treloar,19.5,1.13,Bet365,NA
Western Bulldogs v Richmond Tigers,Western Bulldogs,Richmond Tigers,Western Bulldogs,Richmond Tigers,Player Disposals,Adam Treloar,24.5,1.65,Bet365,NA
Western Bulldogs v Richmond Tigers,Western Bulldogs,Richmond Tigers,Western Bulldogs,Richmond Tigers,Player Disposals,Adam Treloar,29.5,3.6,Bet365,NA
Western Bulldogs v Richmond Tigers,Western Bulldogs,Richmond Tigers,Western Bulldogs,Richmond Tigers,Player Disposals,Adam Treloar,34.5,9,Bet365,NA
Western Bulldogs v Richmond Tigers,Western Bulldogs,Richmond Tigers,Western Bulldogs,Richmond Tigers,Player Disposals,Ed Richards,14.5,1.015,Bet365,NA
Western Bulldogs v Richmond Tigers,Western Bulldogs,Richmond Tigers,Western Bulldogs,Richmond Tigers,Player Disposals,Ed Richards,19.5,1.13,Bet365,NA
Western Bulldogs v Richmond Tigers,Western Bulldogs,Richmond Tigers,Western Bulldogs,Richmond Tigers,Player Disposals,Ed Richards,24.5,1.65,Bet365,NA
Western Bulldogs v Richmond Tigers,Western Bulldogs,Richmond Tigers,Western Bulldogs,Richmond Tigers,Player Disposals,Ed Richards,29.5,3.6,Bet365,NA
Western Bulldogs v Richmond Tigers,Western Bulldogs,Richmond Tigers,Western Bulldogs,Richmond Tigers,Player Disposals,Ed Richards,34.5,9,Bet365,NA
Western Bulldogs v Richmond Tigers,Western Bulldogs,Richmond Tigers,Western Bulldogs,Richmond Tigers,Player Disposals,Tom Liberatore,14.5,1.015,Bet365,NA
Western Bulldogs v Richmond Tigers,Western Bulldogs,Richmond Tigers,Western Bulldogs,Richmond Tigers,Player Disposals,Tom Liberatore,19.5,1.13,Bet365,NA
Western Bulldogs v Richmond Tigers,Western Bulldogs,Richmond Tigers,Western Bulldogs,Richmond Tigers,Player Disposals,Tom Liberatore,24.5,1.65,Bet365,NA
Western Bulldogs v Richmond Tigers,Western Bulldogs,Richmond Tigers,Western Bulldogs,Richmond Tigers,Player Disposals,Tom Liberatore,29.5,3.6,Bet365,NA
Western Bulldogs v Richmond Tigers,Western Bulldogs,Richmond Tigers,Western Bulldogs,Richmond Tigers,Player Disposals,Tom Liberatore,34.5,9,Bet365,NA
Western Bulldogs v Richmond Tigers,Western Bulldogs,Richmond Tigers,Western Bulldogs,Richmond Tigers,Player Disposals,Marcus Bontempelli,14.5,1.025,Bet365,NA
Western Bulldogs v Richmond Tigers,Western Bulldogs,Richmond Tigers,Western Bulldogs,Richmond Tigers,Player Disposals,Marcus Bontempelli,19.5,1.18,Bet365,NA
Western Bulldogs v Richmond Tigers,Western Bulldogs,Richmond Tigers,Western Bulldogs,Richmond Tigers,Player Disposals,Marcus Bontempelli,24.5,1.87,Bet365,NA
Western Bulldogs v Richmond Tigers,Western Bulldogs,Richmond Tigers,Western Bulldogs,Richmond Tigers,Player Disposals,Marcus Bontempelli,29.5,4.5,Bet365,NA
Western Bulldogs v Richmond Tigers,Western Bulldogs,Richmond Tigers,Western Bulldogs,Richmond Tigers,Player Disposals,Marcus Bontempelli,34.5,10.5,Bet365,NA
Western Bulldogs v Richmond Tigers,Western Bulldogs,Richmond Tigers,Western Bulldogs,Richmond Tigers,Player Disposals,Bailey Williams,9.5,1.015,Bet365,NA
Western Bulldogs v Richmond Tigers,Western Bulldogs,Richmond Tigers,Western Bulldogs,Richmond Tigers,Player Disposals,Bailey Williams,14.5,1.16,Bet365,NA
Western Bulldogs v Richmond Tigers,Western Bulldogs,Richmond Tigers,Western Bulldogs,Richmond Tigers,Player Disposals,Bailey Williams,19.5,1.87,Bet365,NA
Western Bulldogs v Richmond Tigers,Western Bulldogs,Richmond Tigers,Western Bulldogs,Richmond Tigers,Player Disposals,Bailey Williams,24.5,4.75,Bet365,NA
Western Bulldogs v Richmond Tigers,Western Bulldogs,Richmond Tigers,Western Bulldogs,Richmond Tigers,Player Disposals,Bailey Williams,29.5,13,Bet365,NA
Western Bulldogs v Richmond Tigers,Western Bulldogs,Richmond Tigers,Western Bulldogs,Richmond Tigers,Player Disposals,Ryley Sanders,9.5,1.015,Bet365,NA
Western Bulldogs v Richmond Tigers,Western Bulldogs,Richmond Tigers,Western Bulldogs,Richmond Tigers,Player Disposals,Ryley Sanders,14.5,1.16,Bet365,NA
Western Bulldogs v Richmond Tigers,Western Bulldogs,Richmond Tigers,Western Bulldogs,Richmond Tigers,Player Disposals,Ryley Sanders,19.5,1.87,Bet365,NA
Western Bulldogs v Richmond Tigers,Western Bulldogs,Richmond Tigers,Western Bulldogs,Richmond Tigers,Player Disposals,Ryley Sanders,24.5,4.75,Bet365,NA
Western Bulldogs v Richmond Tigers,Western Bulldogs,Richmond Tigers,Western Bulldogs,Richmond Tigers,Player Disposals,Ryley Sanders,29.5,13,Bet365,NA
Western Bulldogs v Richmond Tigers,Western Bulldogs,Richmond Tigers,Western Bulldogs,Richmond Tigers,Player Disposals,Joel Freijah,9.5,1.015,Bet365,NA
Western Bulldogs v Richmond Tigers,Western Bulldogs,Richmond Tigers,Western Bulldogs,Richmond Tigers,Player Disposals,Joel Freijah,14.5,1.16,Bet365,NA
Western Bulldogs v Richmond Tigers,Western Bulldogs,Richmond Tigers,Western Bulldogs,Richmond Tigers,Player Disposals,Joel Freijah,19.5,1.87,Bet365,NA
Western Bulldogs v Richmond Tigers,Western Bulldogs,Richmond Tigers,Western Bulldogs,Richmond Tigers,Player Disposals,Joel Freijah,24.5,4.75,Bet365,NA
Western Bulldogs v Richmond Tigers,Western Bulldogs,Richmond Tigers,Western Bulldogs,Richmond Tigers,Player Disposals,Joel Freijah,29.5,13,Bet365,NA
Western Bulldogs v Richmond Tigers,Western Bulldogs,Richmond Tigers,Western Bulldogs,Richmond Tigers,Player Disposals,Tim English,9.5,1.025,Bet365,NA
Western Bulldogs v Richmond Tigers,Western Bulldogs,Richmond Tigers,Western Bulldogs,Richmond Tigers,Player Disposals,Tim English,14.5,1.22,Bet365,NA
Western Bulldogs v Richmond Tigers,Western Bulldogs,Richmond Tigers,Western Bulldogs,Richmond Tigers,Player Disposals,Tim English,19.5,2.2,Bet365,NA
Western Bulldogs v Richmond Tigers,Western Bulldogs,Richmond Tigers,Western Bulldogs,Richmond Tigers,Player Disposals,Tim English,24.5,6.5,Bet365,NA
Western Bulldogs v Richmond Tigers,Western Bulldogs,Richmond Tigers,Western Bulldogs,Richmond Tigers,Player Disposals,Tim English,29.5,19,Bet365,NA
Western Bulldogs v Richmond Tigers,Western Bulldogs,Richmond Tigers,Western Bulldogs,Richmond Tigers,Player Disposals,Sam Darcy,9.5,1.04,Bet365,NA
Western Bulldogs v Richmond Tigers,Western Bulldogs,Richmond Tigers,Western Bulldogs,Richmond Tigers,Player Disposals,Sam Darcy,14.5,1.32,Bet365,NA
Western Bulldogs v Richmond Tigers,Western Bulldogs,Richmond Tigers,Western Bulldogs,Richmond Tigers,Player Disposals,Sam Darcy,19.5,2.65,Bet365,NA
Western Bulldogs v Richmond Tigers,Western Bulldogs,Richmond Tigers,Western Bulldogs,Richmond Tigers,Player Disposals,Sam Darcy,24.5,8,Bet365,NA
Western Bulldogs v Richmond Tigers,Western Bulldogs,Richmond Tigers,Western Bulldogs,Richmond Tigers,Player Disposals,Sam Darcy,29.5,23,Bet365,NA
Western Bulldogs v Richmond Tigers,Western Bulldogs,Richmond Tigers,Western Bulldogs,Richmond Tigers,Player Disposals,Lachlan Bramble,9.5,1.06,Bet365,NA
Western Bulldogs v Richmond Tigers,Western Bulldogs,Richmond Tigers,Western Bulldogs,Richmond Tigers,Player Disposals,Lachlan Bramble,14.5,1.45,Bet365,NA
Western Bulldogs v Richmond Tigers,Western Bulldogs,Richmond Tigers,Western Bulldogs,Richmond Tigers,Player Disposals,Lachlan Bramble,19.5,3.35,Bet365,NA
Western Bulldogs v Richmond Tigers,Western Bulldogs,Richmond Tigers,Western Bulldogs,Richmond Tigers,Player Disposals,Lachlan Bramble,24.5,10,Bet365,NA
Western Bulldogs v Richmond Tigers,Western Bulldogs,Richmond Tigers,Western Bulldogs,Richmond Tigers,Player Disposals,Cooper Hynes,9.5,1.06,Bet365,NA
Western Bulldogs v Richmond Tigers,Western Bulldogs,Richmond Tigers,Western Bulldogs,Richmond Tigers,Player Disposals,Cooper Hynes,14.5,1.45,Bet365,NA
Western Bulldogs v Richmond Tigers,Western Bulldogs,Richmond Tigers,Western Bulldogs,Richmond Tigers,Player Disposals,Cooper Hynes,19.5,3.35,Bet365,NA
Western Bulldogs v Richmond Tigers,Western Bulldogs,Richmond Tigers,Western Bulldogs,Richmond Tigers,Player Disposals,Cooper Hynes,24.5,10,Bet365,NA
Western Bulldogs v Richmond Tigers,Western Bulldogs,Richmond Tigers,Western Bulldogs,Richmond Tigers,Player Disposals,Sam Davidson,9.5,1.06,Bet365,NA
Western Bulldogs v Richmond Tigers,Western Bulldogs,Richmond Tigers,Western Bulldogs,Richmond Tigers,Player Disposals,Sam Davidson,14.5,1.45,Bet365,NA
Western Bulldogs v Richmond Tigers,Western Bulldogs,Richmond Tigers,Western Bulldogs,Richmond Tigers,Player Disposals,Sam Davidson,19.5,3.35,Bet365,NA
Western Bulldogs v Richmond Tigers,Western Bulldogs,Richmond Tigers,Western Bulldogs,Richmond Tigers,Player Disposals,Sam Davidson,24.5,10,Bet365,NA
Western Bulldogs v Richmond Tigers,Western Bulldogs,Richmond Tigers,Western Bulldogs,Richmond Tigers,Player Disposals,Rory Lobb,9.5,1.08,Bet365,NA
Western Bulldogs v Richmond Tigers,Western Bulldogs,Richmond Tigers,Western Bulldogs,Richmond Tigers,Player Disposals,Rory Lobb,14.5,1.62,Bet365,NA
Western Bulldogs v Richmond Tigers,Western Bulldogs,Richmond Tigers,Western Bulldogs,Richmond Tigers,Player Disposals,Rory Lobb,19.5,4.33,Bet365,NA
Western Bulldogs v Richmond Tigers,Western Bulldogs,Richmond Tigers,Western Bulldogs,Richmond Tigers,Player Disposals,Rory Lobb,24.5,13,Bet365,NA
Western Bulldogs v Richmond Tigers,Western Bulldogs,Richmond Tigers,Western Bulldogs,Richmond Tigers,Player Disposals,Rhylee West,9.5,1.12,Bet365,NA
Western Bulldogs v Richmond Tigers,Western Bulldogs,Richmond Tigers,Western Bulldogs,Richmond Tigers,Player Disposals,Rhylee West,14.5,1.87,Bet365,NA
Western Bulldogs v Richmond Tigers,Western Bulldogs,Richmond Tigers,Western Bulldogs,Richmond Tigers,Player Disposals,Rhylee West,19.5,5.75,Bet365,NA
Western Bulldogs v Richmond Tigers,Western Bulldogs,Richmond Tigers,Western Bulldogs,Richmond Tigers,Player Disposals,Rhylee West,24.5,19,Bet365,NA
Western Bulldogs v Richmond Tigers,Western Bulldogs,Richmond Tigers,Western Bulldogs,Richmond Tigers,Player Disposals,Lachlan McNeil,9.5,1.12,Bet365,NA
Western Bulldogs v Richmond Tigers,Western Bulldogs,Richmond Tigers,Western Bulldogs,Richmond Tigers,Player Disposals,Lachlan McNeil,14.5,1.87,Bet365,NA
Western Bulldogs v Richmond Tigers,Western Bulldogs,Richmond Tigers,Western Bulldogs,Richmond Tigers,Player Disposals,Lachlan McNeil,19.5,5.75,Bet365,NA
Western Bulldogs v Richmond Tigers,Western Bulldogs,Richmond Tigers,Western Bulldogs,Richmond Tigers,Player Disposals,Lachlan McNeil,24.5,19,Bet365,NA
Western Bulldogs v Richmond Tigers,Western Bulldogs,Richmond Tigers,NA,NA,Player Disposals,Nicholas Coffield,9.5,1.18,Bet365,NA
Western Bulldogs v Richmond Tigers,Western Bulldogs,Richmond Tigers,NA,NA,Player Disposals,Nicholas Coffield,14.5,2.25,Bet365,NA
Western Bulldogs v Richmond Tigers,Western Bulldogs,Richmond Tigers,NA,NA,Player Disposals,Nicholas Coffield,19.5,7.5,Bet365,NA
Western Bulldogs v Richmond Tigers,Western Bulldogs,Richmond Tigers,Western Bulldogs,Richmond Tigers,Player Disposals,Laitham Vandermeer,9.5,1.18,Bet365,NA
Western Bulldogs v Richmond Tigers,Western Bulldogs,Richmond Tigers,Western Bulldogs,Richmond Tigers,Player Disposals,Laitham Vandermeer,14.5,2.25,Bet365,NA
Western Bulldogs v Richmond Tigers,Western Bulldogs,Richmond Tigers,Western Bulldogs,Richmond Tigers,Player Disposals,Laitham Vandermeer,19.5,7.5,Bet365,NA
Western Bulldogs v Richmond Tigers,Western Bulldogs,Richmond Tigers,Western Bulldogs,Richmond Tigers,Player Disposals,James O'Donnell,9.5,1.18,Bet365,NA
Western Bulldogs v Richmond Tigers,Western Bulldogs,Richmond Tigers,Western Bulldogs,Richmond Tigers,Player Disposals,James O'Donnell,14.5,2.25,Bet365,NA
Western Bulldogs v Richmond Tigers,Western Bulldogs,Richmond Tigers,Western Bulldogs,Richmond Tigers,Player Disposals,James O'Donnell,19.5,7.5,Bet365,NA
Western Bulldogs v Richmond Tigers,Western Bulldogs,Richmond Tigers,Western Bulldogs,Richmond Tigers,Player Disposals,Aaron Naughton,9.5,1.26,Bet365,NA
Western Bulldogs v Richmond Tigers,Western Bulldogs,Richmond Tigers,Western Bulldogs,Richmond Tigers,Player Disposals,Aaron Naughton,14.5,2.8,Bet365,NA
Western Bulldogs v Richmond Tigers,Western Bulldogs,Richmond Tigers,Western Bulldogs,Richmond Tigers,Player Disposals,Aaron Naughton,19.5,10,Bet365,NA
Western Bulldogs v Richmond Tigers,Western Bulldogs,Richmond Tigers,Western Bulldogs,Richmond Tigers,Player Disposals,Buku Khamis,9.5,1.26,Bet365,NA
Western Bulldogs v Richmond Tigers,Western Bulldogs,Richmond Tigers,Western Bulldogs,Richmond Tigers,Player Disposals,Buku Khamis,14.5,2.8,Bet365,NA
Western Bulldogs v Richmond Tigers,Western Bulldogs,Richmond Tigers,Western Bulldogs,Richmond Tigers,Player Disposals,Buku Khamis,19.5,10,Bet365,NA
Western Bulldogs v Richmond Tigers,Western Bulldogs,Richmond Tigers,Western Bulldogs,Richmond Tigers,Player Disposals,Josh Dolan,9.5,1.38,Bet365,NA
Western Bulldogs v Richmond Tigers,Western Bulldogs,Richmond Tigers,Western Bulldogs,Richmond Tigers,Player Disposals,Josh Dolan,14.5,3.75,Bet365,NA
Western Bulldogs v Richmond Tigers,Western Bulldogs,Richmond Tigers,Western Bulldogs,Richmond Tigers,Player Disposals,Josh Dolan,19.5,15,Bet365,NA
GWS Giants v Gold Coast Suns,GWS Giants,Gold Coast Suns,Gold Coast Suns,GWS Giants,Player Disposals,Noah Anderson,14.5,1.005,Bet365,NA
GWS Giants v Gold Coast Suns,GWS Giants,Gold Coast Suns,Gold Coast Suns,GWS Giants,Player Disposals,Noah Anderson,19.5,1.07,Bet365,NA
GWS Giants v Gold Coast Suns,GWS Giants,Gold Coast Suns,Gold Coast Suns,GWS Giants,Player Disposals,Noah Anderson,24.5,1.36,Bet365,NA
GWS Giants v Gold Coast Suns,GWS Giants,Gold Coast Suns,Gold Coast Suns,GWS Giants,Player Disposals,Noah Anderson,29.5,2.5,Bet365,NA
GWS Giants v Gold Coast Suns,GWS Giants,Gold Coast Suns,Gold Coast Suns,GWS Giants,Player Disposals,Noah Anderson,34.5,6.5,Bet365,NA
GWS Giants v Gold Coast Suns,GWS Giants,Gold Coast Suns,Gold Coast Suns,GWS Giants,Player Disposals,Noah Anderson,39.5,17,Bet365,NA
GWS Giants v Gold Coast Suns,GWS Giants,Gold Coast Suns,Gold Coast Suns,GWS Giants,Player Disposals,Touk Miller,14.5,1.04,Bet365,NA
GWS Giants v Gold Coast Suns,GWS Giants,Gold Coast Suns,Gold Coast Suns,GWS Giants,Player Disposals,Touk Miller,19.5,1.26,Bet365,NA
GWS Giants v Gold Coast Suns,GWS Giants,Gold Coast Suns,Gold Coast Suns,GWS Giants,Player Disposals,Touk Miller,24.5,2.15,Bet365,NA
GWS Giants v Gold Coast Suns,GWS Giants,Gold Coast Suns,Gold Coast Suns,GWS Giants,Player Disposals,Touk Miller,29.5,5.5,Bet365,NA
GWS Giants v Gold Coast Suns,GWS Giants,Gold Coast Suns,Gold Coast Suns,GWS Giants,Player Disposals,Touk Miller,34.5,15,Bet365,NA
GWS Giants v Gold Coast Suns,GWS Giants,Gold Coast Suns,Gold Coast Suns,GWS Giants,Player Disposals,Matt Rowell,14.5,1.04,Bet365,NA
GWS Giants v Gold Coast Suns,GWS Giants,Gold Coast Suns,Gold Coast Suns,GWS Giants,Player Disposals,Matt Rowell,19.5,1.26,Bet365,NA
GWS Giants v Gold Coast Suns,GWS Giants,Gold Coast Suns,Gold Coast Suns,GWS Giants,Player Disposals,Matt Rowell,24.5,2.15,Bet365,NA
GWS Giants v Gold Coast Suns,GWS Giants,Gold Coast Suns,Gold Coast Suns,GWS Giants,Player Disposals,Matt Rowell,29.5,5.5,Bet365,NA
GWS Giants v Gold Coast Suns,GWS Giants,Gold Coast Suns,Gold Coast Suns,GWS Giants,Player Disposals,Matt Rowell,34.5,15,Bet365,NA
GWS Giants v Gold Coast Suns,GWS Giants,Gold Coast Suns,Gold Coast Suns,GWS Giants,Player Disposals,John Noble,9.5,1.004,Bet365,NA
GWS Giants v Gold Coast Suns,GWS Giants,Gold Coast Suns,Gold Coast Suns,GWS Giants,Player Disposals,John Noble,14.5,1.05,Bet365,NA
GWS Giants v Gold Coast Suns,GWS Giants,Gold Coast Suns,Gold Coast Suns,GWS Giants,Player Disposals,John Noble,19.5,1.36,Bet365,NA
GWS Giants v Gold Coast Suns,GWS Giants,Gold Coast Suns,Gold Coast Suns,GWS Giants,Player Disposals,John Noble,24.5,2.55,Bet365,NA
GWS Giants v Gold Coast Suns,GWS Giants,Gold Coast Suns,Gold Coast Suns,GWS Giants,Player Disposals,John Noble,29.5,7,Bet365,NA
GWS Giants v Gold Coast Suns,GWS Giants,Gold Coast Suns,Gold Coast Suns,GWS Giants,Player Disposals,John Noble,34.5,19,Bet365,NA
GWS Giants v Gold Coast Suns,GWS Giants,Gold Coast Suns,Gold Coast Suns,GWS Giants,Player Disposals,Daniel Rioli,9.5,1.025,Bet365,NA
GWS Giants v Gold Coast Suns,GWS Giants,Gold Coast Suns,Gold Coast Suns,GWS Giants,Player Disposals,Daniel Rioli,14.5,1.22,Bet365,NA
GWS Giants v Gold Coast Suns,GWS Giants,Gold Coast Suns,Gold Coast Suns,GWS Giants,Player Disposals,Daniel Rioli,19.5,2.2,Bet365,NA
GWS Giants v Gold Coast Suns,GWS Giants,Gold Coast Suns,Gold Coast Suns,GWS Giants,Player Disposals,Daniel Rioli,24.5,6.5,Bet365,NA
GWS Giants v Gold Coast Suns,GWS Giants,Gold Coast Suns,Gold Coast Suns,GWS Giants,Player Disposals,Daniel Rioli,29.5,19,Bet365,NA
GWS Giants v Gold Coast Suns,GWS Giants,Gold Coast Suns,Gold Coast Suns,GWS Giants,Player Disposals,Lachie Weller,9.5,1.04,Bet365,NA
GWS Giants v Gold Coast Suns,GWS Giants,Gold Coast Suns,Gold Coast Suns,GWS Giants,Player Disposals,Lachie Weller,14.5,1.32,Bet365,NA
GWS Giants v Gold Coast Suns,GWS Giants,Gold Coast Suns,Gold Coast Suns,GWS Giants,Player Disposals,Lachie Weller,19.5,2.65,Bet365,NA
GWS Giants v Gold Coast Suns,GWS Giants,Gold Coast Suns,Gold Coast Suns,GWS Giants,Player Disposals,Lachie Weller,24.5,8,Bet365,NA
GWS Giants v Gold Coast Suns,GWS Giants,Gold Coast Suns,Gold Coast Suns,GWS Giants,Player Disposals,Lachie Weller,29.5,23,Bet365,NA
GWS Giants v Gold Coast Suns,GWS Giants,Gold Coast Suns,Gold Coast Suns,GWS Giants,Player Disposals,Sam Flanders,9.5,1.04,Bet365,NA
GWS Giants v Gold Coast Suns,GWS Giants,Gold Coast Suns,Gold Coast Suns,GWS Giants,Player Disposals,Sam Flanders,14.5,1.32,Bet365,NA
GWS Giants v Gold Coast Suns,GWS Giants,Gold Coast Suns,Gold Coast Suns,GWS Giants,Player Disposals,Sam Flanders,19.5,2.65,Bet365,NA
GWS Giants v Gold Coast Suns,GWS Giants,Gold Coast Suns,Gold Coast Suns,GWS Giants,Player Disposals,Sam Flanders,24.5,8,Bet365,NA
GWS Giants v Gold Coast Suns,GWS Giants,Gold Coast Suns,Gold Coast Suns,GWS Giants,Player Disposals,Sam Flanders,29.5,23,Bet365,NA
GWS Giants v Gold Coast Suns,GWS Giants,Gold Coast Suns,Gold Coast Suns,GWS Giants,Player Disposals,Joel Jeffrey,9.5,1.04,Bet365,NA
GWS Giants v Gold Coast Suns,GWS Giants,Gold Coast Suns,Gold Coast Suns,GWS Giants,Player Disposals,Joel Jeffrey,14.5,1.32,Bet365,NA
GWS Giants v Gold Coast Suns,GWS Giants,Gold Coast Suns,Gold Coast Suns,GWS Giants,Player Disposals,Joel Jeffrey,19.5,2.65,Bet365,NA
GWS Giants v Gold Coast Suns,GWS Giants,Gold Coast Suns,Gold Coast Suns,GWS Giants,Player Disposals,Joel Jeffrey,24.5,8,Bet365,NA
GWS Giants v Gold Coast Suns,GWS Giants,Gold Coast Suns,Gold Coast Suns,GWS Giants,Player Disposals,Joel Jeffrey,29.5,23,Bet365,NA
GWS Giants v Gold Coast Suns,GWS Giants,Gold Coast Suns,Gold Coast Suns,GWS Giants,Player Disposals,Bodhi Uwland,9.5,1.04,Bet365,NA
GWS Giants v Gold Coast Suns,GWS Giants,Gold Coast Suns,Gold Coast Suns,GWS Giants,Player Disposals,Bodhi Uwland,14.5,1.32,Bet365,NA
GWS Giants v Gold Coast Suns,GWS Giants,Gold Coast Suns,Gold Coast Suns,GWS Giants,Player Disposals,Bodhi Uwland,19.5,2.65,Bet365,NA
GWS Giants v Gold Coast Suns,GWS Giants,Gold Coast Suns,Gold Coast Suns,GWS Giants,Player Disposals,Bodhi Uwland,24.5,8,Bet365,NA
GWS Giants v Gold Coast Suns,GWS Giants,Gold Coast Suns,Gold Coast Suns,GWS Giants,Player Disposals,Bodhi Uwland,29.5,23,Bet365,NA
GWS Giants v Gold Coast Suns,GWS Giants,Gold Coast Suns,Gold Coast Suns,GWS Giants,Player Disposals,Brayden Fiorini,9.5,1.06,Bet365,NA
GWS Giants v Gold Coast Suns,GWS Giants,Gold Coast Suns,Gold Coast Suns,GWS Giants,Player Disposals,Brayden Fiorini,14.5,1.45,Bet365,NA
GWS Giants v Gold Coast Suns,GWS Giants,Gold Coast Suns,Gold Coast Suns,GWS Giants,Player Disposals,Brayden Fiorini,19.5,3.35,Bet365,NA
GWS Giants v Gold Coast Suns,GWS Giants,Gold Coast Suns,Gold Coast Suns,GWS Giants,Player Disposals,Brayden Fiorini,24.5,10,Bet365,NA
GWS Giants v Gold Coast Suns,GWS Giants,Gold Coast Suns,Gold Coast Suns,GWS Giants,Player Disposals,Wil Powell,9.5,1.06,Bet365,NA
GWS Giants v Gold Coast Suns,GWS Giants,Gold Coast Suns,Gold Coast Suns,GWS Giants,Player Disposals,Wil Powell,14.5,1.45,Bet365,NA
GWS Giants v Gold Coast Suns,GWS Giants,Gold Coast Suns,Gold Coast Suns,GWS Giants,Player Disposals,Wil Powell,19.5,3.35,Bet365,NA
GWS Giants v Gold Coast Suns,GWS Giants,Gold Coast Suns,Gold Coast Suns,GWS Giants,Player Disposals,Wil Powell,24.5,10,Bet365,NA
GWS Giants v Gold Coast Suns,GWS Giants,Gold Coast Suns,Gold Coast Suns,GWS Giants,Player Disposals,Bailey Humphrey,9.5,1.06,Bet365,NA
GWS Giants v Gold Coast Suns,GWS Giants,Gold Coast Suns,Gold Coast Suns,GWS Giants,Player Disposals,Bailey Humphrey,14.5,1.45,Bet365,NA
GWS Giants v Gold Coast Suns,GWS Giants,Gold Coast Suns,Gold Coast Suns,GWS Giants,Player Disposals,Bailey Humphrey,19.5,3.35,Bet365,NA
GWS Giants v Gold Coast Suns,GWS Giants,Gold Coast Suns,Gold Coast Suns,GWS Giants,Player Disposals,Bailey Humphrey,24.5,10,Bet365,NA
GWS Giants v Gold Coast Suns,GWS Giants,Gold Coast Suns,Gold Coast Suns,GWS Giants,Player Disposals,Sam Clohesy,9.5,1.06,Bet365,NA
GWS Giants v Gold Coast Suns,GWS Giants,Gold Coast Suns,Gold Coast Suns,GWS Giants,Player Disposals,Sam Clohesy,14.5,1.45,Bet365,NA
GWS Giants v Gold Coast Suns,GWS Giants,Gold Coast Suns,Gold Coast Suns,GWS Giants,Player Disposals,Sam Clohesy,19.5,3.35,Bet365,NA
GWS Giants v Gold Coast Suns,GWS Giants,Gold Coast Suns,Gold Coast Suns,GWS Giants,Player Disposals,Sam Clohesy,24.5,10,Bet365,NA
GWS Giants v Gold Coast Suns,GWS Giants,Gold Coast Suns,Gold Coast Suns,GWS Giants,Player Disposals,Jarrod Witts,9.5,1.12,Bet365,NA
GWS Giants v Gold Coast Suns,GWS Giants,Gold Coast Suns,Gold Coast Suns,GWS Giants,Player Disposals,Jarrod Witts,14.5,1.87,Bet365,NA
GWS Giants v Gold Coast Suns,GWS Giants,Gold Coast Suns,Gold Coast Suns,GWS Giants,Player Disposals,Jarrod Witts,19.5,5.75,Bet365,NA
GWS Giants v Gold Coast Suns,GWS Giants,Gold Coast Suns,Gold Coast Suns,GWS Giants,Player Disposals,Jarrod Witts,24.5,19,Bet365,NA
GWS Giants v Gold Coast Suns,GWS Giants,Gold Coast Suns,Gold Coast Suns,GWS Giants,Player Disposals,Sam Collins,9.5,1.12,Bet365,NA
GWS Giants v Gold Coast Suns,GWS Giants,Gold Coast Suns,Gold Coast Suns,GWS Giants,Player Disposals,Sam Collins,14.5,1.87,Bet365,NA
GWS Giants v Gold Coast Suns,GWS Giants,Gold Coast Suns,Gold Coast Suns,GWS Giants,Player Disposals,Sam Collins,19.5,5.75,Bet365,NA
GWS Giants v Gold Coast Suns,GWS Giants,Gold Coast Suns,Gold Coast Suns,GWS Giants,Player Disposals,Sam Collins,24.5,19,Bet365,NA
GWS Giants v Gold Coast Suns,GWS Giants,Gold Coast Suns,Gold Coast Suns,GWS Giants,Player Disposals,Ben Ainsworth,9.5,1.12,Bet365,NA
GWS Giants v Gold Coast Suns,GWS Giants,Gold Coast Suns,Gold Coast Suns,GWS Giants,Player Disposals,Ben Ainsworth,14.5,1.87,Bet365,NA
GWS Giants v Gold Coast Suns,GWS Giants,Gold Coast Suns,Gold Coast Suns,GWS Giants,Player Disposals,Ben Ainsworth,19.5,5.75,Bet365,NA
GWS Giants v Gold Coast Suns,GWS Giants,Gold Coast Suns,Gold Coast Suns,GWS Giants,Player Disposals,Ben Ainsworth,24.5,19,Bet365,NA
GWS Giants v Gold Coast Suns,GWS Giants,Gold Coast Suns,Gold Coast Suns,GWS Giants,Player Disposals,Mac Andrew,9.5,1.12,Bet365,NA
GWS Giants v Gold Coast Suns,GWS Giants,Gold Coast Suns,Gold Coast Suns,GWS Giants,Player Disposals,Mac Andrew,14.5,1.87,Bet365,NA
GWS Giants v Gold Coast Suns,GWS Giants,Gold Coast Suns,Gold Coast Suns,GWS Giants,Player Disposals,Mac Andrew,19.5,5.75,Bet365,NA
GWS Giants v Gold Coast Suns,GWS Giants,Gold Coast Suns,Gold Coast Suns,GWS Giants,Player Disposals,Mac Andrew,24.5,19,Bet365,NA
GWS Giants v Gold Coast Suns,GWS Giants,Gold Coast Suns,Gold Coast Suns,GWS Giants,Player Disposals,Connor Budarick,9.5,1.18,Bet365,NA
GWS Giants v Gold Coast Suns,GWS Giants,Gold Coast Suns,Gold Coast Suns,GWS Giants,Player Disposals,Connor Budarick,14.5,2.25,Bet365,NA
GWS Giants v Gold Coast Suns,GWS Giants,Gold Coast Suns,Gold Coast Suns,GWS Giants,Player Disposals,Connor Budarick,19.5,7.5,Bet365,NA
GWS Giants v Gold Coast Suns,GWS Giants,Gold Coast Suns,Gold Coast Suns,GWS Giants,Player Disposals,Nick Holman,9.5,1.26,Bet365,NA
GWS Giants v Gold Coast Suns,GWS Giants,Gold Coast Suns,Gold Coast Suns,GWS Giants,Player Disposals,Nick Holman,14.5,2.8,Bet365,NA
GWS Giants v Gold Coast Suns,GWS Giants,Gold Coast Suns,Gold Coast Suns,GWS Giants,Player Disposals,Nick Holman,19.5,10,Bet365,NA
GWS Giants v Gold Coast Suns,GWS Giants,Gold Coast Suns,Gold Coast Suns,GWS Giants,Player Disposals,Ben Long,9.5,1.26,Bet365,NA
GWS Giants v Gold Coast Suns,GWS Giants,Gold Coast Suns,Gold Coast Suns,GWS Giants,Player Disposals,Ben Long,14.5,2.8,Bet365,NA
GWS Giants v Gold Coast Suns,GWS Giants,Gold Coast Suns,Gold Coast Suns,GWS Giants,Player Disposals,Ben Long,19.5,10,Bet365,NA
GWS Giants v Gold Coast Suns,GWS Giants,Gold Coast Suns,Gold Coast Suns,GWS Giants,Player Disposals,Jed Walter,9.5,1.57,Bet365,NA
GWS Giants v Gold Coast Suns,GWS Giants,Gold Coast Suns,Gold Coast Suns,GWS Giants,Player Disposals,Jed Walter,14.5,5,Bet365,NA
GWS Giants v Gold Coast Suns,GWS Giants,Gold Coast Suns,Gold Coast Suns,GWS Giants,Player Disposals,Jed Walter,19.5,19,Bet365,NA
GWS Giants v Gold Coast Suns,GWS Giants,Gold Coast Suns,Gold Coast Suns,GWS Giants,Player Disposals,Ben King,9.5,1.87,Bet365,NA
GWS Giants v Gold Coast Suns,GWS Giants,Gold Coast Suns,Gold Coast Suns,GWS Giants,Player Disposals,Ben King,14.5,6.5,Bet365,NA
GWS Giants v Gold Coast Suns,GWS Giants,Gold Coast Suns,Gold Coast Suns,GWS Giants,Player Disposals,Ethan Read,9.5,2.3,Bet365,NA
GWS Giants v Gold Coast Suns,GWS Giants,Gold Coast Suns,Gold Coast Suns,GWS Giants,Player Disposals,Ethan Read,14.5,8.5,Bet365,NA
Western Bulldogs v Richmond Tigers,Western Bulldogs,Richmond Tigers,Richmond Tigers,Western Bulldogs,Player Disposals,Tim Taranto,14.5,1.025,Bet365,NA
Western Bulldogs v Richmond Tigers,Western Bulldogs,Richmond Tigers,Richmond Tigers,Western Bulldogs,Player Disposals,Tim Taranto,19.5,1.18,Bet365,NA
Western Bulldogs v Richmond Tigers,Western Bulldogs,Richmond Tigers,Richmond Tigers,Western Bulldogs,Player Disposals,Tim Taranto,24.5,1.87,Bet365,NA
Western Bulldogs v Richmond Tigers,Western Bulldogs,Richmond Tigers,Richmond Tigers,Western Bulldogs,Player Disposals,Tim Taranto,29.5,4.5,Bet365,NA
Western Bulldogs v Richmond Tigers,Western Bulldogs,Richmond Tigers,Richmond Tigers,Western Bulldogs,Player Disposals,Tim Taranto,34.5,10.5,Bet365,NA
Western Bulldogs v Richmond Tigers,Western Bulldogs,Richmond Tigers,Richmond Tigers,Western Bulldogs,Player Disposals,Dion Prestia,14.5,1.04,Bet365,NA
Western Bulldogs v Richmond Tigers,Western Bulldogs,Richmond Tigers,Richmond Tigers,Western Bulldogs,Player Disposals,Dion Prestia,19.5,1.26,Bet365,NA
Western Bulldogs v Richmond Tigers,Western Bulldogs,Richmond Tigers,Richmond Tigers,Western Bulldogs,Player Disposals,Dion Prestia,24.5,2.15,Bet365,NA
Western Bulldogs v Richmond Tigers,Western Bulldogs,Richmond Tigers,Richmond Tigers,Western Bulldogs,Player Disposals,Dion Prestia,29.5,5.5,Bet365,NA
Western Bulldogs v Richmond Tigers,Western Bulldogs,Richmond Tigers,Richmond Tigers,Western Bulldogs,Player Disposals,Dion Prestia,34.5,15,Bet365,NA
Western Bulldogs v Richmond Tigers,Western Bulldogs,Richmond Tigers,Richmond Tigers,Western Bulldogs,Player Disposals,Jacob Hopper,14.5,1.04,Bet365,NA
Western Bulldogs v Richmond Tigers,Western Bulldogs,Richmond Tigers,Richmond Tigers,Western Bulldogs,Player Disposals,Jacob Hopper,19.5,1.26,Bet365,NA
Western Bulldogs v Richmond Tigers,Western Bulldogs,Richmond Tigers,Richmond Tigers,Western Bulldogs,Player Disposals,Jacob Hopper,24.5,2.15,Bet365,NA
Western Bulldogs v Richmond Tigers,Western Bulldogs,Richmond Tigers,Richmond Tigers,Western Bulldogs,Player Disposals,Jacob Hopper,29.5,5.5,Bet365,NA
Western Bulldogs v Richmond Tigers,Western Bulldogs,Richmond Tigers,Richmond Tigers,Western Bulldogs,Player Disposals,Jacob Hopper,34.5,15,Bet365,NA
Western Bulldogs v Richmond Tigers,Western Bulldogs,Richmond Tigers,NA,NA,Player Disposals,Samuel Banks,9.5,1.004,Bet365,NA
Western Bulldogs v Richmond Tigers,Western Bulldogs,Richmond Tigers,NA,NA,Player Disposals,Samuel Banks,14.5,1.05,Bet365,NA
Western Bulldogs v Richmond Tigers,Western Bulldogs,Richmond Tigers,NA,NA,Player Disposals,Samuel Banks,19.5,1.36,Bet365,NA
Western Bulldogs v Richmond Tigers,Western Bulldogs,Richmond Tigers,NA,NA,Player Disposals,Samuel Banks,24.5,2.55,Bet365,NA
Western Bulldogs v Richmond Tigers,Western Bulldogs,Richmond Tigers,NA,NA,Player Disposals,Samuel Banks,29.5,7,Bet365,NA
Western Bulldogs v Richmond Tigers,Western Bulldogs,Richmond Tigers,NA,NA,Player Disposals,Samuel Banks,34.5,19,Bet365,NA
Western Bulldogs v Richmond Tigers,Western Bulldogs,Richmond Tigers,Richmond Tigers,Western Bulldogs,Player Disposals,Nick Vlastuin,9.5,1.025,Bet365,NA
Western Bulldogs v Richmond Tigers,Western Bulldogs,Richmond Tigers,Richmond Tigers,Western Bulldogs,Player Disposals,Nick Vlastuin,14.5,1.22,Bet365,NA
Western Bulldogs v Richmond Tigers,Western Bulldogs,Richmond Tigers,Richmond Tigers,Western Bulldogs,Player Disposals,Nick Vlastuin,19.5,2.2,Bet365,NA
Western Bulldogs v Richmond Tigers,Western Bulldogs,Richmond Tigers,Richmond Tigers,Western Bulldogs,Player Disposals,Nick Vlastuin,24.5,6.5,Bet365,NA
Western Bulldogs v Richmond Tigers,Western Bulldogs,Richmond Tigers,Richmond Tigers,Western Bulldogs,Player Disposals,Nick Vlastuin,29.5,19,Bet365,NA
Western Bulldogs v Richmond Tigers,Western Bulldogs,Richmond Tigers,Richmond Tigers,Western Bulldogs,Player Disposals,Jack Ross,9.5,1.04,Bet365,NA
Western Bulldogs v Richmond Tigers,Western Bulldogs,Richmond Tigers,Richmond Tigers,Western Bulldogs,Player Disposals,Jack Ross,14.5,1.32,Bet365,NA
Western Bulldogs v Richmond Tigers,Western Bulldogs,Richmond Tigers,Richmond Tigers,Western Bulldogs,Player Disposals,Jack Ross,19.5,2.65,Bet365,NA
Western Bulldogs v Richmond Tigers,Western Bulldogs,Richmond Tigers,Richmond Tigers,Western Bulldogs,Player Disposals,Jack Ross,24.5,8,Bet365,NA
Western Bulldogs v Richmond Tigers,Western Bulldogs,Richmond Tigers,Richmond Tigers,Western Bulldogs,Player Disposals,Jack Ross,29.5,23,Bet365,NA
Western Bulldogs v Richmond Tigers,Western Bulldogs,Richmond Tigers,Richmond Tigers,Western Bulldogs,Player Disposals,Hugo Ralphsmith,9.5,1.06,Bet365,NA
Western Bulldogs v Richmond Tigers,Western Bulldogs,Richmond Tigers,Richmond Tigers,Western Bulldogs,Player Disposals,Hugo Ralphsmith,14.5,1.45,Bet365,NA
Western Bulldogs v Richmond Tigers,Western Bulldogs,Richmond Tigers,Richmond Tigers,Western Bulldogs,Player Disposals,Hugo Ralphsmith,19.5,3.35,Bet365,NA
Western Bulldogs v Richmond Tigers,Western Bulldogs,Richmond Tigers,Richmond Tigers,Western Bulldogs,Player Disposals,Hugo Ralphsmith,24.5,10,Bet365,NA
Western Bulldogs v Richmond Tigers,Western Bulldogs,Richmond Tigers,Richmond Tigers,Western Bulldogs,Player Disposals,Tyler Sonsie,9.5,1.06,Bet365,NA
Western Bulldogs v Richmond Tigers,Western Bulldogs,Richmond Tigers,Richmond Tigers,Western Bulldogs,Player Disposals,Tyler Sonsie,14.5,1.45,Bet365,NA
Western Bulldogs v Richmond Tigers,Western Bulldogs,Richmond Tigers,Richmond Tigers,Western Bulldogs,Player Disposals,Tyler Sonsie,19.5,3.35,Bet365,NA
Western Bulldogs v Richmond Tigers,Western Bulldogs,Richmond Tigers,Richmond Tigers,Western Bulldogs,Player Disposals,Tyler Sonsie,24.5,10,Bet365,NA
Western Bulldogs v Richmond Tigers,Western Bulldogs,Richmond Tigers,Richmond Tigers,Western Bulldogs,Player Disposals,Luke Trainor,9.5,1.06,Bet365,NA
Western Bulldogs v Richmond Tigers,Western Bulldogs,Richmond Tigers,Richmond Tigers,Western Bulldogs,Player Disposals,Luke Trainor,14.5,1.45,Bet365,NA
Western Bulldogs v Richmond Tigers,Western Bulldogs,Richmond Tigers,Richmond Tigers,Western Bulldogs,Player Disposals,Luke Trainor,19.5,3.35,Bet365,NA
Western Bulldogs v Richmond Tigers,Western Bulldogs,Richmond Tigers,Richmond Tigers,Western Bulldogs,Player Disposals,Luke Trainor,24.5,10,Bet365,NA
Western Bulldogs v Richmond Tigers,Western Bulldogs,Richmond Tigers,Richmond Tigers,Western Bulldogs,Player Disposals,Toby Nankervis,9.5,1.08,Bet365,NA
Western Bulldogs v Richmond Tigers,Western Bulldogs,Richmond Tigers,Richmond Tigers,Western Bulldogs,Player Disposals,Toby Nankervis,14.5,1.62,Bet365,NA
Western Bulldogs v Richmond Tigers,Western Bulldogs,Richmond Tigers,Richmond Tigers,Western Bulldogs,Player Disposals,Toby Nankervis,19.5,4.33,Bet365,NA
Western Bulldogs v Richmond Tigers,Western Bulldogs,Richmond Tigers,Richmond Tigers,Western Bulldogs,Player Disposals,Toby Nankervis,24.5,13,Bet365,NA
Western Bulldogs v Richmond Tigers,Western Bulldogs,Richmond Tigers,Richmond Tigers,Western Bulldogs,Player Disposals,Nathan Broad,9.5,1.08,Bet365,NA
Western Bulldogs v Richmond Tigers,Western Bulldogs,Richmond Tigers,Richmond Tigers,Western Bulldogs,Player Disposals,Nathan Broad,14.5,1.62,Bet365,NA
Western Bulldogs v Richmond Tigers,Western Bulldogs,Richmond Tigers,Richmond Tigers,Western Bulldogs,Player Disposals,Nathan Broad,19.5,4.33,Bet365,NA
Western Bulldogs v Richmond Tigers,Western Bulldogs,Richmond Tigers,Richmond Tigers,Western Bulldogs,Player Disposals,Nathan Broad,24.5,13,Bet365,NA
Western Bulldogs v Richmond Tigers,Western Bulldogs,Richmond Tigers,Richmond Tigers,Western Bulldogs,Player Disposals,Tom Brown,9.5,1.08,Bet365,NA
Western Bulldogs v Richmond Tigers,Western Bulldogs,Richmond Tigers,Richmond Tigers,Western Bulldogs,Player Disposals,Tom Brown,14.5,1.62,Bet365,NA
Western Bulldogs v Richmond Tigers,Western Bulldogs,Richmond Tigers,Richmond Tigers,Western Bulldogs,Player Disposals,Tom Brown,19.5,4.33,Bet365,NA
Western Bulldogs v Richmond Tigers,Western Bulldogs,Richmond Tigers,Richmond Tigers,Western Bulldogs,Player Disposals,Tom Brown,24.5,13,Bet365,NA
Western Bulldogs v Richmond Tigers,Western Bulldogs,Richmond Tigers,Richmond Tigers,Western Bulldogs,Player Disposals,Kaleb Smith,9.5,1.12,Bet365,NA
Western Bulldogs v Richmond Tigers,Western Bulldogs,Richmond Tigers,Richmond Tigers,Western Bulldogs,Player Disposals,Kaleb Smith,14.5,1.87,Bet365,NA
Western Bulldogs v Richmond Tigers,Western Bulldogs,Richmond Tigers,Richmond Tigers,Western Bulldogs,Player Disposals,Kaleb Smith,19.5,5.75,Bet365,NA
Western Bulldogs v Richmond Tigers,Western Bulldogs,Richmond Tigers,Richmond Tigers,Western Bulldogs,Player Disposals,Kaleb Smith,24.5,19,Bet365,NA
Western Bulldogs v Richmond Tigers,Western Bulldogs,Richmond Tigers,Richmond Tigers,Western Bulldogs,Player Disposals,Seth Campbell,9.5,1.12,Bet365,NA
Western Bulldogs v Richmond Tigers,Western Bulldogs,Richmond Tigers,Richmond Tigers,Western Bulldogs,Player Disposals,Seth Campbell,14.5,1.87,Bet365,NA
Western Bulldogs v Richmond Tigers,Western Bulldogs,Richmond Tigers,Richmond Tigers,Western Bulldogs,Player Disposals,Seth Campbell,19.5,5.75,Bet365,NA
Western Bulldogs v Richmond Tigers,Western Bulldogs,Richmond Tigers,Richmond Tigers,Western Bulldogs,Player Disposals,Seth Campbell,24.5,19,Bet365,NA
Western Bulldogs v Richmond Tigers,Western Bulldogs,Richmond Tigers,NA,NA,Player Disposals,Jasper Alger,9.5,1.12,Bet365,NA
Western Bulldogs v Richmond Tigers,Western Bulldogs,Richmond Tigers,NA,NA,Player Disposals,Jasper Alger,14.5,1.87,Bet365,NA
Western Bulldogs v Richmond Tigers,Western Bulldogs,Richmond Tigers,NA,NA,Player Disposals,Jasper Alger,19.5,5.75,Bet365,NA
Western Bulldogs v Richmond Tigers,Western Bulldogs,Richmond Tigers,NA,NA,Player Disposals,Jasper Alger,24.5,19,Bet365,NA
Western Bulldogs v Richmond Tigers,Western Bulldogs,Richmond Tigers,Richmond Tigers,Western Bulldogs,Player Disposals,Kamdyn McIntosh,9.5,1.18,Bet365,NA
Western Bulldogs v Richmond Tigers,Western Bulldogs,Richmond Tigers,Richmond Tigers,Western Bulldogs,Player Disposals,Kamdyn McIntosh,14.5,2.25,Bet365,NA
Western Bulldogs v Richmond Tigers,Western Bulldogs,Richmond Tigers,Richmond Tigers,Western Bulldogs,Player Disposals,Kamdyn McIntosh,19.5,7.5,Bet365,NA
Western Bulldogs v Richmond Tigers,Western Bulldogs,Richmond Tigers,Richmond Tigers,Western Bulldogs,Player Disposals,Noah Balta,9.5,1.18,Bet365,NA
Western Bulldogs v Richmond Tigers,Western Bulldogs,Richmond Tigers,Richmond Tigers,Western Bulldogs,Player Disposals,Noah Balta,14.5,2.25,Bet365,NA
Western Bulldogs v Richmond Tigers,Western Bulldogs,Richmond Tigers,Richmond Tigers,Western Bulldogs,Player Disposals,Noah Balta,19.5,7.5,Bet365,NA
Western Bulldogs v Richmond Tigers,Western Bulldogs,Richmond Tigers,Richmond Tigers,Western Bulldogs,Player Disposals,Ben Miller,9.5,1.18,Bet365,NA
Western Bulldogs v Richmond Tigers,Western Bulldogs,Richmond Tigers,Richmond Tigers,Western Bulldogs,Player Disposals,Ben Miller,14.5,2.25,Bet365,NA
Western Bulldogs v Richmond Tigers,Western Bulldogs,Richmond Tigers,Richmond Tigers,Western Bulldogs,Player Disposals,Ben Miller,19.5,7.5,Bet365,NA
Western Bulldogs v Richmond Tigers,Western Bulldogs,Richmond Tigers,NA,NA,Player Disposals,Tom J. Lynch,9.5,1.26,Bet365,NA
Western Bulldogs v Richmond Tigers,Western Bulldogs,Richmond Tigers,NA,NA,Player Disposals,Tom J. Lynch,14.5,2.8,Bet365,NA
Western Bulldogs v Richmond Tigers,Western Bulldogs,Richmond Tigers,NA,NA,Player Disposals,Tom J. Lynch,19.5,10,Bet365,NA
Western Bulldogs v Richmond Tigers,Western Bulldogs,Richmond Tigers,Richmond Tigers,Western Bulldogs,Player Disposals,Rhyan Mansell,9.5,1.26,Bet365,NA
Western Bulldogs v Richmond Tigers,Western Bulldogs,Richmond Tigers,Richmond Tigers,Western Bulldogs,Player Disposals,Rhyan Mansell,14.5,2.8,Bet365,NA
Western Bulldogs v Richmond Tigers,Western Bulldogs,Richmond Tigers,Richmond Tigers,Western Bulldogs,Player Disposals,Rhyan Mansell,19.5,10,Bet365,NA
Western Bulldogs v Richmond Tigers,Western Bulldogs,Richmond Tigers,Richmond Tigers,Western Bulldogs,Player Disposals,Jonty Faull,9.5,1.87,Bet365,NA
Western Bulldogs v Richmond Tigers,Western Bulldogs,Richmond Tigers,Richmond Tigers,Western Bulldogs,Player Disposals,Jonty Faull,14.5,6.5,Bet365,NA
Western Bulldogs v Richmond Tigers,Western Bulldogs,Richmond Tigers,Richmond Tigers,Western Bulldogs,Player Disposals,Steely Green,9.5,2.3,Bet365,NA
Western Bulldogs v Richmond Tigers,Western Bulldogs,Richmond Tigers,Richmond Tigers,Western Bulldogs,Player Disposals,Steely Green,14.5,8.5,Bet365,NA
Western Bulldogs v Richmond Tigers,Western Bulldogs,Richmond Tigers,NA,NA,Player Disposals,Thomas Sims,9.5,2.3,Bet365,NA
Western Bulldogs v Richmond Tigers,Western Bulldogs,Richmond Tigers,NA,NA,Player Disposals,Thomas Sims,14.5,8.5,Bet365,NA
GWS Giants v Gold Coast Suns,GWS Giants,Gold Coast Suns,GWS Giants,Gold Coast Suns,Player Disposals,Finn Callaghan,26.5,2.15,Bet365,1.65
GWS Giants v Gold Coast Suns,GWS Giants,Gold Coast Suns,GWS Giants,Gold Coast Suns,Player Disposals,Harry Himmelberg,17.5,1.87,Bet365,1.87
GWS Giants v Gold Coast Suns,GWS Giants,Gold Coast Suns,NA,NA,Player Disposals,Lachlan Ash,28.5,1.87,Bet365,1.87
GWS Giants v Gold Coast Suns,GWS Giants,Gold Coast Suns,GWS Giants,Gold Coast Suns,Player Disposals,Tom Green,30.5,1.87,Bet365,1.87
GWS Giants v Gold Coast Suns,GWS Giants,Gold Coast Suns,GWS Giants,Gold Coast Suns,Player Disposals,Josh Kelly,21.5,2.15,Bet365,1.65
GWS Giants v Gold Coast Suns,GWS Giants,Gold Coast Suns,GWS Giants,Gold Coast Suns,Player Disposals,Lachie Whitfield,28.5,2.15,Bet365,1.65
GWS Giants v Gold Coast Suns,GWS Giants,Gold Coast Suns,GWS Giants,Gold Coast Suns,Player Disposals,Toby Greene,16.5,1.87,Bet365,1.87
GWS Giants v Gold Coast Suns,GWS Giants,Gold Coast Suns,GWS Giants,Gold Coast Suns,Player Disposals,Connor Idun,19.5,1.87,Bet365,1.87
GWS Giants v Gold Coast Suns,GWS Giants,Gold Coast Suns,Gold Coast Suns,GWS Giants,Player Disposals,Bailey Humphrey,16.5,1.87,Bet365,1.87
GWS Giants v Gold Coast Suns,GWS Giants,Gold Coast Suns,Gold Coast Suns,GWS Giants,Player Disposals,Brayden Fiorini,17.5,2.2,Bet365,1.62
GWS Giants v Gold Coast Suns,GWS Giants,Gold Coast Suns,Gold Coast Suns,GWS Giants,Player Disposals,Sam Clohesy,16.5,1.87,Bet365,1.87
GWS Giants v Gold Coast Suns,GWS Giants,Gold Coast Suns,Gold Coast Suns,GWS Giants,Player Disposals,Matt Rowell,23.5,1.87,Bet365,1.87
GWS Giants v Gold Coast Suns,GWS Giants,Gold Coast Suns,Gold Coast Suns,GWS Giants,Player Disposals,Daniel Rioli,19.5,2.2,Bet365,1.62
GWS Giants v Gold Coast Suns,GWS Giants,Gold Coast Suns,Gold Coast Suns,GWS Giants,Player Disposals,John Noble,23.5,2.15,Bet365,1.65
GWS Giants v Gold Coast Suns,GWS Giants,Gold Coast Suns,Gold Coast Suns,GWS Giants,Player Disposals,Touk Miller,24.5,2.15,Bet365,1.65
GWS Giants v Gold Coast Suns,GWS Giants,Gold Coast Suns,Gold Coast Suns,GWS Giants,Player Disposals,Noah Anderson,28.5,2.15,Bet365,1.65
Western Bulldogs v Richmond Tigers,Western Bulldogs,Richmond Tigers,Western Bulldogs,Richmond Tigers,Player Disposals,Joel Freijah,19.5,1.87,Bet365,1.87
Western Bulldogs v Richmond Tigers,Western Bulldogs,Richmond Tigers,Western Bulldogs,Richmond Tigers,Player Disposals,Matthew Kennedy,25.5,1.65,Bet365,2.15
Western Bulldogs v Richmond Tigers,Western Bulldogs,Richmond Tigers,Western Bulldogs,Richmond Tigers,Player Disposals,Ed Richards,26.5,2.15,Bet365,1.65
Western Bulldogs v Richmond Tigers,Western Bulldogs,Richmond Tigers,Western Bulldogs,Richmond Tigers,Player Disposals,Bailey Dale,30.5,1.87,Bet365,1.87
Western Bulldogs v Richmond Tigers,Western Bulldogs,Richmond Tigers,Western Bulldogs,Richmond Tigers,Player Disposals,Adam Treloar,26.5,2.15,Bet365,1.65
Western Bulldogs v Richmond Tigers,Western Bulldogs,Richmond Tigers,Western Bulldogs,Richmond Tigers,Player Disposals,Marcus Bontempelli,24.5,1.87,Bet365,1.87
Western Bulldogs v Richmond Tigers,Western Bulldogs,Richmond Tigers,Western Bulldogs,Richmond Tigers,Player Disposals,Tom Liberatore,26.5,2.15,Bet365,1.65
Western Bulldogs v Richmond Tigers,Western Bulldogs,Richmond Tigers,Western Bulldogs,Richmond Tigers,Player Disposals,Ryley Sanders,19.5,1.87,Bet365,1.87
Western Bulldogs v Richmond Tigers,Western Bulldogs,Richmond Tigers,Richmond Tigers,Western Bulldogs,Player Disposals,Toby Nankervis,15.5,1.87,Bet365,1.87
Western Bulldogs v Richmond Tigers,Western Bulldogs,Richmond Tigers,Richmond Tigers,Western Bulldogs,Player Disposals,Jack Ross,16.5,1.62,Bet365,2.2
Western Bulldogs v Richmond Tigers,Western Bulldogs,Richmond Tigers,Richmond Tigers,Western Bulldogs,Player Disposals,Dion Prestia,23.5,1.87,Bet365,1.87
Western Bulldogs v Richmond Tigers,Western Bulldogs,Richmond Tigers,Richmond Tigers,Western Bulldogs,Player Disposals,Nathan Broad,15.5,1.87,Bet365,1.87
Western Bulldogs v Richmond Tigers,Western Bulldogs,Richmond Tigers,NA,NA,Player Disposals,Samuel Banks,22.5,1.87,Bet365,1.87
Western Bulldogs v Richmond Tigers,Western Bulldogs,Richmond Tigers,Richmond Tigers,Western Bulldogs,Player Disposals,Nick Vlastuin,19.5,2.2,Bet365,1.62
Western Bulldogs v Richmond Tigers,Western Bulldogs,Richmond Tigers,Richmond Tigers,Western Bulldogs,Player Disposals,Tim Taranto,25.5,2.15,Bet365,1.65
Western Bulldogs v Richmond Tigers,Western Bulldogs,Richmond Tigers,Richmond Tigers,Western Bulldogs,Player Disposals,Jacob Hopper,24.5,2.15,Bet365,1.65
