match,home_team,away_team,market_name,player_name,player_team,line,over_price,agency,opposition_team,group_by_header,event_id,outcome_name,outcome_id
GWS Giants v Gold Coast Suns,GWS Giants,Gold Coast Suns,Player Tackles,Toby Bedford,GWS Giants,4.5,1.14,BetRight,Gold Coast Suns,Player Tackles - Toby Bedford (GWS),35707108,Toby Bedford 5+,5
GWS Giants v Gold Coast Suns,GWS Giants,Gold Coast Suns,Player Tackles,Toby Bedford,GWS Giants,6.5,1.64,BetRight,Gold Coast Suns,Player Tackles - Toby Bedford (GWS),35707108,Toby Bedford 7+,3
GWS Giants v Gold Coast Suns,GWS Giants,Gold Coast Suns,Player Tackles,Toby Bedford,GWS Giants,8.5,2.95,BetRight,Gold Coast Suns,Player Tackles - Toby Bedford (GWS),35707108,Toby Bedford 9+,4
GWS Giants v Gold Coast Suns,GWS Giants,Gold Coast Suns,Player Tackles,Toby Bedford,GWS Giants,10.5,5.75,BetRight,Gold Coast Suns,Player Tackles - Toby Bedford (GWS),35707108,Toby Bedford 11+,1
GWS Giants v Gold Coast Suns,GWS Giants,Gold Coast Suns,Player Tackles,Kieren Briggs,GWS Giants,9.5,1.64,BetRight,Gold Coast Suns,Player Tackles - Kieren Briggs (GWS),35707109,Kieren Briggs 10+,1
GWS Giants v Gold Coast Suns,GWS Giants,Gold Coast Suns,Player Tackles,Kieren Briggs,GWS Giants,12.5,3.35,BetRight,Gold Coast Suns,Player Tackles - Kieren Briggs (GWS),35707109,Kieren Briggs 13+,2
GWS Giants v Gold Coast Suns,GWS Giants,Gold Coast Suns,Player Tackles,Kieren Briggs,GWS Giants,15.5,8.5,BetRight,Gold Coast Suns,Player Tackles - Kieren Briggs (GWS),35707109,Kieren Briggs 16+,3
GWS Giants v Gold Coast Suns,GWS Giants,Gold Coast Suns,Player Tackles,Finn Callaghan,GWS Giants,2.5,1.13,BetRight,Gold Coast Suns,Player Tackles - Finn Callaghan (GWS),35707110,Finn Callaghan 3+,7
GWS Giants v Gold Coast Suns,GWS Giants,Gold Coast Suns,Player Tackles,Finn Callaghan,GWS Giants,3.5,1.35,BetRight,Gold Coast Suns,Player Tackles - Finn Callaghan (GWS),35707110,Finn Callaghan 4+,1
GWS Giants v Gold Coast Suns,GWS Giants,Gold Coast Suns,Player Tackles,Finn Callaghan,GWS Giants,4.5,1.77,BetRight,Gold Coast Suns,Player Tackles - Finn Callaghan (GWS),35707110,Finn Callaghan 5+,2
GWS Giants v Gold Coast Suns,GWS Giants,Gold Coast Suns,Player Tackles,Finn Callaghan,GWS Giants,5.5,2.45,BetRight,Gold Coast Suns,Player Tackles - Finn Callaghan (GWS),35707110,Finn Callaghan 6+,3
GWS Giants v Gold Coast Suns,GWS Giants,Gold Coast Suns,Player Tackles,Finn Callaghan,GWS Giants,6.5,3.75,BetRight,Gold Coast Suns,Player Tackles - Finn Callaghan (GWS),35707110,Finn Callaghan 7+,4
GWS Giants v Gold Coast Suns,GWS Giants,Gold Coast Suns,Player Tackles,Brent Daniels,GWS Giants,4.5,1.21,BetRight,Gold Coast Suns,Player Tackles - Brent Daniels (GWS),35707111,Brent Daniels 5+,5
GWS Giants v Gold Coast Suns,GWS Giants,Gold Coast Suns,Player Tackles,Brent Daniels,GWS Giants,6.5,1.89,BetRight,Gold Coast Suns,Player Tackles - Brent Daniels (GWS),35707111,Brent Daniels 7+,6
GWS Giants v Gold Coast Suns,GWS Giants,Gold Coast Suns,Player Tackles,Brent Daniels,GWS Giants,8.5,3.55,BetRight,Gold Coast Suns,Player Tackles - Brent Daniels (GWS),35707111,Brent Daniels 9+,7
GWS Giants v Gold Coast Suns,GWS Giants,Gold Coast Suns,Player Tackles,Brent Daniels,GWS Giants,10.5,7.5,BetRight,Gold Coast Suns,Player Tackles - Brent Daniels (GWS),35707111,Brent Daniels 11+,4
GWS Giants v Gold Coast Suns,GWS Giants,Gold Coast Suns,Player Tackles,Tom Green,GWS Giants,4.5,1.23,BetRight,Gold Coast Suns,Player Tackles - Tom Green (GWS),35707112,Tom Green 5+,5
GWS Giants v Gold Coast Suns,GWS Giants,Gold Coast Suns,Player Tackles,Tom Green,GWS Giants,6.5,1.93,BetRight,Gold Coast Suns,Player Tackles - Tom Green (GWS),35707112,Tom Green 7+,6
GWS Giants v Gold Coast Suns,GWS Giants,Gold Coast Suns,Player Tackles,Tom Green,GWS Giants,8.5,3.7,BetRight,Gold Coast Suns,Player Tackles - Tom Green (GWS),35707112,Tom Green 9+,7
GWS Giants v Gold Coast Suns,GWS Giants,Gold Coast Suns,Player Tackles,Tom Green,GWS Giants,10.5,7.5,BetRight,Gold Coast Suns,Player Tackles - Tom Green (GWS),35707112,Tom Green 11+,4
GWS Giants v Gold Coast Suns,GWS Giants,Gold Coast Suns,Player Tackles,Toby Greene,GWS Giants,2.5,1.43,BetRight,Gold Coast Suns,Player Tackles - Toby Greene (GWS),35707113,Toby Greene 3+,1
GWS Giants v Gold Coast Suns,GWS Giants,Gold Coast Suns,Player Tackles,Toby Greene,GWS Giants,3.5,1.99,BetRight,Gold Coast Suns,Player Tackles - Toby Greene (GWS),35707113,Toby Greene 4+,2
GWS Giants v Gold Coast Suns,GWS Giants,Gold Coast Suns,Player Tackles,Toby Greene,GWS Giants,4.5,3.05,BetRight,Gold Coast Suns,Player Tackles - Toby Greene (GWS),35707113,Toby Greene 5+,3
GWS Giants v Gold Coast Suns,GWS Giants,Gold Coast Suns,Player Tackles,Toby Greene,GWS Giants,5.5,5.25,BetRight,Gold Coast Suns,Player Tackles - Toby Greene (GWS),35707113,Toby Greene 6+,4
GWS Giants v Gold Coast Suns,GWS Giants,Gold Coast Suns,Player Tackles,Harry Himmelberg,GWS Giants,2.5,1.13,BetRight,Gold Coast Suns,Player Tackles - Harrison Himmelberg (GWS),35707114,Harrison Himmelberg 3+,5
GWS Giants v Gold Coast Suns,GWS Giants,Gold Coast Suns,Player Tackles,Harry Himmelberg,GWS Giants,3.5,1.35,BetRight,Gold Coast Suns,Player Tackles - Harrison Himmelberg (GWS),35707114,Harrison Himmelberg 4+,1
GWS Giants v Gold Coast Suns,GWS Giants,Gold Coast Suns,Player Tackles,Harry Himmelberg,GWS Giants,4.5,1.77,BetRight,Gold Coast Suns,Player Tackles - Harrison Himmelberg (GWS),35707114,Harrison Himmelberg 5+,2
GWS Giants v Gold Coast Suns,GWS Giants,Gold Coast Suns,Player Tackles,Harry Himmelberg,GWS Giants,5.5,2.45,BetRight,Gold Coast Suns,Player Tackles - Harrison Himmelberg (GWS),35707114,Harrison Himmelberg 6+,3
GWS Giants v Gold Coast Suns,GWS Giants,Gold Coast Suns,Player Tackles,Harry Himmelberg,GWS Giants,6.5,3.75,BetRight,Gold Coast Suns,Player Tackles - Harrison Himmelberg (GWS),35707114,Harrison Himmelberg 7+,4
GWS Giants v Gold Coast Suns,GWS Giants,Gold Coast Suns,Player Tackles,Noah Anderson,Gold Coast Suns,2.5,1.13,BetRight,GWS Giants,Player Tackles - Noah Anderson (GCFC),35707115,Noah Anderson 3+,4
GWS Giants v Gold Coast Suns,GWS Giants,Gold Coast Suns,Player Tackles,Noah Anderson,Gold Coast Suns,3.5,1.35,BetRight,GWS Giants,Player Tackles - Noah Anderson (GCFC),35707115,Noah Anderson 4+,5
GWS Giants v Gold Coast Suns,GWS Giants,Gold Coast Suns,Player Tackles,Noah Anderson,Gold Coast Suns,4.5,1.79,BetRight,GWS Giants,Player Tackles - Noah Anderson (GCFC),35707115,Noah Anderson 5+,1
GWS Giants v Gold Coast Suns,GWS Giants,Gold Coast Suns,Player Tackles,Noah Anderson,Gold Coast Suns,5.5,2.45,BetRight,GWS Giants,Player Tackles - Noah Anderson (GCFC),35707115,Noah Anderson 6+,6
GWS Giants v Gold Coast Suns,GWS Giants,Gold Coast Suns,Player Tackles,Noah Anderson,Gold Coast Suns,6.5,3.85,BetRight,GWS Giants,Player Tackles - Noah Anderson (GCFC),35707115,Noah Anderson 7+,2
GWS Giants v Gold Coast Suns,GWS Giants,Gold Coast Suns,Player Tackles,Sam Clohesy,Gold Coast Suns,2.5,1.24,BetRight,GWS Giants,Player Tackles - Sam Clohesy (GCFC),35707116,Sam Clohesy 3+,1
GWS Giants v Gold Coast Suns,GWS Giants,Gold Coast Suns,Player Tackles,Sam Clohesy,Gold Coast Suns,3.5,1.61,BetRight,GWS Giants,Player Tackles - Sam Clohesy (GCFC),35707116,Sam Clohesy 4+,2
GWS Giants v Gold Coast Suns,GWS Giants,Gold Coast Suns,Player Tackles,Sam Clohesy,Gold Coast Suns,4.5,2.25,BetRight,GWS Giants,Player Tackles - Sam Clohesy (GCFC),35707116,Sam Clohesy 5+,3
GWS Giants v Gold Coast Suns,GWS Giants,Gold Coast Suns,Player Tackles,Sam Clohesy,Gold Coast Suns,5.5,3.45,BetRight,GWS Giants,Player Tackles - Sam Clohesy (GCFC),35707116,Sam Clohesy 6+,4
GWS Giants v Gold Coast Suns,GWS Giants,Gold Coast Suns,Player Tackles,Ben Long,Gold Coast Suns,2.5,1.28,BetRight,GWS Giants,Player Tackles - Ben Long (GCFC),35707117,Ben Long 3+,1
GWS Giants v Gold Coast Suns,GWS Giants,Gold Coast Suns,Player Tackles,Ben Long,Gold Coast Suns,3.5,1.69,BetRight,GWS Giants,Player Tackles - Ben Long (GCFC),35707117,Ben Long 4+,2
GWS Giants v Gold Coast Suns,GWS Giants,Gold Coast Suns,Player Tackles,Ben Long,Gold Coast Suns,4.5,2.35,BetRight,GWS Giants,Player Tackles - Ben Long (GCFC),35707117,Ben Long 5+,3
GWS Giants v Gold Coast Suns,GWS Giants,Gold Coast Suns,Player Tackles,Ben Long,Gold Coast Suns,5.5,3.85,BetRight,GWS Giants,Player Tackles - Ben Long (GCFC),35707117,Ben Long 6+,4
GWS Giants v Gold Coast Suns,GWS Giants,Gold Coast Suns,Player Tackles,Wil Powell,Gold Coast Suns,2.5,1.28,BetRight,GWS Giants,Player Tackles - Wil Powell (GCFC),35707118,Wil Powell 3+,1
GWS Giants v Gold Coast Suns,GWS Giants,Gold Coast Suns,Player Tackles,Wil Powell,Gold Coast Suns,3.5,1.69,BetRight,GWS Giants,Player Tackles - Wil Powell (GCFC),35707118,Wil Powell 4+,2
GWS Giants v Gold Coast Suns,GWS Giants,Gold Coast Suns,Player Tackles,Wil Powell,Gold Coast Suns,4.5,2.45,BetRight,GWS Giants,Player Tackles - Wil Powell (GCFC),35707118,Wil Powell 5+,3
GWS Giants v Gold Coast Suns,GWS Giants,Gold Coast Suns,Player Tackles,Wil Powell,Gold Coast Suns,5.5,3.85,BetRight,GWS Giants,Player Tackles - Wil Powell (GCFC),35707118,Wil Powell 6+,4
GWS Giants v Gold Coast Suns,GWS Giants,Gold Coast Suns,Player Tackles,Matt Rowell,Gold Coast Suns,9.5,1.67,BetRight,GWS Giants,Player Tackles - Matt Rowell (GCFC),35707119,Matt Rowell 10+,1
GWS Giants v Gold Coast Suns,GWS Giants,Gold Coast Suns,Player Tackles,Matt Rowell,Gold Coast Suns,12.5,3.45,BetRight,GWS Giants,Player Tackles - Matt Rowell (GCFC),35707119,Matt Rowell 13+,2
GWS Giants v Gold Coast Suns,GWS Giants,Gold Coast Suns,Player Tackles,David Swallow,Gold Coast Suns,2.5,1.28,BetRight,GWS Giants,Player Tackles - David Swallow (GCFC),35707120,David Swallow 3+,1
GWS Giants v Gold Coast Suns,GWS Giants,Gold Coast Suns,Player Tackles,David Swallow,Gold Coast Suns,3.5,1.69,BetRight,GWS Giants,Player Tackles - David Swallow (GCFC),35707120,David Swallow 4+,2
GWS Giants v Gold Coast Suns,GWS Giants,Gold Coast Suns,Player Tackles,David Swallow,Gold Coast Suns,4.5,2.45,BetRight,GWS Giants,Player Tackles - David Swallow (GCFC),35707120,David Swallow 5+,3
GWS Giants v Gold Coast Suns,GWS Giants,Gold Coast Suns,Player Tackles,David Swallow,Gold Coast Suns,5.5,3.85,BetRight,GWS Giants,Player Tackles - David Swallow (GCFC),35707120,David Swallow 6+,4
GWS Giants v Gold Coast Suns,GWS Giants,Gold Coast Suns,Player Tackles,Isaac Cumming,GWS Giants,2.5,1.43,BetRight,Gold Coast Suns,Player Tackles - Isaac Cumming (GWS),35708659,Isaac Cumming 3+,1
GWS Giants v Gold Coast Suns,GWS Giants,Gold Coast Suns,Player Tackles,Isaac Cumming,GWS Giants,3.5,1.99,BetRight,Gold Coast Suns,Player Tackles - Isaac Cumming (GWS),35708659,Isaac Cumming 4+,2
GWS Giants v Gold Coast Suns,GWS Giants,Gold Coast Suns,Player Tackles,Isaac Cumming,GWS Giants,4.5,3.05,BetRight,Gold Coast Suns,Player Tackles - Isaac Cumming (GWS),35708659,Isaac Cumming 5+,3
GWS Giants v Gold Coast Suns,GWS Giants,Gold Coast Suns,Player Tackles,Isaac Cumming,GWS Giants,5.5,5.25,BetRight,Gold Coast Suns,Player Tackles - Isaac Cumming (GWS),35708659,Isaac Cumming 6+,4
GWS Giants v Gold Coast Suns,GWS Giants,Gold Coast Suns,Player Tackles,Darcy Jones,GWS Giants,1.5,1.17,BetRight,Gold Coast Suns,Player Tackles - Darcy Jones (GWS),35708660,Darcy Jones 2+,1
GWS Giants v Gold Coast Suns,GWS Giants,Gold Coast Suns,Player Tackles,Darcy Jones,GWS Giants,2.5,1.59,BetRight,Gold Coast Suns,Player Tackles - Darcy Jones (GWS),35708660,Darcy Jones 3+,2
GWS Giants v Gold Coast Suns,GWS Giants,Gold Coast Suns,Player Tackles,Darcy Jones,GWS Giants,3.5,2.35,BetRight,Gold Coast Suns,Player Tackles - Darcy Jones (GWS),35708660,Darcy Jones 4+,3
GWS Giants v Gold Coast Suns,GWS Giants,Gold Coast Suns,Player Tackles,Darcy Jones,GWS Giants,4.5,4,BetRight,Gold Coast Suns,Player Tackles - Darcy Jones (GWS),35708660,Darcy Jones 5+,4
GWS Giants v Gold Coast Suns,GWS Giants,Gold Coast Suns,Player Tackles,Toby McMullin,GWS Giants,2.5,1.25,BetRight,Gold Coast Suns,Player Tackles - Toby McMullin (GWS),35708661,Toby McMullin 3+,1
GWS Giants v Gold Coast Suns,GWS Giants,Gold Coast Suns,Player Tackles,Toby McMullin,GWS Giants,3.5,1.61,BetRight,Gold Coast Suns,Player Tackles - Toby McMullin (GWS),35708661,Toby McMullin 4+,2
GWS Giants v Gold Coast Suns,GWS Giants,Gold Coast Suns,Player Tackles,Toby McMullin,GWS Giants,4.5,2.25,BetRight,Gold Coast Suns,Player Tackles - Toby McMullin (GWS),35708661,Toby McMullin 5+,3
GWS Giants v Gold Coast Suns,GWS Giants,Gold Coast Suns,Player Tackles,Toby McMullin,GWS Giants,5.5,3.55,BetRight,Gold Coast Suns,Player Tackles - Toby McMullin (GWS),35708661,Toby McMullin 6+,4
GWS Giants v Gold Coast Suns,GWS Giants,Gold Coast Suns,Player Tackles,Xavier O'Halloran,GWS Giants,2.5,1.43,BetRight,Gold Coast Suns,Player Tackles - Xavier O'Halloran (GWS),35708662,Xavier O'Halloran 3+,1
GWS Giants v Gold Coast Suns,GWS Giants,Gold Coast Suns,Player Tackles,Xavier O'Halloran,GWS Giants,3.5,1.99,BetRight,Gold Coast Suns,Player Tackles - Xavier O'Halloran (GWS),35708662,Xavier O'Halloran 4+,2
GWS Giants v Gold Coast Suns,GWS Giants,Gold Coast Suns,Player Tackles,Xavier O'Halloran,GWS Giants,4.5,3.05,BetRight,Gold Coast Suns,Player Tackles - Xavier O'Halloran (GWS),35708662,Xavier O'Halloran 5+,3
GWS Giants v Gold Coast Suns,GWS Giants,Gold Coast Suns,Player Tackles,Xavier O'Halloran,GWS Giants,5.5,5.25,BetRight,Gold Coast Suns,Player Tackles - Xavier O'Halloran (GWS),35708662,Xavier O'Halloran 6+,4
GWS Giants v Gold Coast Suns,GWS Giants,Gold Coast Suns,Player Tackles,Harry Perryman,GWS Giants,2.5,1.29,BetRight,Gold Coast Suns,Player Tackles - Harry Perryman (GWS),35708663,Harry Perryman 3+,1
GWS Giants v Gold Coast Suns,GWS Giants,Gold Coast Suns,Player Tackles,Harry Perryman,GWS Giants,3.5,1.69,BetRight,Gold Coast Suns,Player Tackles - Harry Perryman (GWS),35708663,Harry Perryman 4+,2
GWS Giants v Gold Coast Suns,GWS Giants,Gold Coast Suns,Player Tackles,Harry Perryman,GWS Giants,4.5,2.45,BetRight,Gold Coast Suns,Player Tackles - Harry Perryman (GWS),35708663,Harry Perryman 5+,3
GWS Giants v Gold Coast Suns,GWS Giants,Gold Coast Suns,Player Tackles,Harry Perryman,GWS Giants,5.5,3.95,BetRight,Gold Coast Suns,Player Tackles - Harry Perryman (GWS),35708663,Harry Perryman 6+,4
GWS Giants v Gold Coast Suns,GWS Giants,Gold Coast Suns,Player Tackles,Harvey Thomas,GWS Giants,2.5,1.35,BetRight,Gold Coast Suns,Player Tackles - Harvey Thomas (GWS),35708664,Harvey Thomas 3+,1
GWS Giants v Gold Coast Suns,GWS Giants,Gold Coast Suns,Player Tackles,Harvey Thomas,GWS Giants,3.5,1.82,BetRight,Gold Coast Suns,Player Tackles - Harvey Thomas (GWS),35708664,Harvey Thomas 4+,2
GWS Giants v Gold Coast Suns,GWS Giants,Gold Coast Suns,Player Tackles,Harvey Thomas,GWS Giants,4.5,2.7,BetRight,Gold Coast Suns,Player Tackles - Harvey Thomas (GWS),35708664,Harvey Thomas 5+,3
GWS Giants v Gold Coast Suns,GWS Giants,Gold Coast Suns,Player Tackles,Harvey Thomas,GWS Giants,5.5,4.5,BetRight,Gold Coast Suns,Player Tackles - Harvey Thomas (GWS),35708664,Harvey Thomas 6+,4
GWS Giants v Gold Coast Suns,GWS Giants,Gold Coast Suns,Player Tackles,Callan Ward,GWS Giants,2.5,1.14,BetRight,Gold Coast Suns,Player Tackles - Callan Ward (GWS),35708665,Callan Ward 3+,1
GWS Giants v Gold Coast Suns,GWS Giants,Gold Coast Suns,Player Tackles,Callan Ward,GWS Giants,3.5,1.41,BetRight,Gold Coast Suns,Player Tackles - Callan Ward (GWS),35708665,Callan Ward 4+,2
GWS Giants v Gold Coast Suns,GWS Giants,Gold Coast Suns,Player Tackles,Callan Ward,GWS Giants,4.5,1.89,BetRight,Gold Coast Suns,Player Tackles - Callan Ward (GWS),35708665,Callan Ward 5+,3
GWS Giants v Gold Coast Suns,GWS Giants,Gold Coast Suns,Player Tackles,Callan Ward,GWS Giants,5.5,2.7,BetRight,Gold Coast Suns,Player Tackles - Callan Ward (GWS),35708665,Callan Ward 6+,4
GWS Giants v Gold Coast Suns,GWS Giants,Gold Coast Suns,Player Tackles,Callan Ward,GWS Giants,6.5,4.1,BetRight,Gold Coast Suns,Player Tackles - Callan Ward (GWS),35708665,Callan Ward 7+,5
GWS Giants v Gold Coast Suns,GWS Giants,Gold Coast Suns,Player Tackles,Lachie Whitfield,GWS Giants,2.5,1.43,BetRight,Gold Coast Suns,Player Tackles - Lachie Whitfield (GWS),35708666,Lachie Whitfield 3+,1
GWS Giants v Gold Coast Suns,GWS Giants,Gold Coast Suns,Player Tackles,Lachie Whitfield,GWS Giants,3.5,1.99,BetRight,Gold Coast Suns,Player Tackles - Lachie Whitfield (GWS),35708666,Lachie Whitfield 4+,2
GWS Giants v Gold Coast Suns,GWS Giants,Gold Coast Suns,Player Tackles,Lachie Whitfield,GWS Giants,4.5,3.05,BetRight,Gold Coast Suns,Player Tackles - Lachie Whitfield (GWS),35708666,Lachie Whitfield 5+,3
GWS Giants v Gold Coast Suns,GWS Giants,Gold Coast Suns,Player Tackles,Lachie Whitfield,GWS Giants,5.5,5.25,BetRight,Gold Coast Suns,Player Tackles - Lachie Whitfield (GWS),35708666,Lachie Whitfield 6+,4
GWS Giants v Gold Coast Suns,GWS Giants,Gold Coast Suns,Player Tackles,Connor Budarick,Gold Coast Suns,1.5,1.19,BetRight,GWS Giants,Player Tackles - Connor Budarick (GCFC),35708667,Connor Budarick 2+,1
GWS Giants v Gold Coast Suns,GWS Giants,Gold Coast Suns,Player Tackles,Connor Budarick,Gold Coast Suns,2.5,1.61,BetRight,GWS Giants,Player Tackles - Connor Budarick (GCFC),35708667,Connor Budarick 3+,2
GWS Giants v Gold Coast Suns,GWS Giants,Gold Coast Suns,Player Tackles,Connor Budarick,Gold Coast Suns,3.5,2.35,BetRight,GWS Giants,Player Tackles - Connor Budarick (GCFC),35708667,Connor Budarick 4+,3
GWS Giants v Gold Coast Suns,GWS Giants,Gold Coast Suns,Player Tackles,Connor Budarick,Gold Coast Suns,4.5,4.1,BetRight,GWS Giants,Player Tackles - Connor Budarick (GCFC),35708667,Connor Budarick 5+,4
GWS Giants v Gold Coast Suns,GWS Giants,Gold Coast Suns,Player Tackles,Sam Flanders,Gold Coast Suns,1.5,1.17,BetRight,GWS Giants,Player Tackles - Sam Flanders (GCFC),35708668,Sam Flanders 2+,1
GWS Giants v Gold Coast Suns,GWS Giants,Gold Coast Suns,Player Tackles,Sam Flanders,Gold Coast Suns,2.5,1.56,BetRight,GWS Giants,Player Tackles - Sam Flanders (GCFC),35708668,Sam Flanders 3+,2
GWS Giants v Gold Coast Suns,GWS Giants,Gold Coast Suns,Player Tackles,Sam Flanders,Gold Coast Suns,3.5,2.25,BetRight,GWS Giants,Player Tackles - Sam Flanders (GCFC),35708668,Sam Flanders 4+,3
GWS Giants v Gold Coast Suns,GWS Giants,Gold Coast Suns,Player Tackles,Sam Flanders,Gold Coast Suns,4.5,3.95,BetRight,GWS Giants,Player Tackles - Sam Flanders (GCFC),35708668,Sam Flanders 5+,4
GWS Giants v Gold Coast Suns,GWS Giants,Gold Coast Suns,Player Tackles,Nick Holman,Gold Coast Suns,2.5,1.21,BetRight,GWS Giants,Player Tackles - Nick Holman (GCFC),35708669,Nick Holman 3+,1
GWS Giants v Gold Coast Suns,GWS Giants,Gold Coast Suns,Player Tackles,Nick Holman,Gold Coast Suns,3.5,1.56,BetRight,GWS Giants,Player Tackles - Nick Holman (GCFC),35708669,Nick Holman 4+,2
GWS Giants v Gold Coast Suns,GWS Giants,Gold Coast Suns,Player Tackles,Nick Holman,Gold Coast Suns,4.5,2.15,BetRight,GWS Giants,Player Tackles - Nick Holman (GCFC),35708669,Nick Holman 5+,3
GWS Giants v Gold Coast Suns,GWS Giants,Gold Coast Suns,Player Tackles,Nick Holman,Gold Coast Suns,5.5,3.25,BetRight,GWS Giants,Player Tackles - Nick Holman (GCFC),35708669,Nick Holman 6+,4
GWS Giants v Gold Coast Suns,GWS Giants,Gold Coast Suns,Player Tackles,Bailey Humphrey,Gold Coast Suns,1.5,1.17,BetRight,GWS Giants,Player Tackles - Bailey Humphrey (GCFC),35708670,Bailey Humphrey 2+,1
GWS Giants v Gold Coast Suns,GWS Giants,Gold Coast Suns,Player Tackles,Bailey Humphrey,Gold Coast Suns,2.5,1.56,BetRight,GWS Giants,Player Tackles - Bailey Humphrey (GCFC),35708670,Bailey Humphrey 3+,2
GWS Giants v Gold Coast Suns,GWS Giants,Gold Coast Suns,Player Tackles,Bailey Humphrey,Gold Coast Suns,3.5,2.25,BetRight,GWS Giants,Player Tackles - Bailey Humphrey (GCFC),35708670,Bailey Humphrey 4+,3
GWS Giants v Gold Coast Suns,GWS Giants,Gold Coast Suns,Player Tackles,Bailey Humphrey,Gold Coast Suns,4.5,3.95,BetRight,GWS Giants,Player Tackles - Bailey Humphrey (GCFC),35708670,Bailey Humphrey 5+,4
GWS Giants v Gold Coast Suns,GWS Giants,Gold Coast Suns,Player Tackles,Joel Jeffrey,Gold Coast Suns,1.5,1.21,BetRight,GWS Giants,Player Tackles - Joel Jeffrey (GCFC),35708671,Joel Jeffrey 2+,1
GWS Giants v Gold Coast Suns,GWS Giants,Gold Coast Suns,Player Tackles,Joel Jeffrey,Gold Coast Suns,2.5,1.72,BetRight,GWS Giants,Player Tackles - Joel Jeffrey (GCFC),35708671,Joel Jeffrey 3+,2
GWS Giants v Gold Coast Suns,GWS Giants,Gold Coast Suns,Player Tackles,Joel Jeffrey,Gold Coast Suns,3.5,2.6,BetRight,GWS Giants,Player Tackles - Joel Jeffrey (GCFC),35708671,Joel Jeffrey 4+,3
GWS Giants v Gold Coast Suns,GWS Giants,Gold Coast Suns,Player Tackles,Joel Jeffrey,Gold Coast Suns,4.5,4.7,BetRight,GWS Giants,Player Tackles - Joel Jeffrey (GCFC),35708671,Joel Jeffrey 5+,4
GWS Giants v Gold Coast Suns,GWS Giants,Gold Coast Suns,Player Tackles,Ned Moyle,Gold Coast Suns,2.5,1.14,BetRight,GWS Giants,Player Tackles - Ned Moyle (GCFC),35708672,Ned Moyle 3+,1
GWS Giants v Gold Coast Suns,GWS Giants,Gold Coast Suns,Player Tackles,Ned Moyle,Gold Coast Suns,3.5,1.39,BetRight,GWS Giants,Player Tackles - Ned Moyle (GCFC),35708672,Ned Moyle 4+,2
GWS Giants v Gold Coast Suns,GWS Giants,Gold Coast Suns,Player Tackles,Ned Moyle,Gold Coast Suns,4.5,1.87,BetRight,GWS Giants,Player Tackles - Ned Moyle (GCFC),35708672,Ned Moyle 5+,3
GWS Giants v Gold Coast Suns,GWS Giants,Gold Coast Suns,Player Tackles,Ned Moyle,Gold Coast Suns,5.5,2.6,BetRight,GWS Giants,Player Tackles - Ned Moyle (GCFC),35708672,Ned Moyle 6+,4
GWS Giants v Gold Coast Suns,GWS Giants,Gold Coast Suns,Player Tackles,Ned Moyle,Gold Coast Suns,6.5,4.1,BetRight,GWS Giants,Player Tackles - Ned Moyle (GCFC),35708672,Ned Moyle 7+,5
GWS Giants v Gold Coast Suns,GWS Giants,Gold Coast Suns,Player Tackles,Bodhi Uwland,Gold Coast Suns,1.5,1.19,BetRight,GWS Giants,Player Tackles - Bodhi Uwland (GCFC),35708673,Bodhi Uwland 2+,1
GWS Giants v Gold Coast Suns,GWS Giants,Gold Coast Suns,Player Tackles,Bodhi Uwland,Gold Coast Suns,2.5,1.61,BetRight,GWS Giants,Player Tackles - Bodhi Uwland (GCFC),35708673,Bodhi Uwland 3+,2
GWS Giants v Gold Coast Suns,GWS Giants,Gold Coast Suns,Player Tackles,Bodhi Uwland,Gold Coast Suns,3.5,2.35,BetRight,GWS Giants,Player Tackles - Bodhi Uwland (GCFC),35708673,Bodhi Uwland 4+,3
GWS Giants v Gold Coast Suns,GWS Giants,Gold Coast Suns,Player Tackles,Bodhi Uwland,Gold Coast Suns,4.5,4.1,BetRight,GWS Giants,Player Tackles - Bodhi Uwland (GCFC),35708673,Bodhi Uwland 5+,4
GWS Giants v Gold Coast Suns,GWS Giants,Gold Coast Suns,Player Tackles,Jed Walter,Gold Coast Suns,1.5,1.19,BetRight,GWS Giants,Player Tackles - Jed Walter (GCFC),35708674,Jed Walter 2+,1
GWS Giants v Gold Coast Suns,GWS Giants,Gold Coast Suns,Player Tackles,Jed Walter,Gold Coast Suns,2.5,1.61,BetRight,GWS Giants,Player Tackles - Jed Walter (GCFC),35708674,Jed Walter 3+,2
GWS Giants v Gold Coast Suns,GWS Giants,Gold Coast Suns,Player Tackles,Jed Walter,Gold Coast Suns,3.5,2.35,BetRight,GWS Giants,Player Tackles - Jed Walter (GCFC),35708674,Jed Walter 4+,3
GWS Giants v Gold Coast Suns,GWS Giants,Gold Coast Suns,Player Tackles,Jed Walter,Gold Coast Suns,4.5,4.1,BetRight,GWS Giants,Player Tackles - Jed Walter (GCFC),35708674,Jed Walter 5+,4
GWS Giants v Gold Coast Suns,GWS Giants,Gold Coast Suns,Player Tackles,Lachie Weller,Gold Coast Suns,1.5,1.17,BetRight,GWS Giants,Player Tackles - Lachie Weller (GCFC),35708675,Lachie Weller 2+,1
GWS Giants v Gold Coast Suns,GWS Giants,Gold Coast Suns,Player Tackles,Lachie Weller,Gold Coast Suns,2.5,1.56,BetRight,GWS Giants,Player Tackles - Lachie Weller (GCFC),35708675,Lachie Weller 3+,2
GWS Giants v Gold Coast Suns,GWS Giants,Gold Coast Suns,Player Tackles,Lachie Weller,Gold Coast Suns,3.5,2.25,BetRight,GWS Giants,Player Tackles - Lachie Weller (GCFC),35708675,Lachie Weller 4+,3
GWS Giants v Gold Coast Suns,GWS Giants,Gold Coast Suns,Player Tackles,Lachie Weller,Gold Coast Suns,4.5,3.95,BetRight,GWS Giants,Player Tackles - Lachie Weller (GCFC),35708675,Lachie Weller 5+,4
St Kilda Saints v West Coast Eagles,St Kilda Saints,West Coast Eagles,Player Tackles,Dan Butler,St Kilda Saints,3.5,1.14,BetRight,West Coast Eagles,Player Tackles - Dan Butler (STK),35707007,Dan Butler 4+,2
St Kilda Saints v West Coast Eagles,St Kilda Saints,West Coast Eagles,Player Tackles,Dan Butler,St Kilda Saints,5.5,1.72,BetRight,West Coast Eagles,Player Tackles - Dan Butler (STK),35707007,Dan Butler 6+,3
St Kilda Saints v West Coast Eagles,St Kilda Saints,West Coast Eagles,Player Tackles,Dan Butler,St Kilda Saints,7.5,3.35,BetRight,West Coast Eagles,Player Tackles - Dan Butler (STK),35707007,Dan Butler 8+,4
St Kilda Saints v West Coast Eagles,St Kilda Saints,West Coast Eagles,Player Tackles,Dan Butler,St Kilda Saints,9.5,7,BetRight,West Coast Eagles,Player Tackles - Dan Butler (STK),35707007,Dan Butler 10+,1
St Kilda Saints v West Coast Eagles,St Kilda Saints,West Coast Eagles,Player Tackles,Jack Higgins,St Kilda Saints,2.5,1.2,BetRight,West Coast Eagles,Player Tackles - Jack Higgins (STK),35707008,Jack Higgins 3+,1
St Kilda Saints v West Coast Eagles,St Kilda Saints,West Coast Eagles,Player Tackles,Jack Higgins,St Kilda Saints,3.5,1.54,BetRight,West Coast Eagles,Player Tackles - Jack Higgins (STK),35707008,Jack Higgins 4+,2
St Kilda Saints v West Coast Eagles,St Kilda Saints,West Coast Eagles,Player Tackles,Jack Higgins,St Kilda Saints,4.5,2.1,BetRight,West Coast Eagles,Player Tackles - Jack Higgins (STK),35707008,Jack Higgins 5+,3
St Kilda Saints v West Coast Eagles,St Kilda Saints,West Coast Eagles,Player Tackles,Jack Higgins,St Kilda Saints,5.5,3.25,BetRight,West Coast Eagles,Player Tackles - Jack Higgins (STK),35707008,Jack Higgins 6+,4
St Kilda Saints v West Coast Eagles,St Kilda Saints,West Coast Eagles,Player Tackles,Rowan Marshall,St Kilda Saints,4.5,1.24,BetRight,West Coast Eagles,Player Tackles - Rowan Marshall (STK),35707009,Rowan Marshall 5+,2
St Kilda Saints v West Coast Eagles,St Kilda Saints,West Coast Eagles,Player Tackles,Rowan Marshall,St Kilda Saints,6.5,1.99,BetRight,West Coast Eagles,Player Tackles - Rowan Marshall (STK),35707009,Rowan Marshall 7+,3
St Kilda Saints v West Coast Eagles,St Kilda Saints,West Coast Eagles,Player Tackles,Rowan Marshall,St Kilda Saints,8.5,3.95,BetRight,West Coast Eagles,Player Tackles - Rowan Marshall (STK),35707009,Rowan Marshall 9+,4
St Kilda Saints v West Coast Eagles,St Kilda Saints,West Coast Eagles,Player Tackles,Rowan Marshall,St Kilda Saints,10.5,8.5,BetRight,West Coast Eagles,Player Tackles - Rowan Marshall (STK),35707009,Rowan Marshall 11+,1
St Kilda Saints v West Coast Eagles,St Kilda Saints,West Coast Eagles,Player Tackles,Mitchito Owens,NA,3.5,1.21,BetRight,NA,Player Tackles - Mitchito Owens (STK),35707010,Mitchito Owens 4+,1
St Kilda Saints v West Coast Eagles,St Kilda Saints,West Coast Eagles,Player Tackles,Mitchito Owens,NA,5.5,1.99,BetRight,NA,Player Tackles - Mitchito Owens (STK),35707010,Mitchito Owens 6+,2
St Kilda Saints v West Coast Eagles,St Kilda Saints,West Coast Eagles,Player Tackles,Mitchito Owens,NA,7.5,4.25,BetRight,NA,Player Tackles - Mitchito Owens (STK),35707010,Mitchito Owens 8+,3
St Kilda Saints v West Coast Eagles,St Kilda Saints,West Coast Eagles,Player Tackles,Jack Sinclair,St Kilda Saints,2.5,1.17,BetRight,West Coast Eagles,Player Tackles - Jack Sinclair (STK),35707011,Jack Sinclair 3+,1
St Kilda Saints v West Coast Eagles,St Kilda Saints,West Coast Eagles,Player Tackles,Jack Sinclair,St Kilda Saints,3.5,1.49,BetRight,West Coast Eagles,Player Tackles - Jack Sinclair (STK),35707011,Jack Sinclair 4+,2
St Kilda Saints v West Coast Eagles,St Kilda Saints,West Coast Eagles,Player Tackles,Jack Sinclair,St Kilda Saints,4.5,2.05,BetRight,West Coast Eagles,Player Tackles - Jack Sinclair (STK),35707011,Jack Sinclair 5+,3
St Kilda Saints v West Coast Eagles,St Kilda Saints,West Coast Eagles,Player Tackles,Jack Sinclair,St Kilda Saints,5.5,3.15,BetRight,West Coast Eagles,Player Tackles - Jack Sinclair (STK),35707011,Jack Sinclair 6+,4
St Kilda Saints v West Coast Eagles,St Kilda Saints,West Coast Eagles,Player Tackles,Jack Steele,St Kilda Saints,7.5,1.34,BetRight,West Coast Eagles,Player Tackles - Jack Steele (STK),35707012,Jack Steele 8+,4
St Kilda Saints v West Coast Eagles,St Kilda Saints,West Coast Eagles,Player Tackles,Jack Steele,St Kilda Saints,9.5,1.95,BetRight,West Coast Eagles,Player Tackles - Jack Steele (STK),35707012,Jack Steele 10+,1
St Kilda Saints v West Coast Eagles,St Kilda Saints,West Coast Eagles,Player Tackles,Jack Steele,St Kilda Saints,11.5,3.35,BetRight,West Coast Eagles,Player Tackles - Jack Steele (STK),35707012,Jack Steele 12+,2
St Kilda Saints v West Coast Eagles,St Kilda Saints,West Coast Eagles,Player Tackles,Jack Steele,St Kilda Saints,13.5,6.25,BetRight,West Coast Eagles,Player Tackles - Jack Steele (STK),35707012,Jack Steele 14+,3
St Kilda Saints v West Coast Eagles,St Kilda Saints,West Coast Eagles,Player Tackles,Jamie Cripps,West Coast Eagles,2.5,1.17,BetRight,St Kilda Saints,Player Tackles - Jamie Cripps (WCE),35707013,Jamie Cripps 3+,1
St Kilda Saints v West Coast Eagles,St Kilda Saints,West Coast Eagles,Player Tackles,Jamie Cripps,West Coast Eagles,3.5,1.49,BetRight,St Kilda Saints,Player Tackles - Jamie Cripps (WCE),35707013,Jamie Cripps 4+,2
St Kilda Saints v West Coast Eagles,St Kilda Saints,West Coast Eagles,Player Tackles,Jamie Cripps,West Coast Eagles,4.5,2.05,BetRight,St Kilda Saints,Player Tackles - Jamie Cripps (WCE),35707013,Jamie Cripps 5+,3
St Kilda Saints v West Coast Eagles,St Kilda Saints,West Coast Eagles,Player Tackles,Jamie Cripps,West Coast Eagles,5.5,3.15,BetRight,St Kilda Saints,Player Tackles - Jamie Cripps (WCE),35707013,Jamie Cripps 6+,4
St Kilda Saints v West Coast Eagles,St Kilda Saints,West Coast Eagles,Player Tackles,Reuben Ginbey,West Coast Eagles,3.5,1.21,BetRight,St Kilda Saints,Player Tackles - Reuben Ginbey (WCE),35707014,Reuben Ginbey 4+,1
St Kilda Saints v West Coast Eagles,St Kilda Saints,West Coast Eagles,Player Tackles,Reuben Ginbey,West Coast Eagles,5.5,1.99,BetRight,St Kilda Saints,Player Tackles - Reuben Ginbey (WCE),35707014,Reuben Ginbey 6+,2
St Kilda Saints v West Coast Eagles,St Kilda Saints,West Coast Eagles,Player Tackles,Reuben Ginbey,West Coast Eagles,7.5,4.25,BetRight,St Kilda Saints,Player Tackles - Reuben Ginbey (WCE),35707014,Reuben Ginbey 8+,3
St Kilda Saints v West Coast Eagles,St Kilda Saints,West Coast Eagles,Player Tackles,Brady Hough,West Coast Eagles,2.5,1.2,BetRight,St Kilda Saints,Player Tackles - Brady Hough (WCE),35707015,Brady Hough 3+,1
St Kilda Saints v West Coast Eagles,St Kilda Saints,West Coast Eagles,Player Tackles,Brady Hough,West Coast Eagles,3.5,1.54,BetRight,St Kilda Saints,Player Tackles - Brady Hough (WCE),35707015,Brady Hough 4+,2
St Kilda Saints v West Coast Eagles,St Kilda Saints,West Coast Eagles,Player Tackles,Brady Hough,West Coast Eagles,4.5,2.15,BetRight,St Kilda Saints,Player Tackles - Brady Hough (WCE),35707015,Brady Hough 5+,3
St Kilda Saints v West Coast Eagles,St Kilda Saints,West Coast Eagles,Player Tackles,Brady Hough,West Coast Eagles,5.5,3.35,BetRight,St Kilda Saints,Player Tackles - Brady Hough (WCE),35707015,Brady Hough 6+,4
St Kilda Saints v West Coast Eagles,St Kilda Saints,West Coast Eagles,Player Tackles,Jack Hutchinson,NA,4.5,1.17,BetRight,NA,Player Tackles - Jack Hutchinson (WCE),35707016,Jack Hutchinson 5+,2
St Kilda Saints v West Coast Eagles,St Kilda Saints,West Coast Eagles,Player Tackles,Jack Hutchinson,NA,6.5,1.72,BetRight,NA,Player Tackles - Jack Hutchinson (WCE),35707016,Jack Hutchinson 7+,3
St Kilda Saints v West Coast Eagles,St Kilda Saints,West Coast Eagles,Player Tackles,Jack Hutchinson,NA,8.5,3.15,BetRight,NA,Player Tackles - Jack Hutchinson (WCE),35707016,Jack Hutchinson 9+,4
St Kilda Saints v West Coast Eagles,St Kilda Saints,West Coast Eagles,Player Tackles,Jack Hutchinson,NA,10.5,6.75,BetRight,NA,Player Tackles - Jack Hutchinson (WCE),35707016,Jack Hutchinson 11+,1
St Kilda Saints v West Coast Eagles,St Kilda Saints,West Coast Eagles,Player Tackles,Tim Kelly,West Coast Eagles,3.5,1.14,BetRight,St Kilda Saints,Player Tackles - Tim Kelly (WCE),35707017,Tim Kelly 4+,2
St Kilda Saints v West Coast Eagles,St Kilda Saints,West Coast Eagles,Player Tackles,Tim Kelly,West Coast Eagles,5.5,1.72,BetRight,St Kilda Saints,Player Tackles - Tim Kelly (WCE),35707017,Tim Kelly 6+,3
St Kilda Saints v West Coast Eagles,St Kilda Saints,West Coast Eagles,Player Tackles,Tim Kelly,West Coast Eagles,7.5,3.35,BetRight,St Kilda Saints,Player Tackles - Tim Kelly (WCE),35707017,Tim Kelly 8+,4
St Kilda Saints v West Coast Eagles,St Kilda Saints,West Coast Eagles,Player Tackles,Tim Kelly,West Coast Eagles,9.5,7.5,BetRight,St Kilda Saints,Player Tackles - Tim Kelly (WCE),35707017,Tim Kelly 10+,1
St Kilda Saints v West Coast Eagles,St Kilda Saints,West Coast Eagles,Player Tackles,Harley Reid,West Coast Eagles,3.5,1.16,BetRight,St Kilda Saints,Player Tackles - Harley Reid (WCE),35707018,Harley Reid 4+,2
St Kilda Saints v West Coast Eagles,St Kilda Saints,West Coast Eagles,Player Tackles,Harley Reid,West Coast Eagles,5.5,1.81,BetRight,St Kilda Saints,Player Tackles - Harley Reid (WCE),35707018,Harley Reid 6+,3
St Kilda Saints v West Coast Eagles,St Kilda Saints,West Coast Eagles,Player Tackles,Harley Reid,West Coast Eagles,7.5,3.75,BetRight,St Kilda Saints,Player Tackles - Harley Reid (WCE),35707018,Harley Reid 8+,4
St Kilda Saints v West Coast Eagles,St Kilda Saints,West Coast Eagles,Player Tackles,Harley Reid,West Coast Eagles,9.5,8.5,BetRight,St Kilda Saints,Player Tackles - Harley Reid (WCE),35707018,Harley Reid 10+,1
St Kilda Saints v West Coast Eagles,St Kilda Saints,West Coast Eagles,Player Tackles,Zane Trew,West Coast Eagles,3.5,1.14,BetRight,St Kilda Saints,Player Tackles - Zane Trew (WCE),35707019,Zane Trew 4+,2
St Kilda Saints v West Coast Eagles,St Kilda Saints,West Coast Eagles,Player Tackles,Zane Trew,West Coast Eagles,5.5,1.72,BetRight,St Kilda Saints,Player Tackles - Zane Trew (WCE),35707019,Zane Trew 6+,3
St Kilda Saints v West Coast Eagles,St Kilda Saints,West Coast Eagles,Player Tackles,Zane Trew,West Coast Eagles,7.5,3.35,BetRight,St Kilda Saints,Player Tackles - Zane Trew (WCE),35707019,Zane Trew 8+,4
St Kilda Saints v West Coast Eagles,St Kilda Saints,West Coast Eagles,Player Tackles,Zane Trew,West Coast Eagles,9.5,7.5,BetRight,St Kilda Saints,Player Tackles - Zane Trew (WCE),35707019,Zane Trew 10+,1
Hawthorn Hawks v Collingwood Magpies,Hawthorn Hawks,Collingwood Magpies,Player Tackles,Will Day,Hawthorn Hawks,5.5,1.61,BetRight,Collingwood Magpies,Player Tackles - Will Day (HAW),35707078,Will Day 6+,3
Hawthorn Hawks v Collingwood Magpies,Hawthorn Hawks,Collingwood Magpies,Player Tackles,Will Day,Hawthorn Hawks,7.5,2.95,BetRight,Collingwood Magpies,Player Tackles - Will Day (HAW),35707078,Will Day 8+,4
Hawthorn Hawks v Collingwood Magpies,Hawthorn Hawks,Collingwood Magpies,Player Tackles,Will Day,Hawthorn Hawks,9.5,6.75,BetRight,Collingwood Magpies,Player Tackles - Will Day (HAW),35707078,Will Day 10+,1
Hawthorn Hawks v Collingwood Magpies,Hawthorn Hawks,Collingwood Magpies,Player Tackles,Lloyd Meek,Hawthorn Hawks,3.5,1.21,BetRight,Collingwood Magpies,Player Tackles - Lloyd Meek (HAW),35707079,Lloyd Meek 4+,1
Hawthorn Hawks v Collingwood Magpies,Hawthorn Hawks,Collingwood Magpies,Player Tackles,Lloyd Meek,Hawthorn Hawks,5.5,1.95,BetRight,Collingwood Magpies,Player Tackles - Lloyd Meek (HAW),35707079,Lloyd Meek 6+,2
Hawthorn Hawks v Collingwood Magpies,Hawthorn Hawks,Collingwood Magpies,Player Tackles,Lloyd Meek,Hawthorn Hawks,7.5,4.1,BetRight,Collingwood Magpies,Player Tackles - Lloyd Meek (HAW),35707079,Lloyd Meek 8+,3
Hawthorn Hawks v Collingwood Magpies,Hawthorn Hawks,Collingwood Magpies,Player Tackles,Conor Nash,Hawthorn Hawks,3.5,1.14,BetRight,Collingwood Magpies,Player Tackles - Conor Nash (HAW),35707080,Conor Nash 4+,2
Hawthorn Hawks v Collingwood Magpies,Hawthorn Hawks,Collingwood Magpies,Player Tackles,Conor Nash,Hawthorn Hawks,5.5,1.72,BetRight,Collingwood Magpies,Player Tackles - Conor Nash (HAW),35707080,Conor Nash 6+,3
Hawthorn Hawks v Collingwood Magpies,Hawthorn Hawks,Collingwood Magpies,Player Tackles,Conor Nash,Hawthorn Hawks,7.5,3.35,BetRight,Collingwood Magpies,Player Tackles - Conor Nash (HAW),35707080,Conor Nash 8+,4
Hawthorn Hawks v Collingwood Magpies,Hawthorn Hawks,Collingwood Magpies,Player Tackles,Conor Nash,Hawthorn Hawks,9.5,7.5,BetRight,Collingwood Magpies,Player Tackles - Conor Nash (HAW),35707080,Conor Nash 10+,1
Hawthorn Hawks v Collingwood Magpies,Hawthorn Hawks,Collingwood Magpies,Player Tackles,Jai Newcombe,Hawthorn Hawks,4.5,1.25,BetRight,Collingwood Magpies,Player Tackles - Jai Newcombe (HAW),35707081,Jai Newcombe 5+,6
Hawthorn Hawks v Collingwood Magpies,Hawthorn Hawks,Collingwood Magpies,Player Tackles,Jai Newcombe,Hawthorn Hawks,6.5,1.97,BetRight,Collingwood Magpies,Player Tackles - Jai Newcombe (HAW),35707081,Jai Newcombe 7+,7
Hawthorn Hawks v Collingwood Magpies,Hawthorn Hawks,Collingwood Magpies,Player Tackles,Jai Newcombe,Hawthorn Hawks,8.5,3.85,BetRight,Collingwood Magpies,Player Tackles - Jai Newcombe (HAW),35707081,Jai Newcombe 9+,8
Hawthorn Hawks v Collingwood Magpies,Hawthorn Hawks,Collingwood Magpies,Player Tackles,Jai Newcombe,Hawthorn Hawks,10.5,8.5,BetRight,Collingwood Magpies,Player Tackles - Jai Newcombe (HAW),35707081,Jai Newcombe 11+,5
Hawthorn Hawks v Collingwood Magpies,Hawthorn Hawks,Collingwood Magpies,Player Tackles,Nick Watson,Hawthorn Hawks,2.5,1.16,BetRight,Collingwood Magpies,Player Tackles - Nick Watson (HAW),35707082,Nick Watson 3+,1
Hawthorn Hawks v Collingwood Magpies,Hawthorn Hawks,Collingwood Magpies,Player Tackles,Nick Watson,Hawthorn Hawks,3.5,1.43,BetRight,Collingwood Magpies,Player Tackles - Nick Watson (HAW),35707082,Nick Watson 4+,2
Hawthorn Hawks v Collingwood Magpies,Hawthorn Hawks,Collingwood Magpies,Player Tackles,Nick Watson,Hawthorn Hawks,4.5,1.9,BetRight,Collingwood Magpies,Player Tackles - Nick Watson (HAW),35707082,Nick Watson 5+,3
Hawthorn Hawks v Collingwood Magpies,Hawthorn Hawks,Collingwood Magpies,Player Tackles,Nick Watson,Hawthorn Hawks,5.5,2.75,BetRight,Collingwood Magpies,Player Tackles - Nick Watson (HAW),35707082,Nick Watson 6+,4
Hawthorn Hawks v Collingwood Magpies,Hawthorn Hawks,Collingwood Magpies,Player Tackles,Nick Watson,Hawthorn Hawks,6.5,4.25,BetRight,Collingwood Magpies,Player Tackles - Nick Watson (HAW),35707082,Nick Watson 7+,5
Hawthorn Hawks v Collingwood Magpies,Hawthorn Hawks,Collingwood Magpies,Player Tackles,James Worpel,Hawthorn Hawks,3.5,1.16,BetRight,Collingwood Magpies,Player Tackles - James Worpel (HAW),35707083,James Worpel 4+,2
Hawthorn Hawks v Collingwood Magpies,Hawthorn Hawks,Collingwood Magpies,Player Tackles,James Worpel,Hawthorn Hawks,5.5,1.74,BetRight,Collingwood Magpies,Player Tackles - James Worpel (HAW),35707083,James Worpel 6+,3
Hawthorn Hawks v Collingwood Magpies,Hawthorn Hawks,Collingwood Magpies,Player Tackles,James Worpel,Hawthorn Hawks,7.5,3.35,BetRight,Collingwood Magpies,Player Tackles - James Worpel (HAW),35707083,James Worpel 8+,4
Hawthorn Hawks v Collingwood Magpies,Hawthorn Hawks,Collingwood Magpies,Player Tackles,James Worpel,Hawthorn Hawks,9.5,7.5,BetRight,Collingwood Magpies,Player Tackles - James Worpel (HAW),35707083,James Worpel 10+,1
Hawthorn Hawks v Collingwood Magpies,Hawthorn Hawks,Collingwood Magpies,Player Tackles,Darcy Cameron,Collingwood Magpies,2.5,1.13,BetRight,Hawthorn Hawks,Player Tackles - Darcy Cameron (COLL),35707084,Darcy Cameron 3+,1
Hawthorn Hawks v Collingwood Magpies,Hawthorn Hawks,Collingwood Magpies,Player Tackles,Darcy Cameron,Collingwood Magpies,3.5,1.37,BetRight,Hawthorn Hawks,Player Tackles - Darcy Cameron (COLL),35707084,Darcy Cameron 4+,2
Hawthorn Hawks v Collingwood Magpies,Hawthorn Hawks,Collingwood Magpies,Player Tackles,Darcy Cameron,Collingwood Magpies,4.5,1.79,BetRight,Hawthorn Hawks,Player Tackles - Darcy Cameron (COLL),35707084,Darcy Cameron 5+,3
Hawthorn Hawks v Collingwood Magpies,Hawthorn Hawks,Collingwood Magpies,Player Tackles,Darcy Cameron,Collingwood Magpies,5.5,2.55,BetRight,Hawthorn Hawks,Player Tackles - Darcy Cameron (COLL),35707084,Darcy Cameron 6+,4
Hawthorn Hawks v Collingwood Magpies,Hawthorn Hawks,Collingwood Magpies,Player Tackles,Darcy Cameron,Collingwood Magpies,6.5,3.85,BetRight,Hawthorn Hawks,Player Tackles - Darcy Cameron (COLL),35707084,Darcy Cameron 7+,5
Hawthorn Hawks v Collingwood Magpies,Hawthorn Hawks,Collingwood Magpies,Player Tackles,Jack Crisp,Collingwood Magpies,5.5,1.28,BetRight,Hawthorn Hawks,Player Tackles - Jack Crisp (COLL),35707085,Jack Crisp 6+,3
Hawthorn Hawks v Collingwood Magpies,Hawthorn Hawks,Collingwood Magpies,Player Tackles,Jack Crisp,Collingwood Magpies,7.5,1.99,BetRight,Hawthorn Hawks,Player Tackles - Jack Crisp (COLL),35707085,Jack Crisp 8+,4
Hawthorn Hawks v Collingwood Magpies,Hawthorn Hawks,Collingwood Magpies,Player Tackles,Jack Crisp,Collingwood Magpies,9.5,3.75,BetRight,Hawthorn Hawks,Player Tackles - Jack Crisp (COLL),35707085,Jack Crisp 10+,1
Hawthorn Hawks v Collingwood Magpies,Hawthorn Hawks,Collingwood Magpies,Player Tackles,Jack Crisp,Collingwood Magpies,11.5,8,BetRight,Hawthorn Hawks,Player Tackles - Jack Crisp (COLL),35707085,Jack Crisp 12+,2
Hawthorn Hawks v Collingwood Magpies,Hawthorn Hawks,Collingwood Magpies,Player Tackles,Josh Daicos,Collingwood Magpies,3.5,1.21,BetRight,Hawthorn Hawks,Player Tackles - Josh Daicos (COLL),35707086,Josh Daicos 4+,1
Hawthorn Hawks v Collingwood Magpies,Hawthorn Hawks,Collingwood Magpies,Player Tackles,Josh Daicos,Collingwood Magpies,5.5,1.97,BetRight,Hawthorn Hawks,Player Tackles - Josh Daicos (COLL),35707086,Josh Daicos 6+,2
Hawthorn Hawks v Collingwood Magpies,Hawthorn Hawks,Collingwood Magpies,Player Tackles,Josh Daicos,Collingwood Magpies,7.5,4.1,BetRight,Hawthorn Hawks,Player Tackles - Josh Daicos (COLL),35707086,Josh Daicos 8+,3
Hawthorn Hawks v Collingwood Magpies,Hawthorn Hawks,Collingwood Magpies,Player Tackles,Nick Daicos,Collingwood Magpies,2.5,1.21,BetRight,Hawthorn Hawks,Player Tackles - Nicholas Daicos (COLL),35707087,Nicholas Daicos 3+,1
Hawthorn Hawks v Collingwood Magpies,Hawthorn Hawks,Collingwood Magpies,Player Tackles,Nick Daicos,Collingwood Magpies,3.5,1.56,BetRight,Hawthorn Hawks,Player Tackles - Nicholas Daicos (COLL),35707087,Nicholas Daicos 4+,2
Hawthorn Hawks v Collingwood Magpies,Hawthorn Hawks,Collingwood Magpies,Player Tackles,Nick Daicos,Collingwood Magpies,4.5,2.15,BetRight,Hawthorn Hawks,Player Tackles - Nicholas Daicos (COLL),35707087,Nicholas Daicos 5+,3
Hawthorn Hawks v Collingwood Magpies,Hawthorn Hawks,Collingwood Magpies,Player Tackles,Nick Daicos,Collingwood Magpies,5.5,3.35,BetRight,Hawthorn Hawks,Player Tackles - Nicholas Daicos (COLL),35707087,Nicholas Daicos 6+,4
Hawthorn Hawks v Collingwood Magpies,Hawthorn Hawks,Collingwood Magpies,Player Tackles,Jordan De Goey,Collingwood Magpies,3.5,1.17,BetRight,Hawthorn Hawks,Player Tackles - Jordan De Goey (COLL),35707088,Jordan De Goey 4+,2
Hawthorn Hawks v Collingwood Magpies,Hawthorn Hawks,Collingwood Magpies,Player Tackles,Jordan De Goey,Collingwood Magpies,5.5,1.85,BetRight,Hawthorn Hawks,Player Tackles - Jordan De Goey (COLL),35707088,Jordan De Goey 6+,3
Hawthorn Hawks v Collingwood Magpies,Hawthorn Hawks,Collingwood Magpies,Player Tackles,Jordan De Goey,Collingwood Magpies,7.5,3.75,BetRight,Hawthorn Hawks,Player Tackles - Jordan De Goey (COLL),35707088,Jordan De Goey 8+,4
Hawthorn Hawks v Collingwood Magpies,Hawthorn Hawks,Collingwood Magpies,Player Tackles,Jordan De Goey,Collingwood Magpies,9.5,8.5,BetRight,Hawthorn Hawks,Player Tackles - Jordan De Goey (COLL),35707088,Jordan De Goey 10+,1
Hawthorn Hawks v Collingwood Magpies,Hawthorn Hawks,Collingwood Magpies,Player Tackles,Jamie Elliott,Collingwood Magpies,2.5,1.13,BetRight,Hawthorn Hawks,Player Tackles - Jamie Elliott (COLL),35707089,Jamie Elliott 3+,1
Hawthorn Hawks v Collingwood Magpies,Hawthorn Hawks,Collingwood Magpies,Player Tackles,Jamie Elliott,Collingwood Magpies,3.5,1.37,BetRight,Hawthorn Hawks,Player Tackles - Jamie Elliott (COLL),35707089,Jamie Elliott 4+,2
Hawthorn Hawks v Collingwood Magpies,Hawthorn Hawks,Collingwood Magpies,Player Tackles,Jamie Elliott,Collingwood Magpies,4.5,1.79,BetRight,Hawthorn Hawks,Player Tackles - Jamie Elliott (COLL),35707089,Jamie Elliott 5+,3
Hawthorn Hawks v Collingwood Magpies,Hawthorn Hawks,Collingwood Magpies,Player Tackles,Jamie Elliott,Collingwood Magpies,5.5,2.55,BetRight,Hawthorn Hawks,Player Tackles - Jamie Elliott (COLL),35707089,Jamie Elliott 6+,4
Hawthorn Hawks v Collingwood Magpies,Hawthorn Hawks,Collingwood Magpies,Player Tackles,Jamie Elliott,Collingwood Magpies,6.5,3.85,BetRight,Hawthorn Hawks,Player Tackles - Jamie Elliott (COLL),35707089,Jamie Elliott 7+,5
Hawthorn Hawks v Collingwood Magpies,Hawthorn Hawks,Collingwood Magpies,Player Tackles,Scott Pendlebury,Collingwood Magpies,4.5,1.21,BetRight,Hawthorn Hawks,Player Tackles - Scott Pendlebury (COLL),35707090,Scott Pendlebury 5+,2
Hawthorn Hawks v Collingwood Magpies,Hawthorn Hawks,Collingwood Magpies,Player Tackles,Scott Pendlebury,Collingwood Magpies,6.5,1.93,BetRight,Hawthorn Hawks,Player Tackles - Scott Pendlebury (COLL),35707090,Scott Pendlebury 7+,3
Hawthorn Hawks v Collingwood Magpies,Hawthorn Hawks,Collingwood Magpies,Player Tackles,Scott Pendlebury,Collingwood Magpies,8.5,3.75,BetRight,Hawthorn Hawks,Player Tackles - Scott Pendlebury (COLL),35707090,Scott Pendlebury 9+,4
Hawthorn Hawks v Collingwood Magpies,Hawthorn Hawks,Collingwood Magpies,Player Tackles,Scott Pendlebury,Collingwood Magpies,10.5,8,BetRight,Hawthorn Hawks,Player Tackles - Scott Pendlebury (COLL),35707090,Scott Pendlebury 11+,1
Geelong Cats v Western Bulldogs,Geelong Cats,Western Bulldogs,Player Tackles,Tom Atkins,Geelong Cats,5.5,1.28,BetRight,Western Bulldogs,Player Tackles - Tom Atkins (GEEL),35707046,Tom Atkins 6+,3
Geelong Cats v Western Bulldogs,Geelong Cats,Western Bulldogs,Player Tackles,Tom Atkins,Geelong Cats,7.5,1.99,BetRight,Western Bulldogs,Player Tackles - Tom Atkins (GEEL),35707046,Tom Atkins 8+,4
Geelong Cats v Western Bulldogs,Geelong Cats,Western Bulldogs,Player Tackles,Tom Atkins,Geelong Cats,9.5,3.55,BetRight,Western Bulldogs,Player Tackles - Tom Atkins (GEEL),35707046,Tom Atkins 10+,1
Geelong Cats v Western Bulldogs,Geelong Cats,Western Bulldogs,Player Tackles,Tom Atkins,Geelong Cats,11.5,7.5,BetRight,Western Bulldogs,Player Tackles - Tom Atkins (GEEL),35707046,Tom Atkins 12+,2
Geelong Cats v Western Bulldogs,Geelong Cats,Western Bulldogs,Player Tackles,Mark Blicavs,Geelong Cats,4.5,1.21,BetRight,Western Bulldogs,Player Tackles - Mark Blicavs (GEEL),35707047,Mark Blicavs 5+,2
Geelong Cats v Western Bulldogs,Geelong Cats,Western Bulldogs,Player Tackles,Mark Blicavs,Geelong Cats,6.5,1.87,BetRight,Western Bulldogs,Player Tackles - Mark Blicavs (GEEL),35707047,Mark Blicavs 7+,3
Geelong Cats v Western Bulldogs,Geelong Cats,Western Bulldogs,Player Tackles,Mark Blicavs,Geelong Cats,8.5,3.55,BetRight,Western Bulldogs,Player Tackles - Mark Blicavs (GEEL),35707047,Mark Blicavs 9+,4
Geelong Cats v Western Bulldogs,Geelong Cats,Western Bulldogs,Player Tackles,Mark Blicavs,Geelong Cats,10.5,7.5,BetRight,Western Bulldogs,Player Tackles - Mark Blicavs (GEEL),35707047,Mark Blicavs 11+,1
Geelong Cats v Western Bulldogs,Geelong Cats,Western Bulldogs,Player Tackles,Jack Bowes,Geelong Cats,3.5,1.21,BetRight,Western Bulldogs,Player Tackles - Jack Bowes (GEEL),35707048,Jack Bowes 4+,1
Geelong Cats v Western Bulldogs,Geelong Cats,Western Bulldogs,Player Tackles,Jack Bowes,Geelong Cats,5.5,1.97,BetRight,Western Bulldogs,Player Tackles - Jack Bowes (GEEL),35707048,Jack Bowes 6+,2
Geelong Cats v Western Bulldogs,Geelong Cats,Western Bulldogs,Player Tackles,Jack Bowes,Geelong Cats,7.5,4.25,BetRight,Western Bulldogs,Player Tackles - Jack Bowes (GEEL),35707048,Jack Bowes 8+,3
Geelong Cats v Western Bulldogs,Geelong Cats,Western Bulldogs,Player Tackles,Brad Close,Geelong Cats,4.5,1.64,BetRight,Western Bulldogs,Player Tackles - Brad Close (GEEL),35707049,Brad Close 5+,1
Geelong Cats v Western Bulldogs,Geelong Cats,Western Bulldogs,Player Tackles,Brad Close,Geelong Cats,6.5,3.35,BetRight,Western Bulldogs,Player Tackles - Brad Close (GEEL),35707049,Brad Close 7+,2
Geelong Cats v Western Bulldogs,Geelong Cats,Western Bulldogs,Player Tackles,Brad Close,Geelong Cats,8.5,8,BetRight,Western Bulldogs,Player Tackles - Brad Close (GEEL),35707049,Brad Close 9+,3
Geelong Cats v Western Bulldogs,Geelong Cats,Western Bulldogs,Player Tackles,Patrick Dangerfield,Geelong Cats,3.5,1.14,BetRight,Western Bulldogs,Player Tackles - Patrick Dangerfield (GEEL),35707050,Patrick Dangerfield 4+,1
Geelong Cats v Western Bulldogs,Geelong Cats,Western Bulldogs,Player Tackles,Patrick Dangerfield,Geelong Cats,5.5,1.72,BetRight,Western Bulldogs,Player Tackles - Patrick Dangerfield (GEEL),35707050,Patrick Dangerfield 6+,2
Geelong Cats v Western Bulldogs,Geelong Cats,Western Bulldogs,Player Tackles,Patrick Dangerfield,Geelong Cats,7.5,3.35,BetRight,Western Bulldogs,Player Tackles - Patrick Dangerfield (GEEL),35707050,Patrick Dangerfield 8+,3
Geelong Cats v Western Bulldogs,Geelong Cats,Western Bulldogs,Player Tackles,Patrick Dangerfield,Geelong Cats,9.5,7,BetRight,Western Bulldogs,Player Tackles - Patrick Dangerfield (GEEL),35707050,Patrick Dangerfield 10+,4
Geelong Cats v Western Bulldogs,Geelong Cats,Western Bulldogs,Player Tackles,Oliver Dempsey,Geelong Cats,4.5,1.69,BetRight,Western Bulldogs,Player Tackles - Oliver Dempsey (GEEL),35707051,Oliver Dempsey 5+,3
Geelong Cats v Western Bulldogs,Geelong Cats,Western Bulldogs,Player Tackles,Oliver Dempsey,Geelong Cats,6.5,3.55,BetRight,Western Bulldogs,Player Tackles - Oliver Dempsey (GEEL),35707051,Oliver Dempsey 7+,5
Geelong Cats v Western Bulldogs,Geelong Cats,Western Bulldogs,Player Tackles,Oliver Dempsey,Geelong Cats,8.5,8.5,BetRight,Western Bulldogs,Player Tackles - Oliver Dempsey (GEEL),35707051,Oliver Dempsey 9+,6
Geelong Cats v Western Bulldogs,Geelong Cats,Western Bulldogs,Player Tackles,Max Holmes,Geelong Cats,4.5,1.69,BetRight,Western Bulldogs,Player Tackles - Max Holmes (GEEL),35707052,Max Holmes 5+,1
Geelong Cats v Western Bulldogs,Geelong Cats,Western Bulldogs,Player Tackles,Max Holmes,Geelong Cats,6.5,3.55,BetRight,Western Bulldogs,Player Tackles - Max Holmes (GEEL),35707052,Max Holmes 7+,2
Geelong Cats v Western Bulldogs,Geelong Cats,Western Bulldogs,Player Tackles,Max Holmes,Geelong Cats,8.5,8.5,BetRight,Western Bulldogs,Player Tackles - Max Holmes (GEEL),35707052,Max Holmes 9+,3
Geelong Cats v Western Bulldogs,Geelong Cats,Western Bulldogs,Player Tackles,Shaun Mannagh,Geelong Cats,7.5,1.32,BetRight,Western Bulldogs,Player Tackles - Shaun Mannagh (GEEL),35707053,Shaun Mannagh 8+,4
Geelong Cats v Western Bulldogs,Geelong Cats,Western Bulldogs,Player Tackles,Shaun Mannagh,Geelong Cats,9.5,1.93,BetRight,Western Bulldogs,Player Tackles - Shaun Mannagh (GEEL),35707053,Shaun Mannagh 10+,1
Geelong Cats v Western Bulldogs,Geelong Cats,Western Bulldogs,Player Tackles,Shaun Mannagh,Geelong Cats,11.5,3.25,BetRight,Western Bulldogs,Player Tackles - Shaun Mannagh (GEEL),35707053,Shaun Mannagh 12+,2
Geelong Cats v Western Bulldogs,Geelong Cats,Western Bulldogs,Player Tackles,Shaun Mannagh,Geelong Cats,13.5,6,BetRight,Western Bulldogs,Player Tackles - Shaun Mannagh (GEEL),35707053,Shaun Mannagh 14+,3
Geelong Cats v Western Bulldogs,Geelong Cats,Western Bulldogs,Player Tackles,Gryan Miers,Geelong Cats,3.5,1.17,BetRight,Western Bulldogs,Player Tackles - Gryan Miers (GEEL),35707054,Gryan Miers 4+,2
Geelong Cats v Western Bulldogs,Geelong Cats,Western Bulldogs,Player Tackles,Gryan Miers,Geelong Cats,5.5,1.79,BetRight,Western Bulldogs,Player Tackles - Gryan Miers (GEEL),35707054,Gryan Miers 6+,3
Geelong Cats v Western Bulldogs,Geelong Cats,Western Bulldogs,Player Tackles,Gryan Miers,Geelong Cats,7.5,3.55,BetRight,Western Bulldogs,Player Tackles - Gryan Miers (GEEL),35707054,Gryan Miers 8+,4
Geelong Cats v Western Bulldogs,Geelong Cats,Western Bulldogs,Player Tackles,Gryan Miers,Geelong Cats,9.5,8,BetRight,Western Bulldogs,Player Tackles - Gryan Miers (GEEL),35707054,Gryan Miers 10+,1
Geelong Cats v Western Bulldogs,Geelong Cats,Western Bulldogs,Player Tackles,Tom Stewart,Geelong Cats,3.5,1.12,BetRight,Western Bulldogs,Player Tackles - Tom Stewart (GEEL),35707055,Tom Stewart 4+,2
Geelong Cats v Western Bulldogs,Geelong Cats,Western Bulldogs,Player Tackles,Tom Stewart,Geelong Cats,5.5,1.61,BetRight,Western Bulldogs,Player Tackles - Tom Stewart (GEEL),35707055,Tom Stewart 6+,3
Geelong Cats v Western Bulldogs,Geelong Cats,Western Bulldogs,Player Tackles,Tom Stewart,Geelong Cats,7.5,3.05,BetRight,Western Bulldogs,Player Tackles - Tom Stewart (GEEL),35707055,Tom Stewart 8+,4
Geelong Cats v Western Bulldogs,Geelong Cats,Western Bulldogs,Player Tackles,Tom Stewart,Geelong Cats,9.5,6.75,BetRight,Western Bulldogs,Player Tackles - Tom Stewart (GEEL),35707055,Tom Stewart 10+,1
Geelong Cats v Western Bulldogs,Geelong Cats,Western Bulldogs,Player Tackles,Marcus Bontempelli,Western Bulldogs,4.5,1.25,BetRight,Geelong Cats,Player Tackles - Marcus Bontempelli (WB),35707056,Marcus Bontempelli 5+,2
Geelong Cats v Western Bulldogs,Geelong Cats,Western Bulldogs,Player Tackles,Marcus Bontempelli,Western Bulldogs,6.5,1.97,BetRight,Geelong Cats,Player Tackles - Marcus Bontempelli (WB),35707056,Marcus Bontempelli 7+,3
Geelong Cats v Western Bulldogs,Geelong Cats,Western Bulldogs,Player Tackles,Marcus Bontempelli,Western Bulldogs,8.5,3.95,BetRight,Geelong Cats,Player Tackles - Marcus Bontempelli (WB),35707056,Marcus Bontempelli 9+,4
Geelong Cats v Western Bulldogs,Geelong Cats,Western Bulldogs,Player Tackles,Marcus Bontempelli,Western Bulldogs,10.5,8.5,BetRight,Geelong Cats,Player Tackles - Marcus Bontempelli (WB),35707056,Marcus Bontempelli 11+,1
Geelong Cats v Western Bulldogs,Geelong Cats,Western Bulldogs,Player Tackles,Tim English,Western Bulldogs,3.5,1.16,BetRight,Geelong Cats,Player Tackles - Tim English (WB),35707057,Tim English 4+,2
Geelong Cats v Western Bulldogs,Geelong Cats,Western Bulldogs,Player Tackles,Tim English,Western Bulldogs,5.5,1.79,BetRight,Geelong Cats,Player Tackles - Tim English (WB),35707057,Tim English 6+,3
Geelong Cats v Western Bulldogs,Geelong Cats,Western Bulldogs,Player Tackles,Tim English,Western Bulldogs,7.5,3.55,BetRight,Geelong Cats,Player Tackles - Tim English (WB),35707057,Tim English 8+,4
Geelong Cats v Western Bulldogs,Geelong Cats,Western Bulldogs,Player Tackles,Tim English,Western Bulldogs,9.5,8,BetRight,Geelong Cats,Player Tackles - Tim English (WB),35707057,Tim English 10+,1
Geelong Cats v Western Bulldogs,Geelong Cats,Western Bulldogs,Player Tackles,Tom Liberatore,Western Bulldogs,4.5,1.23,BetRight,Geelong Cats,Player Tackles - Tom Liberatore (WB),35707058,Tom Liberatore 5+,2
Geelong Cats v Western Bulldogs,Geelong Cats,Western Bulldogs,Player Tackles,Tom Liberatore,Western Bulldogs,6.5,1.9,BetRight,Geelong Cats,Player Tackles - Tom Liberatore (WB),35707058,Tom Liberatore 7+,3
Geelong Cats v Western Bulldogs,Geelong Cats,Western Bulldogs,Player Tackles,Tom Liberatore,Western Bulldogs,8.5,3.75,BetRight,Geelong Cats,Player Tackles - Tom Liberatore (WB),35707058,Tom Liberatore 9+,4
Geelong Cats v Western Bulldogs,Geelong Cats,Western Bulldogs,Player Tackles,Tom Liberatore,Western Bulldogs,10.5,7.5,BetRight,Geelong Cats,Player Tackles - Tom Liberatore (WB),35707058,Tom Liberatore 11+,1
Geelong Cats v Western Bulldogs,Geelong Cats,Western Bulldogs,Player Tackles,Lachlan McNeil,Western Bulldogs,2.5,1.13,BetRight,Geelong Cats,Player Tackles - Lachlan McNeil (WB),35707059,Lachlan McNeil 3+,1
Geelong Cats v Western Bulldogs,Geelong Cats,Western Bulldogs,Player Tackles,Lachlan McNeil,Western Bulldogs,3.5,1.35,BetRight,Geelong Cats,Player Tackles - Lachlan McNeil (WB),35707059,Lachlan McNeil 4+,2
Geelong Cats v Western Bulldogs,Geelong Cats,Western Bulldogs,Player Tackles,Lachlan McNeil,Western Bulldogs,4.5,1.77,BetRight,Geelong Cats,Player Tackles - Lachlan McNeil (WB),35707059,Lachlan McNeil 5+,3
Geelong Cats v Western Bulldogs,Geelong Cats,Western Bulldogs,Player Tackles,Lachlan McNeil,Western Bulldogs,5.5,2.45,BetRight,Geelong Cats,Player Tackles - Lachlan McNeil (WB),35707059,Lachlan McNeil 6+,4
Geelong Cats v Western Bulldogs,Geelong Cats,Western Bulldogs,Player Tackles,Lachlan McNeil,Western Bulldogs,6.5,3.75,BetRight,Geelong Cats,Player Tackles - Lachlan McNeil (WB),35707059,Lachlan McNeil 7+,5
Geelong Cats v Western Bulldogs,Geelong Cats,Western Bulldogs,Player Tackles,Ed Richards,Western Bulldogs,5.5,1.17,BetRight,Geelong Cats,Player Tackles - Ed Richards (WB),35707060,Ed Richards 6+,3
Geelong Cats v Western Bulldogs,Geelong Cats,Western Bulldogs,Player Tackles,Ed Richards,Western Bulldogs,7.5,1.64,BetRight,Geelong Cats,Player Tackles - Ed Richards (WB),35707060,Ed Richards 8+,4
Geelong Cats v Western Bulldogs,Geelong Cats,Western Bulldogs,Player Tackles,Ed Richards,Western Bulldogs,9.5,2.75,BetRight,Geelong Cats,Player Tackles - Ed Richards (WB),35707060,Ed Richards 10+,1
Geelong Cats v Western Bulldogs,Geelong Cats,Western Bulldogs,Player Tackles,Ed Richards,Western Bulldogs,11.5,5.25,BetRight,Geelong Cats,Player Tackles - Ed Richards (WB),35707060,Ed Richards 12+,2
Geelong Cats v Western Bulldogs,Geelong Cats,Western Bulldogs,Player Tackles,Adam Treloar,Western Bulldogs,3.5,1.14,BetRight,Geelong Cats,Player Tackles - Adam Treloar (WB),35707061,Adam Treloar 4+,2
Geelong Cats v Western Bulldogs,Geelong Cats,Western Bulldogs,Player Tackles,Adam Treloar,Western Bulldogs,5.5,1.69,BetRight,Geelong Cats,Player Tackles - Adam Treloar (WB),35707061,Adam Treloar 6+,3
Geelong Cats v Western Bulldogs,Geelong Cats,Western Bulldogs,Player Tackles,Adam Treloar,Western Bulldogs,7.5,3.25,BetRight,Geelong Cats,Player Tackles - Adam Treloar (WB),35707061,Adam Treloar 8+,4
Geelong Cats v Western Bulldogs,Geelong Cats,Western Bulldogs,Player Tackles,Adam Treloar,Western Bulldogs,9.5,7,BetRight,Geelong Cats,Player Tackles - Adam Treloar (WB),35707061,Adam Treloar 10+,1
Port Adelaide Power v Richmond Tigers,Port Adelaide Power,Richmond Tigers,Player Tackles,Travis Boak,Port Adelaide Power,3.5,1.19,BetRight,Richmond Tigers,Player Tackles - Travis Boak (PORT),35707196,Travis Boak 4+,1
Port Adelaide Power v Richmond Tigers,Port Adelaide Power,Richmond Tigers,Player Tackles,Travis Boak,Port Adelaide Power,5.5,1.91,BetRight,Richmond Tigers,Player Tackles - Travis Boak (PORT),35707196,Travis Boak 6+,2
Port Adelaide Power v Richmond Tigers,Port Adelaide Power,Richmond Tigers,Player Tackles,Travis Boak,Port Adelaide Power,7.5,3.95,BetRight,Richmond Tigers,Player Tackles - Travis Boak (PORT),35707196,Travis Boak 8+,3
Port Adelaide Power v Richmond Tigers,Port Adelaide Power,Richmond Tigers,Player Tackles,Zak Butters,Port Adelaide Power,4.5,1.61,BetRight,Richmond Tigers,Player Tackles - Zak Butters (PORT),35707197,Zak Butters 5+,1
Port Adelaide Power v Richmond Tigers,Port Adelaide Power,Richmond Tigers,Player Tackles,Zak Butters,Port Adelaide Power,6.5,3.25,BetRight,Richmond Tigers,Player Tackles - Zak Butters (PORT),35707197,Zak Butters 7+,2
Port Adelaide Power v Richmond Tigers,Port Adelaide Power,Richmond Tigers,Player Tackles,Zak Butters,Port Adelaide Power,8.5,7.5,BetRight,Richmond Tigers,Player Tackles - Zak Butters (PORT),35707197,Zak Butters 9+,3
Port Adelaide Power v Richmond Tigers,Port Adelaide Power,Richmond Tigers,Player Tackles,Darcy Byrne-Jones,Port Adelaide Power,4.5,1.59,BetRight,Richmond Tigers,Player Tackles - Darcy Byrne-Jones (PORT),35707198,Darcy Byrne-Jones 5+,1
Port Adelaide Power v Richmond Tigers,Port Adelaide Power,Richmond Tigers,Player Tackles,Darcy Byrne-Jones,Port Adelaide Power,6.5,3.05,BetRight,Richmond Tigers,Player Tackles - Darcy Byrne-Jones (PORT),35707198,Darcy Byrne-Jones 7+,2
Port Adelaide Power v Richmond Tigers,Port Adelaide Power,Richmond Tigers,Player Tackles,Darcy Byrne-Jones,Port Adelaide Power,8.5,7.5,BetRight,Richmond Tigers,Player Tackles - Darcy Byrne-Jones (PORT),35707198,Darcy Byrne-Jones 9+,3
Port Adelaide Power v Richmond Tigers,Port Adelaide Power,Richmond Tigers,Player Tackles,Willem Drew,Port Adelaide Power,3.5,1.13,BetRight,Richmond Tigers,Player Tackles - Willem Drew (PORT),35707199,Willem Drew 4+,2
Port Adelaide Power v Richmond Tigers,Port Adelaide Power,Richmond Tigers,Player Tackles,Willem Drew,Port Adelaide Power,5.5,1.67,BetRight,Richmond Tigers,Player Tackles - Willem Drew (PORT),35707199,Willem Drew 6+,3
Port Adelaide Power v Richmond Tigers,Port Adelaide Power,Richmond Tigers,Player Tackles,Willem Drew,Port Adelaide Power,7.5,3.05,BetRight,Richmond Tigers,Player Tackles - Willem Drew (PORT),35707199,Willem Drew 8+,4
Port Adelaide Power v Richmond Tigers,Port Adelaide Power,Richmond Tigers,Player Tackles,Willem Drew,Port Adelaide Power,9.5,6.75,BetRight,Richmond Tigers,Player Tackles - Willem Drew (PORT),35707199,Willem Drew 10+,1
Port Adelaide Power v Richmond Tigers,Port Adelaide Power,Richmond Tigers,Player Tackles,Willie Rioli,Port Adelaide Power,4.5,1.54,BetRight,Richmond Tigers,Player Tackles - Willie Rioli (PORT),35707200,Willie Rioli 5+,1
Port Adelaide Power v Richmond Tigers,Port Adelaide Power,Richmond Tigers,Player Tackles,Willie Rioli,Port Adelaide Power,6.5,2.95,BetRight,Richmond Tigers,Player Tackles - Willie Rioli (PORT),35707200,Willie Rioli 7+,2
Port Adelaide Power v Richmond Tigers,Port Adelaide Power,Richmond Tigers,Player Tackles,Willie Rioli,Port Adelaide Power,8.5,7,BetRight,Richmond Tigers,Player Tackles - Willie Rioli (PORT),35707200,Willie Rioli 9+,3
Port Adelaide Power v Richmond Tigers,Port Adelaide Power,Richmond Tigers,Player Tackles,Connor Rozee,Port Adelaide Power,4.5,1.25,BetRight,Richmond Tigers,Player Tackles - Connor Rozee (PORT),35707201,Connor Rozee 5+,2
Port Adelaide Power v Richmond Tigers,Port Adelaide Power,Richmond Tigers,Player Tackles,Connor Rozee,Port Adelaide Power,6.5,1.99,BetRight,Richmond Tigers,Player Tackles - Connor Rozee (PORT),35707201,Connor Rozee 7+,3
Port Adelaide Power v Richmond Tigers,Port Adelaide Power,Richmond Tigers,Player Tackles,Connor Rozee,Port Adelaide Power,8.5,3.95,BetRight,Richmond Tigers,Player Tackles - Connor Rozee (PORT),35707201,Connor Rozee 9+,4
Port Adelaide Power v Richmond Tigers,Port Adelaide Power,Richmond Tigers,Player Tackles,Connor Rozee,Port Adelaide Power,10.5,8.5,BetRight,Richmond Tigers,Player Tackles - Connor Rozee (PORT),35707201,Connor Rozee 11+,1
Port Adelaide Power v Richmond Tigers,Port Adelaide Power,Richmond Tigers,Player Tackles,Jordon Sweet,Port Adelaide Power,3.5,1.14,BetRight,Richmond Tigers,Player Tackles - Jordon Sweet (PORT),35707202,Jordon Sweet 4+,2
Port Adelaide Power v Richmond Tigers,Port Adelaide Power,Richmond Tigers,Player Tackles,Jordon Sweet,Port Adelaide Power,5.5,1.69,BetRight,Richmond Tigers,Player Tackles - Jordon Sweet (PORT),35707202,Jordon Sweet 6+,3
Port Adelaide Power v Richmond Tigers,Port Adelaide Power,Richmond Tigers,Player Tackles,Jordon Sweet,Port Adelaide Power,7.5,3.25,BetRight,Richmond Tigers,Player Tackles - Jordon Sweet (PORT),35707202,Jordon Sweet 8+,4
Port Adelaide Power v Richmond Tigers,Port Adelaide Power,Richmond Tigers,Player Tackles,Jordon Sweet,Port Adelaide Power,9.5,7,BetRight,Richmond Tigers,Player Tackles - Jordon Sweet (PORT),35707202,Jordon Sweet 10+,1
Port Adelaide Power v Richmond Tigers,Port Adelaide Power,Richmond Tigers,Player Tackles,Ollie Wines,Port Adelaide Power,3.5,1.19,BetRight,Richmond Tigers,Player Tackles - Ollie Wines (PORT),35707203,Ollie Wines 4+,1
Port Adelaide Power v Richmond Tigers,Port Adelaide Power,Richmond Tigers,Player Tackles,Ollie Wines,Port Adelaide Power,5.5,1.91,BetRight,Richmond Tigers,Player Tackles - Ollie Wines (PORT),35707203,Ollie Wines 6+,2
Port Adelaide Power v Richmond Tigers,Port Adelaide Power,Richmond Tigers,Player Tackles,Ollie Wines,Port Adelaide Power,7.5,3.95,BetRight,Richmond Tigers,Player Tackles - Ollie Wines (PORT),35707203,Ollie Wines 8+,3
Port Adelaide Power v Richmond Tigers,Port Adelaide Power,Richmond Tigers,Player Tackles,Liam Baker,Richmond Tigers,4.5,1.49,BetRight,Port Adelaide Power,Player Tackles - Liam Baker (RICH),35707204,Liam Baker 5+,1
Port Adelaide Power v Richmond Tigers,Port Adelaide Power,Richmond Tigers,Player Tackles,Liam Baker,Richmond Tigers,6.5,2.85,BetRight,Port Adelaide Power,Player Tackles - Liam Baker (RICH),35707204,Liam Baker 7+,2
Port Adelaide Power v Richmond Tigers,Port Adelaide Power,Richmond Tigers,Player Tackles,Liam Baker,Richmond Tigers,8.5,6.5,BetRight,Port Adelaide Power,Player Tackles - Liam Baker (RICH),35707204,Liam Baker 9+,3
Port Adelaide Power v Richmond Tigers,Port Adelaide Power,Richmond Tigers,Player Tackles,Jacob Hopper,Richmond Tigers,2.5,1.16,BetRight,Port Adelaide Power,Player Tackles - Jacob Hopper (RICH),35707205,Jacob Hopper 3+,1
Port Adelaide Power v Richmond Tigers,Port Adelaide Power,Richmond Tigers,Player Tackles,Jacob Hopper,Richmond Tigers,3.5,1.43,BetRight,Port Adelaide Power,Player Tackles - Jacob Hopper (RICH),35707205,Jacob Hopper 4+,2
Port Adelaide Power v Richmond Tigers,Port Adelaide Power,Richmond Tigers,Player Tackles,Jacob Hopper,Richmond Tigers,4.5,1.94,BetRight,Port Adelaide Power,Player Tackles - Jacob Hopper (RICH),35707205,Jacob Hopper 5+,3
Port Adelaide Power v Richmond Tigers,Port Adelaide Power,Richmond Tigers,Player Tackles,Jacob Hopper,Richmond Tigers,5.5,2.75,BetRight,Port Adelaide Power,Player Tackles - Jacob Hopper (RICH),35707205,Jacob Hopper 6+,4
Port Adelaide Power v Richmond Tigers,Port Adelaide Power,Richmond Tigers,Player Tackles,Jacob Hopper,Richmond Tigers,6.5,4.5,BetRight,Port Adelaide Power,Player Tackles - Jacob Hopper (RICH),35707205,Jacob Hopper 7+,5
Port Adelaide Power v Richmond Tigers,Port Adelaide Power,Richmond Tigers,Player Tackles,Rhyan Mansell,Richmond Tigers,3.5,1.14,BetRight,Port Adelaide Power,Player Tackles - Rhyan Mansell (RICH),35707206,Rhyan Mansell 4+,2
Port Adelaide Power v Richmond Tigers,Port Adelaide Power,Richmond Tigers,Player Tackles,Rhyan Mansell,Richmond Tigers,5.5,1.69,BetRight,Port Adelaide Power,Player Tackles - Rhyan Mansell (RICH),35707206,Rhyan Mansell 6+,3
Port Adelaide Power v Richmond Tigers,Port Adelaide Power,Richmond Tigers,Player Tackles,Rhyan Mansell,Richmond Tigers,7.5,3.2,BetRight,Port Adelaide Power,Player Tackles - Rhyan Mansell (RICH),35707206,Rhyan Mansell 8+,4
Port Adelaide Power v Richmond Tigers,Port Adelaide Power,Richmond Tigers,Player Tackles,Rhyan Mansell,Richmond Tigers,9.5,7,BetRight,Port Adelaide Power,Player Tackles - Rhyan Mansell (RICH),35707206,Rhyan Mansell 10+,1
Port Adelaide Power v Richmond Tigers,Port Adelaide Power,Richmond Tigers,Player Tackles,Toby Nankervis,Richmond Tigers,3.5,1.17,BetRight,Port Adelaide Power,Player Tackles - Toby Nankervis (RICH),35707207,Toby Nankervis 4+,2
Port Adelaide Power v Richmond Tigers,Port Adelaide Power,Richmond Tigers,Player Tackles,Toby Nankervis,Richmond Tigers,5.5,1.82,BetRight,Port Adelaide Power,Player Tackles - Toby Nankervis (RICH),35707207,Toby Nankervis 6+,3
Port Adelaide Power v Richmond Tigers,Port Adelaide Power,Richmond Tigers,Player Tackles,Toby Nankervis,Richmond Tigers,7.5,3.75,BetRight,Port Adelaide Power,Player Tackles - Toby Nankervis (RICH),35707207,Toby Nankervis 8+,4
Port Adelaide Power v Richmond Tigers,Port Adelaide Power,Richmond Tigers,Player Tackles,Toby Nankervis,Richmond Tigers,9.5,8.5,BetRight,Port Adelaide Power,Player Tackles - Toby Nankervis (RICH),35707207,Toby Nankervis 10+,1
Port Adelaide Power v Richmond Tigers,Port Adelaide Power,Richmond Tigers,Player Tackles,Dion Prestia,Richmond Tigers,2.5,1.17,BetRight,Port Adelaide Power,Player Tackles - Dion Prestia (RICH),35707208,Dion Prestia 3+,1
Port Adelaide Power v Richmond Tigers,Port Adelaide Power,Richmond Tigers,Player Tackles,Dion Prestia,Richmond Tigers,3.5,1.45,BetRight,Port Adelaide Power,Player Tackles - Dion Prestia (RICH),35707208,Dion Prestia 4+,2
Port Adelaide Power v Richmond Tigers,Port Adelaide Power,Richmond Tigers,Player Tackles,Dion Prestia,Richmond Tigers,4.5,1.99,BetRight,Port Adelaide Power,Player Tackles - Dion Prestia (RICH),35707208,Dion Prestia 5+,3
Port Adelaide Power v Richmond Tigers,Port Adelaide Power,Richmond Tigers,Player Tackles,Dion Prestia,Richmond Tigers,5.5,2.85,BetRight,Port Adelaide Power,Player Tackles - Dion Prestia (RICH),35707208,Dion Prestia 6+,4
Port Adelaide Power v Richmond Tigers,Port Adelaide Power,Richmond Tigers,Player Tackles,Dion Prestia,Richmond Tigers,6.5,4.7,BetRight,Port Adelaide Power,Player Tackles - Dion Prestia (RICH),35707208,Dion Prestia 7+,5
Port Adelaide Power v Richmond Tigers,Port Adelaide Power,Richmond Tigers,Player Tackles,Daniel Rioli,Richmond Tigers,2.5,1.13,BetRight,Port Adelaide Power,Player Tackles - Daniel Rioli (RICH),35707209,Daniel Rioli 3+,1
Port Adelaide Power v Richmond Tigers,Port Adelaide Power,Richmond Tigers,Player Tackles,Daniel Rioli,Richmond Tigers,3.5,1.35,BetRight,Port Adelaide Power,Player Tackles - Daniel Rioli (RICH),35707209,Daniel Rioli 4+,2
Port Adelaide Power v Richmond Tigers,Port Adelaide Power,Richmond Tigers,Player Tackles,Daniel Rioli,Richmond Tigers,4.5,1.79,BetRight,Port Adelaide Power,Player Tackles - Daniel Rioli (RICH),35707209,Daniel Rioli 5+,3
Port Adelaide Power v Richmond Tigers,Port Adelaide Power,Richmond Tigers,Player Tackles,Daniel Rioli,Richmond Tigers,5.5,2.55,BetRight,Port Adelaide Power,Player Tackles - Daniel Rioli (RICH),35707209,Daniel Rioli 6+,4
Port Adelaide Power v Richmond Tigers,Port Adelaide Power,Richmond Tigers,Player Tackles,Daniel Rioli,Richmond Tigers,6.5,3.95,BetRight,Port Adelaide Power,Player Tackles - Daniel Rioli (RICH),35707209,Daniel Rioli 7+,5
