match,home_team,away_team,market_name,player_name,player_team,line,over_price,under_price,agency,opposition_team,group_by_header,event_id,outcome_name,outcome_name_under,outcome_id,outcome_id_under,fixed_market_id,fixed_market_id_under
St Kilda Saints v Brisbane Lions,St Kilda Saints,Brisbane Lions,Player Goals,Lance Collard,St Kilda Saints,0.5,1.51,NA,BetRight,Brisbane Lions,Player Goals - Lance Collard (STK),45220785,Lance Collard 1+,NA,1,NA,258054996,NA
St Kilda Saints v Brisbane Lions,St Kilda Saints,Brisbane Lions,Player Goals,Lance Collard,St Kilda Saints,1.5,3.45,NA,BetRight,Brisbane Lions,Player Goals - Lance Collard (STK),45220785,Lance Collard 2+,NA,2,NA,258054997,NA
St Kilda Saints v Brisbane Lions,St Kilda Saints,Brisbane Lions,Player Goals,Hugo Garcia,St Kilda Saints,0.5,2.95,NA,BetRight,Brisbane Lions,Player Goals - Hugo Garcia (STK),45220786,Hugo Garcia 1+,NA,1,NA,258054998,NA
St Kilda Saints v Brisbane Lions,St Kilda Saints,Brisbane Lions,Player Goals,Max Hall,St Kilda Saints,0.5,1.83,NA,BetRight,Brisbane Lions,Player Goals - Max Hall (STK),45220787,Max Hall 1+,NA,1,NA,258055000,NA
St Kilda Saints v Brisbane Lions,St Kilda Saints,Brisbane Lions,Player Goals,Max Hall,St Kilda Saints,1.5,5.25,NA,BetRight,Brisbane Lions,Player Goals - Max Hall (STK),45220787,Max Hall 2+,NA,2,NA,258054999,NA
St Kilda Saints v Brisbane Lions,St Kilda Saints,Brisbane Lions,Player Goals,Jack Higgins,St Kilda Saints,1.5,1.34,NA,BetRight,Brisbane Lions,Player Goals - Jack Higgins (STK),45220789,Jack Higgins 2+,NA,1,NA,258055002,NA
St Kilda Saints v Brisbane Lions,St Kilda Saints,Brisbane Lions,Player Goals,Jack Higgins,St Kilda Saints,2.5,2.1,NA,BetRight,Brisbane Lions,Player Goals - Jack Higgins (STK),45220789,Jack Higgins 3+,NA,2,NA,258055004,NA
St Kilda Saints v Brisbane Lions,St Kilda Saints,Brisbane Lions,Player Goals,Jack Higgins,St Kilda Saints,3.5,3.65,NA,BetRight,Brisbane Lions,Player Goals - Jack Higgins (STK),45220789,Jack Higgins 4+,NA,3,NA,258055003,NA
St Kilda Saints v Brisbane Lions,St Kilda Saints,Brisbane Lions,Player Goals,Jack Higgins,St Kilda Saints,4.5,7.5,NA,BetRight,Brisbane Lions,Player Goals - Jack Higgins (STK),45220789,Jack Higgins 5+,NA,4,NA,258724355,NA
St Kilda Saints v Brisbane Lions,St Kilda Saints,Brisbane Lions,Player Goals,Bradley Hill,St Kilda Saints,0.5,2.95,NA,BetRight,Brisbane Lions,Player Goals - Bradley Hill (STK),45220790,Bradley Hill 1+,NA,1,NA,258055005,NA
St Kilda Saints v Brisbane Lions,St Kilda Saints,Brisbane Lions,Player Goals,Jack Macrae,St Kilda Saints,0.5,3.45,NA,BetRight,Brisbane Lions,Player Goals - Jack Macrae (STK),45220791,Jack Macrae 1+,NA,1,NA,258055006,NA
St Kilda Saints v Brisbane Lions,St Kilda Saints,Brisbane Lions,Player Goals,Rowan Marshall,St Kilda Saints,0.5,1.92,NA,BetRight,Brisbane Lions,Player Goals - Rowan Marshall (STK),45220792,Rowan Marshall 1+,NA,1,NA,258055008,NA
St Kilda Saints v Brisbane Lions,St Kilda Saints,Brisbane Lions,Player Goals,Rowan Marshall,St Kilda Saints,1.5,5.75,NA,BetRight,Brisbane Lions,Player Goals - Rowan Marshall (STK),45220792,Rowan Marshall 2+,NA,2,NA,258055007,NA
St Kilda Saints v Brisbane Lions,St Kilda Saints,Brisbane Lions,Player Goals,Mitchito Owens,NA,0.5,1.18,NA,BetRight,NA,Player Goals - Mitchito Owens (STK),45220793,Mitchito Owens 1+,NA,1,NA,258055009,NA
St Kilda Saints v Brisbane Lions,St Kilda Saints,Brisbane Lions,Player Goals,Mitchito Owens,NA,1.5,1.83,NA,BetRight,NA,Player Goals - Mitchito Owens (STK),45220793,Mitchito Owens 2+,NA,2,NA,258055011,NA
St Kilda Saints v Brisbane Lions,St Kilda Saints,Brisbane Lions,Player Goals,Mitchito Owens,NA,2.5,3.55,NA,BetRight,NA,Player Goals - Mitchito Owens (STK),45220793,Mitchito Owens 3+,NA,3,NA,258055010,NA
St Kilda Saints v Brisbane Lions,St Kilda Saints,Brisbane Lions,Player Goals,Cooper Sharman,St Kilda Saints,0.5,1.27,NA,BetRight,Brisbane Lions,Player Goals - Cooper Sharman (STK),45220794,Cooper Sharman 1+,NA,1,NA,258055012,NA
St Kilda Saints v Brisbane Lions,St Kilda Saints,Brisbane Lions,Player Goals,Cooper Sharman,St Kilda Saints,1.5,2.3,NA,BetRight,Brisbane Lions,Player Goals - Cooper Sharman (STK),45220794,Cooper Sharman 2+,NA,2,NA,258055014,NA
St Kilda Saints v Brisbane Lions,St Kilda Saints,Brisbane Lions,Player Goals,Jack Sinclair,St Kilda Saints,0.5,2.95,NA,BetRight,Brisbane Lions,Player Goals - Jack Sinclair (STK),45220795,Jack Sinclair 1+,NA,1,NA,258055015,NA
St Kilda Saints v Brisbane Lions,St Kilda Saints,Brisbane Lions,Player Goals,Jack Steele,St Kilda Saints,0.5,3.35,NA,BetRight,Brisbane Lions,Player Goals - Jack Steele (STK),45220796,Jack Steele 1+,NA,1,NA,258055016,NA
St Kilda Saints v Brisbane Lions,St Kilda Saints,Brisbane Lions,Player Goals,Nasiah Wanganeen-Milera,St Kilda Saints,0.5,2.45,NA,BetRight,Brisbane Lions,Player Goals - Nasiah Wanganeen-Milera (STK),45220797,Nasiah Wanganeen-Milera 1+,NA,1,NA,258055017,NA
St Kilda Saints v Brisbane Lions,St Kilda Saints,Brisbane Lions,Player Goals,Darcy Wilson,St Kilda Saints,0.5,2.45,NA,BetRight,Brisbane Lions,Player Goals - Darcy Wilson (STK),45220798,Darcy Wilson 1+,NA,1,NA,258055019,NA
St Kilda Saints v Brisbane Lions,St Kilda Saints,Brisbane Lions,Player Goals,Marcus Windhager,St Kilda Saints,0.5,3.05,NA,BetRight,Brisbane Lions,Player Goals - Marcus Windhager (STK),45220799,Marcus Windhager 1+,NA,1,NA,258055021,NA
St Kilda Saints v Brisbane Lions,St Kilda Saints,Brisbane Lions,Player Goals,Mason Wood,St Kilda Saints,0.5,1.31,NA,BetRight,Brisbane Lions,Player Goals - Mason Wood (STK),45220800,Mason Wood 1+,NA,1,NA,258055024,NA
St Kilda Saints v Brisbane Lions,St Kilda Saints,Brisbane Lions,Player Goals,Mason Wood,St Kilda Saints,1.5,2.55,NA,BetRight,Brisbane Lions,Player Goals - Mason Wood (STK),45220800,Mason Wood 2+,NA,2,NA,258055023,NA
St Kilda Saints v Brisbane Lions,St Kilda Saints,Brisbane Lions,Player Goals,Callum Ah Chee,Brisbane Lions,0.5,1.19,NA,BetRight,St Kilda Saints,Player Goals - Callum Ah Chee (BL),45220801,Callum Ah Chee 1+,NA,1,NA,258055026,NA
St Kilda Saints v Brisbane Lions,St Kilda Saints,Brisbane Lions,Player Goals,Callum Ah Chee,Brisbane Lions,1.5,1.92,NA,BetRight,St Kilda Saints,Player Goals - Callum Ah Chee (BL),45220801,Callum Ah Chee 2+,NA,2,NA,258055027,NA
St Kilda Saints v Brisbane Lions,St Kilda Saints,Brisbane Lions,Player Goals,Callum Ah Chee,Brisbane Lions,2.5,3.85,NA,BetRight,St Kilda Saints,Player Goals - Callum Ah Chee (BL),45220801,Callum Ah Chee 3+,NA,3,NA,258055025,NA
St Kilda Saints v Brisbane Lions,St Kilda Saints,Brisbane Lions,Player Goals,Will Ashcroft,Brisbane Lions,0.5,2.15,NA,BetRight,St Kilda Saints,Player Goals - Will Ashcroft (BL),45220802,Will Ashcroft 1+,NA,1,NA,258055029,NA
St Kilda Saints v Brisbane Lions,St Kilda Saints,Brisbane Lions,Player Goals,Will Ashcroft,Brisbane Lions,1.5,7,NA,BetRight,St Kilda Saints,Player Goals - Will Ashcroft (BL),45220802,Will Ashcroft 2+,NA,2,NA,258055028,NA
St Kilda Saints v Brisbane Lions,St Kilda Saints,Brisbane Lions,Player Goals,Levi Ashcroft,Brisbane Lions,0.5,1.61,NA,BetRight,St Kilda Saints,Player Goals - Levi Ashcroft (BL),45220803,Levi Ashcroft 1+,NA,1,NA,258055031,NA
St Kilda Saints v Brisbane Lions,St Kilda Saints,Brisbane Lions,Player Goals,Levi Ashcroft,Brisbane Lions,1.5,4.1,NA,BetRight,St Kilda Saints,Player Goals - Levi Ashcroft (BL),45220803,Levi Ashcroft 2+,NA,2,NA,258055030,NA
St Kilda Saints v Brisbane Lions,St Kilda Saints,Brisbane Lions,Player Goals,Zac Bailey,Brisbane Lions,0.5,1.18,NA,BetRight,St Kilda Saints,Player Goals - Zac Bailey (BL),45220804,Zac Bailey 1+,NA,1,NA,258055032,NA
St Kilda Saints v Brisbane Lions,St Kilda Saints,Brisbane Lions,Player Goals,Zac Bailey,Brisbane Lions,1.5,1.84,NA,BetRight,St Kilda Saints,Player Goals - Zac Bailey (BL),45220804,Zac Bailey 2+,NA,2,NA,258055034,NA
St Kilda Saints v Brisbane Lions,St Kilda Saints,Brisbane Lions,Player Goals,Zac Bailey,Brisbane Lions,2.5,3.65,NA,BetRight,St Kilda Saints,Player Goals - Zac Bailey (BL),45220804,Zac Bailey 3+,NA,3,NA,258055033,NA
St Kilda Saints v Brisbane Lions,St Kilda Saints,Brisbane Lions,Player Goals,Jarrod Berry,Brisbane Lions,0.5,2.8,NA,BetRight,St Kilda Saints,Player Goals - Jarrod Berry (BL),45220805,Jarrod Berry 1+,NA,1,NA,258055035,NA
St Kilda Saints v Brisbane Lions,St Kilda Saints,Brisbane Lions,Player Goals,Charlie Cameron,Brisbane Lions,0.5,1.15,NA,BetRight,St Kilda Saints,Player Goals - Charlie Cameron (BL),45220806,Charlie Cameron 1+,NA,1,NA,258055038,NA
St Kilda Saints v Brisbane Lions,St Kilda Saints,Brisbane Lions,Player Goals,Charlie Cameron,Brisbane Lions,1.5,1.74,NA,BetRight,St Kilda Saints,Player Goals - Charlie Cameron (BL),45220806,Charlie Cameron 2+,NA,2,NA,258055036,NA
St Kilda Saints v Brisbane Lions,St Kilda Saints,Brisbane Lions,Player Goals,Charlie Cameron,Brisbane Lions,2.5,3.3,NA,BetRight,St Kilda Saints,Player Goals - Charlie Cameron (BL),45220806,Charlie Cameron 3+,NA,3,NA,258055037,NA
St Kilda Saints v Brisbane Lions,St Kilda Saints,Brisbane Lions,Player Goals,Sam Day,Brisbane Lions,0.5,1.51,NA,BetRight,St Kilda Saints,Player Goals - Sam Day (BL),45220807,Sam Day 1+,NA,1,NA,258055039,NA
St Kilda Saints v Brisbane Lions,St Kilda Saints,Brisbane Lions,Player Goals,Sam Day,Brisbane Lions,1.5,3.55,NA,BetRight,St Kilda Saints,Player Goals - Sam Day (BL),45220807,Sam Day 2+,NA,2,NA,258055040,NA
St Kilda Saints v Brisbane Lions,St Kilda Saints,Brisbane Lions,Player Goals,Josh Dunkley,Brisbane Lions,0.5,2.7,NA,BetRight,St Kilda Saints,Player Goals - Josh Dunkley (BL),45220808,Josh Dunkley 1+,NA,1,NA,258055041,NA
St Kilda Saints v Brisbane Lions,St Kilda Saints,Brisbane Lions,Player Goals,Eric Hipwood,Brisbane Lions,1.5,1.47,NA,BetRight,St Kilda Saints,Player Goals - Eric Hipwood (BL),45220809,Eric Hipwood 2+,NA,1,NA,258055044,NA
St Kilda Saints v Brisbane Lions,St Kilda Saints,Brisbane Lions,Player Goals,Eric Hipwood,Brisbane Lions,2.5,2.45,NA,BetRight,St Kilda Saints,Player Goals - Eric Hipwood (BL),45220809,Eric Hipwood 3+,NA,2,NA,258055043,NA
St Kilda Saints v Brisbane Lions,St Kilda Saints,Brisbane Lions,Player Goals,Eric Hipwood,Brisbane Lions,3.5,4.7,NA,BetRight,St Kilda Saints,Player Goals - Eric Hipwood (BL),45220809,Eric Hipwood 4+,NA,3,NA,258055042,NA
St Kilda Saints v Brisbane Lions,St Kilda Saints,Brisbane Lions,Player Goals,Hugh McCluggage,Brisbane Lions,0.5,2.1,NA,BetRight,St Kilda Saints,Player Goals - Hugh McCluggage (BL),45220810,Hugh McCluggage 1+,NA,1,NA,258055046,NA
St Kilda Saints v Brisbane Lions,St Kilda Saints,Brisbane Lions,Player Goals,Hugh McCluggage,Brisbane Lions,1.5,6.75,NA,BetRight,St Kilda Saints,Player Goals - Hugh McCluggage (BL),45220810,Hugh McCluggage 2+,NA,2,NA,258055045,NA
St Kilda Saints v Brisbane Lions,St Kilda Saints,Brisbane Lions,Player Goals,Oscar McInerney,Brisbane Lions,0.5,2.35,NA,BetRight,St Kilda Saints,Player Goals - Oscar McInerney (BL),45220811,Oscar McInerney 1+,NA,1,NA,258055047,NA
St Kilda Saints v Brisbane Lions,St Kilda Saints,Brisbane Lions,Player Goals,Oscar McInerney,Brisbane Lions,1.5,8.5,NA,BetRight,St Kilda Saints,Player Goals - Oscar McInerney (BL),45220811,Oscar McInerney 2+,NA,2,NA,258055048,NA
St Kilda Saints v Brisbane Lions,St Kilda Saints,Brisbane Lions,Player Goals,Logan Morris,Brisbane Lions,1.5,1.54,NA,BetRight,St Kilda Saints,Player Goals - Logan Morris (BL),45220812,Logan Morris 2+,NA,2,NA,258055051,NA
St Kilda Saints v Brisbane Lions,St Kilda Saints,Brisbane Lions,Player Goals,Logan Morris,Brisbane Lions,2.5,2.65,NA,BetRight,St Kilda Saints,Player Goals - Logan Morris (BL),45220812,Logan Morris 3+,NA,3,NA,258055050,NA
St Kilda Saints v Brisbane Lions,St Kilda Saints,Brisbane Lions,Player Goals,Logan Morris,Brisbane Lions,3.5,5.25,NA,BetRight,St Kilda Saints,Player Goals - Logan Morris (BL),45220812,Logan Morris 4+,NA,4,NA,258715469,NA
St Kilda Saints v Brisbane Lions,St Kilda Saints,Brisbane Lions,Player Goals,Lachie Neale,Brisbane Lions,0.5,2.95,NA,BetRight,St Kilda Saints,Player Goals - Lachie Neale (BL),45220813,Lachie Neale 1+,NA,1,NA,258055052,NA
St Kilda Saints v Brisbane Lions,St Kilda Saints,Brisbane Lions,Player Goals,Cameron Rayner,NA,0.5,1.21,NA,BetRight,NA,Player Goals - Cameron Rayner (BL),45220814,Cameron Rayner 1+,NA,1,NA,258055054,NA
St Kilda Saints v Brisbane Lions,St Kilda Saints,Brisbane Lions,Player Goals,Cameron Rayner,NA,1.5,2.01,NA,BetRight,NA,Player Goals - Cameron Rayner (BL),45220814,Cameron Rayner 2+,NA,2,NA,258055053,NA
St Kilda Saints v Brisbane Lions,St Kilda Saints,Brisbane Lions,Player Goals,Cameron Rayner,NA,2.5,4.25,NA,BetRight,NA,Player Goals - Cameron Rayner (BL),45220814,Cameron Rayner 3+,NA,3,NA,258724357,NA
St Kilda Saints v Brisbane Lions,St Kilda Saints,Brisbane Lions,Player Goals,James Tunstill,Brisbane Lions,0.5,3.55,NA,BetRight,St Kilda Saints,Player Goals - James Tunstill (BL),45220815,James Tunstill 1+,NA,1,NA,258055055,NA
St Kilda Saints v Brisbane Lions,St Kilda Saints,Brisbane Lions,Player Goals,Dayne Zorko,Brisbane Lions,0.5,3.95,NA,BetRight,St Kilda Saints,Player Goals - Dayne Zorko (BL),45220816,Dayne Zorko 1+,NA,1,NA,258055056,NA
St Kilda Saints v Brisbane Lions,St Kilda Saints,Brisbane Lions,Player Goals,Harris Andrews,Brisbane Lions,0.5,3.95,NA,BetRight,St Kilda Saints,Player Goals - Harris Andrews (BL),45316278,Harris Andrews 1+,NA,1,NA,258447414,NA
St Kilda Saints v Brisbane Lions,St Kilda Saints,Brisbane Lions,Player Goals,Noah Answerth,Brisbane Lions,0.5,3.95,NA,BetRight,St Kilda Saints,Player Goals - Noah Answerth (BL),45316279,Noah Answerth 1+,NA,1,NA,258447415,NA
St Kilda Saints v Brisbane Lions,St Kilda Saints,Brisbane Lions,Player Goals,Jaspa Fletcher,Brisbane Lions,0.5,3.95,NA,BetRight,St Kilda Saints,Player Goals - Jaspa Fletcher (BL),45316280,Jaspa Fletcher 1+,NA,1,NA,258447416,NA
St Kilda Saints v Brisbane Lions,St Kilda Saints,Brisbane Lions,Player Goals,Ryan Lester,Brisbane Lions,0.5,3.95,NA,BetRight,St Kilda Saints,Player Goals - Ryan Lester (BL),45316281,Ryan Lester 1+,NA,1,NA,258447417,NA
St Kilda Saints v Brisbane Lions,St Kilda Saints,Brisbane Lions,Player Goals,Jack Payne,Brisbane Lions,0.5,3.95,NA,BetRight,St Kilda Saints,Player Goals - Jack Payne (BL),45316282,Jack Payne 1+,NA,1,NA,258447418,NA
St Kilda Saints v Brisbane Lions,St Kilda Saints,Brisbane Lions,Player Goals,Ryan Byrnes,St Kilda Saints,0.5,4.1,NA,BetRight,Brisbane Lions,Player Goals - Ryan Byrnes (STK),45316587,Ryan Byrnes 1+,NA,1,NA,258448859,NA
St Kilda Saints v Brisbane Lions,St Kilda Saints,Brisbane Lions,Player Goals,Anthony Caminiti,St Kilda Saints,0.5,1.61,NA,BetRight,Brisbane Lions,Player Goals - Anthony Caminiti (STK),45316588,Anthony Caminiti 1+,NA,1,NA,258448861,NA
St Kilda Saints v Brisbane Lions,St Kilda Saints,Brisbane Lions,Player Goals,Anthony Caminiti,St Kilda Saints,1.5,3.85,NA,BetRight,Brisbane Lions,Player Goals - Anthony Caminiti (STK),45316588,Anthony Caminiti 2+,NA,2,NA,258448860,NA
St Kilda Saints v Brisbane Lions,St Kilda Saints,Brisbane Lions,Player Goals,Zak Jones,St Kilda Saints,0.5,4.1,NA,BetRight,Brisbane Lions,Player Goals - Zak Jones (STK),45316589,Zak Jones 1+,NA,1,NA,258448862,NA
St Kilda Saints v Brisbane Lions,St Kilda Saints,Brisbane Lions,Player Goals,Isaac Keeler,St Kilda Saints,0.5,1.81,NA,BetRight,Brisbane Lions,Player Goals - Isaac Keeler (STK),45316590,Isaac Keeler 1+,NA,1,NA,258448864,NA
St Kilda Saints v Brisbane Lions,St Kilda Saints,Brisbane Lions,Player Goals,Isaac Keeler,St Kilda Saints,1.5,4.8,NA,BetRight,Brisbane Lions,Player Goals - Isaac Keeler (STK),45316590,Isaac Keeler 2+,NA,2,NA,258448863,NA
St Kilda Saints v Brisbane Lions,St Kilda Saints,Brisbane Lions,Player Goals,Liam Stocker,St Kilda Saints,0.5,4.1,NA,BetRight,Brisbane Lions,Player Goals - Liam Stocker (STK),45316591,Liam Stocker 1+,NA,1,NA,258448865,NA
St Kilda Saints v Brisbane Lions,St Kilda Saints,Brisbane Lions,Player Goals,Jimmy Webster,St Kilda Saints,0.5,4.1,NA,BetRight,Brisbane Lions,Player Goals - Jimmy Webster (STK),45316592,Jimmy Webster 1+,NA,1,NA,258448866,NA
St Kilda Saints v Brisbane Lions,St Kilda Saints,Brisbane Lions,Player Goals,Callum Wilkie,St Kilda Saints,0.5,4.1,NA,BetRight,Brisbane Lions,Player Goals - Callum Wilkie (STK),45316593,Callum Wilkie 1+,NA,1,NA,258448867,NA
St Kilda Saints v Brisbane Lions,St Kilda Saints,Brisbane Lions,Player Goals,Kai Lohmann,Brisbane Lions,0.5,1.18,NA,BetRight,St Kilda Saints,Player Goals - Kai Lohmann (BL),45341268,Kai Lohmann 1+,NA,1,NA,258549937,NA
St Kilda Saints v Brisbane Lions,St Kilda Saints,Brisbane Lions,Player Goals,Kai Lohmann,Brisbane Lions,1.5,1.89,NA,BetRight,St Kilda Saints,Player Goals - Kai Lohmann (BL),45341268,Kai Lohmann 2+,NA,2,NA,258549938,NA
St Kilda Saints v Brisbane Lions,St Kilda Saints,Brisbane Lions,Player Goals,Kai Lohmann,Brisbane Lions,2.5,3.85,NA,BetRight,St Kilda Saints,Player Goals - Kai Lohmann (BL),45341268,Kai Lohmann 3+,NA,3,NA,258724356,NA
Port Adelaide Power v North Melbourne Kangaroos,Port Adelaide Power,North Melbourne Kangaroos,Player Goals,Jase Burgoyne,Port Adelaide Power,0.5,2.7,NA,BetRight,North Melbourne Kangaroos,Player Goals - Jase Burgoyne (PORT),45221174,Jase Burgoyne 1+,NA,1,NA,258056285,NA
Port Adelaide Power v North Melbourne Kangaroos,Port Adelaide Power,North Melbourne Kangaroos,Player Goals,Zak Butters,Port Adelaide Power,0.5,2.1,NA,BetRight,North Melbourne Kangaroos,Player Goals - Zak Butters (PORT),45221177,Zak Butters 1+,NA,1,NA,258056288,NA
Port Adelaide Power v North Melbourne Kangaroos,Port Adelaide Power,North Melbourne Kangaroos,Player Goals,Zak Butters,Port Adelaide Power,1.5,6.75,NA,BetRight,North Melbourne Kangaroos,Player Goals - Zak Butters (PORT),45221177,Zak Butters 2+,NA,2,NA,258056289,NA
Port Adelaide Power v North Melbourne Kangaroos,Port Adelaide Power,North Melbourne Kangaroos,Player Goals,Darcy Byrne-Jones,Port Adelaide Power,0.5,1.27,NA,BetRight,North Melbourne Kangaroos,Player Goals - Darcy Byrne-Jones (PORT),45221178,Darcy Byrne-Jones 1+,NA,1,NA,258056293,NA
Port Adelaide Power v North Melbourne Kangaroos,Port Adelaide Power,North Melbourne Kangaroos,Player Goals,Darcy Byrne-Jones,Port Adelaide Power,1.5,2.3,NA,BetRight,North Melbourne Kangaroos,Player Goals - Darcy Byrne-Jones (PORT),45221178,Darcy Byrne-Jones 2+,NA,2,NA,258056294,NA
Port Adelaide Power v North Melbourne Kangaroos,Port Adelaide Power,North Melbourne Kangaroos,Player Goals,Willem Drew,Port Adelaide Power,0.5,2.7,NA,BetRight,North Melbourne Kangaroos,Player Goals - Willem Drew (PORT),45221182,Willem Drew 1+,NA,1,NA,258056299,NA
Port Adelaide Power v North Melbourne Kangaroos,Port Adelaide Power,North Melbourne Kangaroos,Player Goals,Mitch Georgiades,Port Adelaide Power,1.5,1.11,NA,BetRight,North Melbourne Kangaroos,Player Goals - Mitch Georgiades (PORT),45221184,Mitch Georgiades 2+,NA,1,NA,258056303,NA
Port Adelaide Power v North Melbourne Kangaroos,Port Adelaide Power,North Melbourne Kangaroos,Player Goals,Mitch Georgiades,Port Adelaide Power,2.5,1.39,NA,BetRight,North Melbourne Kangaroos,Player Goals - Mitch Georgiades (PORT),45221184,Mitch Georgiades 3+,NA,2,NA,258056305,NA
Port Adelaide Power v North Melbourne Kangaroos,Port Adelaide Power,North Melbourne Kangaroos,Player Goals,Mitch Georgiades,Port Adelaide Power,3.5,1.99,NA,BetRight,North Melbourne Kangaroos,Player Goals - Mitch Georgiades (PORT),45221184,Mitch Georgiades 4+,NA,3,NA,258056304,NA
Port Adelaide Power v North Melbourne Kangaroos,Port Adelaide Power,North Melbourne Kangaroos,Player Goals,Mitch Georgiades,Port Adelaide Power,4.5,3.15,NA,BetRight,North Melbourne Kangaroos,Player Goals - Mitch Georgiades (PORT),45221184,Mitch Georgiades 5+,NA,4,NA,258056306,NA
Port Adelaide Power v North Melbourne Kangaroos,Port Adelaide Power,North Melbourne Kangaroos,Player Goals,Mitch Georgiades,Port Adelaide Power,5.5,5.75,NA,BetRight,North Melbourne Kangaroos,Player Goals - Mitch Georgiades (PORT),45221184,Mitch Georgiades 6+,NA,5,NA,258715071,NA
Port Adelaide Power v North Melbourne Kangaroos,Port Adelaide Power,North Melbourne Kangaroos,Player Goals,Jason Horne Francis,NA,0.5,1.23,NA,BetRight,NA,Player Goals - Jason Horne Francis (PORT),45221186,Jason Horne Francis 1+,NA,1,NA,258056312,NA
Port Adelaide Power v North Melbourne Kangaroos,Port Adelaide Power,North Melbourne Kangaroos,Player Goals,Jason Horne Francis,NA,1.5,2.01,NA,BetRight,NA,Player Goals - Jason Horne Francis (PORT),45221186,Jason Horne Francis 2+,NA,2,NA,258056311,NA
Port Adelaide Power v North Melbourne Kangaroos,Port Adelaide Power,North Melbourne Kangaroos,Player Goals,Jason Horne Francis,NA,2.5,4.25,NA,BetRight,NA,Player Goals - Jason Horne Francis (PORT),45221186,Jason Horne Francis 3+,NA,3,NA,258056313,NA
Port Adelaide Power v North Melbourne Kangaroos,Port Adelaide Power,North Melbourne Kangaroos,Player Goals,Ollie Lord,Port Adelaide Power,0.5,1.16,NA,BetRight,North Melbourne Kangaroos,Player Goals - Ollie Lord (PORT),45221189,Ollie Lord 1+,NA,1,NA,258056320,NA
Port Adelaide Power v North Melbourne Kangaroos,Port Adelaide Power,North Melbourne Kangaroos,Player Goals,Ollie Lord,Port Adelaide Power,1.5,1.74,NA,BetRight,North Melbourne Kangaroos,Player Goals - Ollie Lord (PORT),45221189,Ollie Lord 2+,NA,2,NA,258056319,NA
Port Adelaide Power v North Melbourne Kangaroos,Port Adelaide Power,North Melbourne Kangaroos,Player Goals,Ollie Lord,Port Adelaide Power,2.5,3.3,NA,BetRight,North Melbourne Kangaroos,Player Goals - Ollie Lord (PORT),45221189,Ollie Lord 3+,NA,3,NA,258056318,NA
Port Adelaide Power v North Melbourne Kangaroos,Port Adelaide Power,North Melbourne Kangaroos,Player Goals,Jackson Mead,Port Adelaide Power,0.5,2.8,NA,BetRight,North Melbourne Kangaroos,Player Goals - Jackson Mead (PORT),45221191,Jackson Mead 1+,NA,1,NA,258056322,NA
Port Adelaide Power v North Melbourne Kangaroos,Port Adelaide Power,North Melbourne Kangaroos,Player Goals,Sam Powell-Pepper,Port Adelaide Power,0.5,1.14,NA,BetRight,North Melbourne Kangaroos,Player Goals - Sam Powell-Pepper (PORT),45221193,Sam Powell-Pepper 1+,NA,5,NA,258549002,NA
Port Adelaide Power v North Melbourne Kangaroos,Port Adelaide Power,North Melbourne Kangaroos,Player Goals,Sam Powell-Pepper,Port Adelaide Power,1.5,1.63,NA,BetRight,North Melbourne Kangaroos,Player Goals - Sam Powell-Pepper (PORT),45221193,Sam Powell-Pepper 2+,NA,1,NA,258056327,NA
Port Adelaide Power v North Melbourne Kangaroos,Port Adelaide Power,North Melbourne Kangaroos,Player Goals,Sam Powell-Pepper,Port Adelaide Power,2.5,2.95,NA,BetRight,North Melbourne Kangaroos,Player Goals - Sam Powell-Pepper (PORT),45221193,Sam Powell-Pepper 3+,NA,2,NA,258056326,NA
Port Adelaide Power v North Melbourne Kangaroos,Port Adelaide Power,North Melbourne Kangaroos,Player Goals,Joe Richards,Port Adelaide Power,0.5,1.31,NA,BetRight,North Melbourne Kangaroos,Player Goals - Joe Richards (PORT),45221195,Joe Richards 1+,NA,1,NA,258056329,NA
Port Adelaide Power v North Melbourne Kangaroos,Port Adelaide Power,North Melbourne Kangaroos,Player Goals,Joe Richards,Port Adelaide Power,1.5,2.45,NA,BetRight,North Melbourne Kangaroos,Player Goals - Joe Richards (PORT),45221195,Joe Richards 2+,NA,2,NA,258056328,NA
Port Adelaide Power v North Melbourne Kangaroos,Port Adelaide Power,North Melbourne Kangaroos,Player Goals,Willie Rioli,Port Adelaide Power,1.5,1.37,NA,BetRight,North Melbourne Kangaroos,Player Goals - Willie Rioli (PORT),45221196,Willie Rioli 2+,NA,1,NA,258056335,NA
Port Adelaide Power v North Melbourne Kangaroos,Port Adelaide Power,North Melbourne Kangaroos,Player Goals,Willie Rioli,Port Adelaide Power,2.5,2.15,NA,BetRight,North Melbourne Kangaroos,Player Goals - Willie Rioli (PORT),45221196,Willie Rioli 3+,NA,2,NA,258056336,NA
Port Adelaide Power v North Melbourne Kangaroos,Port Adelaide Power,North Melbourne Kangaroos,Player Goals,Willie Rioli,Port Adelaide Power,3.5,3.85,NA,BetRight,North Melbourne Kangaroos,Player Goals - Willie Rioli (PORT),45221196,Willie Rioli 4+,NA,3,NA,258056337,NA
Port Adelaide Power v North Melbourne Kangaroos,Port Adelaide Power,North Melbourne Kangaroos,Player Goals,Connor Rozee,Port Adelaide Power,0.5,1.95,NA,BetRight,North Melbourne Kangaroos,Player Goals - Connor Rozee (PORT),45221199,Connor Rozee 1+,NA,1,NA,258056340,NA
Port Adelaide Power v North Melbourne Kangaroos,Port Adelaide Power,North Melbourne Kangaroos,Player Goals,Connor Rozee,Port Adelaide Power,1.5,5.75,NA,BetRight,North Melbourne Kangaroos,Player Goals - Connor Rozee (PORT),45221199,Connor Rozee 2+,NA,2,NA,258056339,NA
Port Adelaide Power v North Melbourne Kangaroos,Port Adelaide Power,North Melbourne Kangaroos,Player Goals,Jordon Sweet,Port Adelaide Power,0.5,3.15,NA,BetRight,North Melbourne Kangaroos,Player Goals - Jordon Sweet (PORT),45221201,Jordon Sweet 1+,NA,1,NA,258056343,NA
Port Adelaide Power v North Melbourne Kangaroos,Port Adelaide Power,North Melbourne Kangaroos,Player Goals,Paul Curtis,North Melbourne Kangaroos,0.5,1.14,NA,BetRight,Port Adelaide Power,Player Goals - Paul Curtis (NMFC),45221203,Paul Curtis 1+,NA,1,NA,258056346,NA
Port Adelaide Power v North Melbourne Kangaroos,Port Adelaide Power,North Melbourne Kangaroos,Player Goals,Paul Curtis,North Melbourne Kangaroos,1.5,1.69,NA,BetRight,Port Adelaide Power,Player Goals - Paul Curtis (NMFC),45221203,Paul Curtis 2+,NA,2,NA,258056348,NA
Port Adelaide Power v North Melbourne Kangaroos,Port Adelaide Power,North Melbourne Kangaroos,Player Goals,Paul Curtis,North Melbourne Kangaroos,2.5,3.05,NA,BetRight,Port Adelaide Power,Player Goals - Paul Curtis (NMFC),45221203,Paul Curtis 3+,NA,3,NA,258056347,NA
Port Adelaide Power v North Melbourne Kangaroos,Port Adelaide Power,North Melbourne Kangaroos,Player Goals,Jack Darling,North Melbourne Kangaroos,0.5,1.49,NA,BetRight,Port Adelaide Power,Player Goals - Jack Darling (NMFC),45221205,Jack Darling 1+,NA,1,NA,258056353,NA
Port Adelaide Power v North Melbourne Kangaroos,Port Adelaide Power,North Melbourne Kangaroos,Player Goals,Jack Darling,North Melbourne Kangaroos,1.5,3.3,NA,BetRight,Port Adelaide Power,Player Goals - Jack Darling (NMFC),45221205,Jack Darling 2+,NA,2,NA,258056352,NA
Port Adelaide Power v North Melbourne Kangaroos,Port Adelaide Power,North Melbourne Kangaroos,Player Goals,Luke Davies-Uniacke,North Melbourne Kangaroos,0.5,2.7,NA,BetRight,Port Adelaide Power,Player Goals - Luke Davies-Uniacke (NMFC),45221207,Luke Davies-Uniacke 1+,NA,1,NA,258056355,NA
Port Adelaide Power v North Melbourne Kangaroos,Port Adelaide Power,North Melbourne Kangaroos,Player Goals,Zane Duursma,North Melbourne Kangaroos,0.5,2.01,NA,BetRight,Port Adelaide Power,Player Goals - Zane Duursma (NMFC),45221209,Zane Duursma 1+,NA,1,NA,258056358,NA
Port Adelaide Power v North Melbourne Kangaroos,Port Adelaide Power,North Melbourne Kangaroos,Player Goals,Zane Duursma,North Melbourne Kangaroos,1.5,6,NA,BetRight,Port Adelaide Power,Player Goals - Zane Duursma (NMFC),45221209,Zane Duursma 2+,NA,2,NA,258056357,NA
Port Adelaide Power v North Melbourne Kangaroos,Port Adelaide Power,North Melbourne Kangaroos,Player Goals,Jacob Konstanty,North Melbourne Kangaroos,0.5,2.3,NA,BetRight,Port Adelaide Power,Player Goals - Jacob Konstanty (NMFC),45221211,Jacob Konstanty 1+,NA,1,NA,258056362,NA
Port Adelaide Power v North Melbourne Kangaroos,Port Adelaide Power,North Melbourne Kangaroos,Player Goals,Jacob Konstanty,North Melbourne Kangaroos,1.5,8,NA,BetRight,Port Adelaide Power,Player Goals - Jacob Konstanty (NMFC),45221211,Jacob Konstanty 2+,NA,2,NA,258056363,NA
Port Adelaide Power v North Melbourne Kangaroos,Port Adelaide Power,North Melbourne Kangaroos,Player Goals,Nick Larkey,North Melbourne Kangaroos,1.5,1.3,NA,BetRight,Port Adelaide Power,Player Goals - Nick Larkey (NMFC),45221213,Nick Larkey 2+,NA,1,NA,258056370,NA
Port Adelaide Power v North Melbourne Kangaroos,Port Adelaide Power,North Melbourne Kangaroos,Player Goals,Nick Larkey,North Melbourne Kangaroos,2.5,2.1,NA,BetRight,Port Adelaide Power,Player Goals - Nick Larkey (NMFC),45221213,Nick Larkey 3+,NA,2,NA,258056368,NA
Port Adelaide Power v North Melbourne Kangaroos,Port Adelaide Power,North Melbourne Kangaroos,Player Goals,Nick Larkey,North Melbourne Kangaroos,3.5,3.55,NA,BetRight,Port Adelaide Power,Player Goals - Nick Larkey (NMFC),45221213,Nick Larkey 4+,NA,3,NA,258056371,NA
Port Adelaide Power v North Melbourne Kangaroos,Port Adelaide Power,North Melbourne Kangaroos,Player Goals,Colby McKercher,North Melbourne Kangaroos,0.5,2.7,NA,BetRight,Port Adelaide Power,Player Goals - Colby McKercher (NMFC),45221215,Colby McKercher 1+,NA,1,NA,258056374,NA
Port Adelaide Power v North Melbourne Kangaroos,Port Adelaide Power,North Melbourne Kangaroos,Player Goals,Luke Parker,North Melbourne Kangaroos,0.5,1.99,NA,BetRight,Port Adelaide Power,Player Goals - Luke Parker (NMFC),45221217,Luke Parker 1+,NA,1,NA,258056376,NA
Port Adelaide Power v North Melbourne Kangaroos,Port Adelaide Power,North Melbourne Kangaroos,Player Goals,Luke Parker,North Melbourne Kangaroos,1.5,6,NA,BetRight,Port Adelaide Power,Player Goals - Luke Parker (NMFC),45221217,Luke Parker 2+,NA,2,NA,258056377,NA
Port Adelaide Power v North Melbourne Kangaroos,Port Adelaide Power,North Melbourne Kangaroos,Player Goals,Tom Powell,North Melbourne Kangaroos,0.5,3.05,NA,BetRight,Port Adelaide Power,Player Goals - Tom Powell (NMFC),45221220,Tom Powell 1+,NA,1,NA,258056380,NA
Port Adelaide Power v North Melbourne Kangaroos,Port Adelaide Power,North Melbourne Kangaroos,Player Goals,Harry Sheezel,North Melbourne Kangaroos,0.5,2.55,NA,BetRight,Port Adelaide Power,Player Goals - Harry Sheezel (NMFC),45221221,Harry Sheezel 1+,NA,1,NA,258056384,NA
Port Adelaide Power v North Melbourne Kangaroos,Port Adelaide Power,North Melbourne Kangaroos,Player Goals,Jy Simpkin,North Melbourne Kangaroos,0.5,2.35,NA,BetRight,Port Adelaide Power,Player Goals - Jy Simpkin (NMFC),45221223,Jy Simpkin 1+,NA,1,NA,258056389,NA
Port Adelaide Power v North Melbourne Kangaroos,Port Adelaide Power,North Melbourne Kangaroos,Player Goals,Jy Simpkin,North Melbourne Kangaroos,1.5,8.5,NA,BetRight,Port Adelaide Power,Player Goals - Jy Simpkin (NMFC),45221223,Jy Simpkin 2+,NA,2,NA,258056388,NA
Port Adelaide Power v North Melbourne Kangaroos,Port Adelaide Power,North Melbourne Kangaroos,Player Goals,George Wardlaw,North Melbourne Kangaroos,0.5,2.9,NA,BetRight,Port Adelaide Power,Player Goals - George Wardlaw (NMFC),45221226,George Wardlaw 1+,NA,1,NA,258056390,NA
Port Adelaide Power v North Melbourne Kangaroos,Port Adelaide Power,North Melbourne Kangaroos,Player Goals,Tristan Xerri,North Melbourne Kangaroos,0.5,3.45,NA,BetRight,Port Adelaide Power,Player Goals - Tristan Xerri (NMFC),45221227,Tristan Xerri 1+,NA,1,NA,258056394,NA
Port Adelaide Power v North Melbourne Kangaroos,Port Adelaide Power,North Melbourne Kangaroos,Player Goals,Cameron Zurhaar,North Melbourne Kangaroos,0.5,1.39,NA,BetRight,Port Adelaide Power,Player Goals - Cameron Zurhaar (NMFC),45221229,Cameron Zurhaar 1+,NA,1,NA,258056397,NA
Port Adelaide Power v North Melbourne Kangaroos,Port Adelaide Power,North Melbourne Kangaroos,Player Goals,Cameron Zurhaar,North Melbourne Kangaroos,1.5,2.7,NA,BetRight,Port Adelaide Power,Player Goals - Cameron Zurhaar (NMFC),45221229,Cameron Zurhaar 2+,NA,2,NA,258056398,NA
Port Adelaide Power v North Melbourne Kangaroos,Port Adelaide Power,North Melbourne Kangaroos,Player Goals,Aliir Aliir,Port Adelaide Power,0.5,3.95,NA,BetRight,North Melbourne Kangaroos,Player Goals - Aliir Aliir (PORT),45316655,Aliir Aliir 1+,NA,1,NA,258449038,NA
Port Adelaide Power v North Melbourne Kangaroos,Port Adelaide Power,North Melbourne Kangaroos,Player Goals,Miles Bergman,Port Adelaide Power,0.5,2.95,NA,BetRight,North Melbourne Kangaroos,Player Goals - Miles Bergman (PORT),45316656,Miles Bergman 1+,NA,1,NA,258449039,NA
Port Adelaide Power v North Melbourne Kangaroos,Port Adelaide Power,North Melbourne Kangaroos,Player Goals,Kane Farrell,Port Adelaide Power,0.5,2.8,NA,BetRight,North Melbourne Kangaroos,Player Goals - Kane Farrell (PORT),45316657,Kane Farrell 1+,NA,1,NA,258449040,NA
Port Adelaide Power v North Melbourne Kangaroos,Port Adelaide Power,North Melbourne Kangaroos,Player Goals,Christian Moraes,Port Adelaide Power,0.5,2.8,NA,BetRight,North Melbourne Kangaroos,Player Goals - Christian Moraes (PORT),45316658,Christian Moraes 1+,NA,1,NA,258449041,NA
Port Adelaide Power v North Melbourne Kangaroos,Port Adelaide Power,North Melbourne Kangaroos,Player Goals,Esava Ratugolea,Port Adelaide Power,0.5,3.95,NA,BetRight,North Melbourne Kangaroos,Player Goals - Esava Ratugolea (PORT),45316659,Esava Ratugolea 1+,NA,1,NA,258449042,NA
Port Adelaide Power v North Melbourne Kangaroos,Port Adelaide Power,North Melbourne Kangaroos,Player Goals,Joshua Sinn,NA,0.5,3.95,NA,BetRight,NA,Player Goals - Joshua Sinn (PORT),45316660,Joshua Sinn 1+,NA,1,NA,258449043,NA
Port Adelaide Power v North Melbourne Kangaroos,Port Adelaide Power,North Melbourne Kangaroos,Player Goals,Ollie Wines,Port Adelaide Power,0.5,2.45,NA,BetRight,North Melbourne Kangaroos,Player Goals - Ollie Wines (PORT),45316661,Ollie Wines 1+,NA,1,NA,258449044,NA
Port Adelaide Power v North Melbourne Kangaroos,Port Adelaide Power,North Melbourne Kangaroos,Player Goals,Charlie Comben,North Melbourne Kangaroos,0.5,2.3,NA,BetRight,Port Adelaide Power,Player Goals - Charlie Comben (NMFC),45316937,Charlie Comben 1+,NA,1,NA,258450540,NA
Port Adelaide Power v North Melbourne Kangaroos,Port Adelaide Power,North Melbourne Kangaroos,Player Goals,Charlie Comben,North Melbourne Kangaroos,1.5,8,NA,BetRight,Port Adelaide Power,Player Goals - Charlie Comben (NMFC),45316937,Charlie Comben 2+,NA,2,NA,258450539,NA
Port Adelaide Power v North Melbourne Kangaroos,Port Adelaide Power,North Melbourne Kangaroos,Player Goals,Caleb Daniel,North Melbourne Kangaroos,0.5,3.95,NA,BetRight,Port Adelaide Power,Player Goals - Caleb Daniel (NMFC),45316938,Caleb Daniel 1+,NA,1,NA,258450541,NA
Port Adelaide Power v North Melbourne Kangaroos,Port Adelaide Power,North Melbourne Kangaroos,Player Goals,Luke McDonald,North Melbourne Kangaroos,0.5,3.95,NA,BetRight,Port Adelaide Power,Player Goals - Luke McDonald (NMFC),45316939,Luke McDonald 1+,NA,1,NA,258450542,NA
Port Adelaide Power v North Melbourne Kangaroos,Port Adelaide Power,North Melbourne Kangaroos,Player Goals,Dylan Stephens,North Melbourne Kangaroos,0.5,3.95,NA,BetRight,Port Adelaide Power,Player Goals - Dylan Stephens (NMFC),45316940,Dylan Stephens 1+,NA,1,NA,258450543,NA
Port Adelaide Power v North Melbourne Kangaroos,Port Adelaide Power,North Melbourne Kangaroos,Player Goals,Darcy Tucker,North Melbourne Kangaroos,0.5,3.95,NA,BetRight,Port Adelaide Power,Player Goals - Darcy Tucker (NMFC),45316941,Darcy Tucker 1+,NA,1,NA,258450544,NA
Port Adelaide Power v North Melbourne Kangaroos,Port Adelaide Power,North Melbourne Kangaroos,Player Goals,Jeremy Finlayson,Port Adelaide Power,0.5,1.16,NA,BetRight,North Melbourne Kangaroos,Player Goals - Jeremy Finlayson (PORT),45317925,Jeremy Finlayson 1+,NA,1,NA,258454432,NA
Port Adelaide Power v North Melbourne Kangaroos,Port Adelaide Power,North Melbourne Kangaroos,Player Goals,Jeremy Finlayson,Port Adelaide Power,1.5,1.81,NA,BetRight,North Melbourne Kangaroos,Player Goals - Jeremy Finlayson (PORT),45317925,Jeremy Finlayson 2+,NA,2,NA,258454431,NA
Port Adelaide Power v North Melbourne Kangaroos,Port Adelaide Power,North Melbourne Kangaroos,Player Goals,Jeremy Finlayson,Port Adelaide Power,2.5,3.45,NA,BetRight,North Melbourne Kangaroos,Player Goals - Jeremy Finlayson (PORT),45317925,Jeremy Finlayson 3+,NA,3,NA,258550399,NA
Port Adelaide Power v North Melbourne Kangaroos,Port Adelaide Power,North Melbourne Kangaroos,Player Goals,Jackson Archer,North Melbourne Kangaroos,0.5,3.95,NA,BetRight,Port Adelaide Power,Player Goals - Jackson Archer (NMFC),45341371,Jackson Archer 1+,NA,1,NA,258550402,NA
GWS Giants v Western Bulldogs,GWS Giants,Western Bulldogs,Player Goals,Toby Bedford,GWS Giants,0.5,2.3,NA,BetRight,Western Bulldogs,Player Goals - Toby Bedford (GWS),45221155,Toby Bedford 1+,NA,1,NA,258056246,NA
GWS Giants v Western Bulldogs,GWS Giants,Western Bulldogs,Player Goals,Toby Bedford,GWS Giants,1.5,7.5,NA,BetRight,Western Bulldogs,Player Goals - Toby Bedford (GWS),45221155,Toby Bedford 2+,NA,2,NA,258056247,NA
GWS Giants v Western Bulldogs,GWS Giants,Western Bulldogs,Player Goals,Aaron Cadman,GWS Giants,0.5,1.22,NA,BetRight,Western Bulldogs,Player Goals - Aaron Cadman (GWS),45221157,Aaron Cadman 1+,NA,1,NA,258056252,NA
GWS Giants v Western Bulldogs,GWS Giants,Western Bulldogs,Player Goals,Aaron Cadman,GWS Giants,1.5,2.1,NA,BetRight,Western Bulldogs,Player Goals - Aaron Cadman (GWS),45221157,Aaron Cadman 2+,NA,2,NA,258056251,NA
GWS Giants v Western Bulldogs,GWS Giants,Western Bulldogs,Player Goals,Aaron Cadman,GWS Giants,2.5,4.25,NA,BetRight,Western Bulldogs,Player Goals - Aaron Cadman (GWS),45221157,Aaron Cadman 3+,NA,3,NA,258056250,NA
GWS Giants v Western Bulldogs,GWS Giants,Western Bulldogs,Player Goals,Finn Callaghan,GWS Giants,0.5,2.85,NA,BetRight,Western Bulldogs,Player Goals - Finn Callaghan (GWS),45221158,Finn Callaghan 1+,NA,1,NA,258056253,NA
GWS Giants v Western Bulldogs,GWS Giants,Western Bulldogs,Player Goals,Tom Green,GWS Giants,0.5,2.8,NA,BetRight,Western Bulldogs,Player Goals - Tom Green (GWS),45221163,Tom Green 1+,NA,1,NA,258056262,NA
GWS Giants v Western Bulldogs,GWS Giants,Western Bulldogs,Player Goals,Toby Greene,GWS Giants,1.5,1.43,NA,BetRight,Western Bulldogs,Player Goals - Toby Greene (GWS),45221164,Toby Greene 2+,NA,1,NA,258056263,NA
GWS Giants v Western Bulldogs,GWS Giants,Western Bulldogs,Player Goals,Toby Greene,GWS Giants,2.5,2.35,NA,BetRight,Western Bulldogs,Player Goals - Toby Greene (GWS),45221164,Toby Greene 3+,NA,2,NA,258056264,NA
GWS Giants v Western Bulldogs,GWS Giants,Western Bulldogs,Player Goals,Toby Greene,GWS Giants,3.5,4.4,NA,BetRight,Western Bulldogs,Player Goals - Toby Greene (GWS),45221164,Toby Greene 4+,NA,3,NA,258056265,NA
GWS Giants v Western Bulldogs,GWS Giants,Western Bulldogs,Player Goals,Jesse Hogan,GWS Giants,1.5,1.16,NA,BetRight,Western Bulldogs,Player Goals - Jesse Hogan (GWS),45221165,Jesse Hogan 2+,NA,1,NA,258056266,NA
GWS Giants v Western Bulldogs,GWS Giants,Western Bulldogs,Player Goals,Jesse Hogan,GWS Giants,2.5,1.54,NA,BetRight,Western Bulldogs,Player Goals - Jesse Hogan (GWS),45221165,Jesse Hogan 3+,NA,2,NA,258056268,NA
GWS Giants v Western Bulldogs,GWS Giants,Western Bulldogs,Player Goals,Jesse Hogan,GWS Giants,3.5,2.35,NA,BetRight,Western Bulldogs,Player Goals - Jesse Hogan (GWS),45221165,Jesse Hogan 4+,NA,3,NA,258056267,NA
GWS Giants v Western Bulldogs,GWS Giants,Western Bulldogs,Player Goals,Jesse Hogan,GWS Giants,4.5,4.1,NA,BetRight,Western Bulldogs,Player Goals - Jesse Hogan (GWS),45221165,Jesse Hogan 5+,NA,4,NA,258056269,NA
GWS Giants v Western Bulldogs,GWS Giants,Western Bulldogs,Player Goals,Darcy Jones,GWS Giants,0.5,1.69,NA,BetRight,Western Bulldogs,Player Goals - Darcy Jones (GWS),45221166,Darcy Jones 1+,NA,1,NA,258056271,NA
GWS Giants v Western Bulldogs,GWS Giants,Western Bulldogs,Player Goals,Darcy Jones,GWS Giants,1.5,4.25,NA,BetRight,Western Bulldogs,Player Goals - Darcy Jones (GWS),45221166,Darcy Jones 2+,NA,2,NA,258056270,NA
GWS Giants v Western Bulldogs,GWS Giants,Western Bulldogs,Player Goals,Josh Kelly,GWS Giants,0.5,2.45,NA,BetRight,Western Bulldogs,Player Goals - Josh Kelly (GWS),45221167,Josh Kelly 1+,NA,1,NA,258056272,NA
GWS Giants v Western Bulldogs,GWS Giants,Western Bulldogs,Player Goals,Jake Riccardi,GWS Giants,0.5,1.3,NA,BetRight,Western Bulldogs,Player Goals - Jake Riccardi (GWS),45221168,Jake Riccardi 1+,NA,1,NA,258056274,NA
GWS Giants v Western Bulldogs,GWS Giants,Western Bulldogs,Player Goals,Jake Riccardi,GWS Giants,1.5,2.45,NA,BetRight,Western Bulldogs,Player Goals - Jake Riccardi (GWS),45221168,Jake Riccardi 2+,NA,2,NA,258056273,NA
GWS Giants v Western Bulldogs,GWS Giants,Western Bulldogs,Player Goals,Jake Stringer,GWS Giants,0.5,1.22,NA,BetRight,Western Bulldogs,Player Goals - Jake Stringer (GWS),45221169,Jake Stringer 1+,NA,1,NA,258056276,NA
GWS Giants v Western Bulldogs,GWS Giants,Western Bulldogs,Player Goals,Jake Stringer,GWS Giants,1.5,2.01,NA,BetRight,Western Bulldogs,Player Goals - Jake Stringer (GWS),45221169,Jake Stringer 2+,NA,2,NA,258056275,NA
GWS Giants v Western Bulldogs,GWS Giants,Western Bulldogs,Player Goals,Jake Stringer,GWS Giants,2.5,4.2,NA,BetRight,Western Bulldogs,Player Goals - Jake Stringer (GWS),45221169,Jake Stringer 3+,NA,3,NA,258056277,NA
GWS Giants v Western Bulldogs,GWS Giants,Western Bulldogs,Player Goals,Harvey Thomas,GWS Giants,0.5,1.92,NA,BetRight,Western Bulldogs,Player Goals - Harvey Thomas (GWS),45221170,Harvey Thomas 1+,NA,1,NA,258056278,NA
GWS Giants v Western Bulldogs,GWS Giants,Western Bulldogs,Player Goals,Harvey Thomas,GWS Giants,1.5,5.75,NA,BetRight,Western Bulldogs,Player Goals - Harvey Thomas (GWS),45221170,Harvey Thomas 2+,NA,2,NA,258056279,NA
GWS Giants v Western Bulldogs,GWS Giants,Western Bulldogs,Player Goals,Callan Ward,GWS Giants,0.5,2.95,NA,BetRight,Western Bulldogs,Player Goals - Callan Ward (GWS),45221171,Callan Ward 1+,NA,1,NA,258056280,NA
GWS Giants v Western Bulldogs,GWS Giants,Western Bulldogs,Player Goals,Marcus Bontempelli,Western Bulldogs,0.5,1.22,NA,BetRight,GWS Giants,Player Goals - Marcus Bontempelli (WB),45221774,Marcus Bontempelli 1+,NA,1,NA,258058664,NA
GWS Giants v Western Bulldogs,GWS Giants,Western Bulldogs,Player Goals,Marcus Bontempelli,Western Bulldogs,1.5,2.01,NA,BetRight,GWS Giants,Player Goals - Marcus Bontempelli (WB),45221774,Marcus Bontempelli 2+,NA,2,NA,258058665,NA
GWS Giants v Western Bulldogs,GWS Giants,Western Bulldogs,Player Goals,Marcus Bontempelli,Western Bulldogs,2.5,4.1,NA,BetRight,GWS Giants,Player Goals - Marcus Bontempelli (WB),45221774,Marcus Bontempelli 3+,NA,3,NA,258058666,NA
GWS Giants v Western Bulldogs,GWS Giants,Western Bulldogs,Player Goals,Sam Davidson,Western Bulldogs,0.5,2.45,NA,BetRight,GWS Giants,Player Goals - Sam Davidson (WB),45221775,Sam Davidson 1+,NA,1,NA,258058667,NA
GWS Giants v Western Bulldogs,GWS Giants,Western Bulldogs,Player Goals,Josh Dolan,Western Bulldogs,0.5,2.25,NA,BetRight,GWS Giants,Player Goals - Josh Dolan (WB),45221776,Josh Dolan 1+,NA,1,NA,258058668,NA
GWS Giants v Western Bulldogs,GWS Giants,Western Bulldogs,Player Goals,Josh Dolan,Western Bulldogs,1.5,7.5,NA,BetRight,GWS Giants,Player Goals - Josh Dolan (WB),45221776,Josh Dolan 2+,NA,2,NA,258058669,NA
GWS Giants v Western Bulldogs,GWS Giants,Western Bulldogs,Player Goals,Tim English,Western Bulldogs,0.5,2.45,NA,BetRight,GWS Giants,Player Goals - Tim English (WB),45221777,Tim English 1+,NA,1,NA,258058670,NA
GWS Giants v Western Bulldogs,GWS Giants,Western Bulldogs,Player Goals,Joel Freijah,Western Bulldogs,0.5,1.79,NA,BetRight,GWS Giants,Player Goals - Joel Freijah (WB),45221778,Joel Freijah 1+,NA,1,NA,258058671,NA
GWS Giants v Western Bulldogs,GWS Giants,Western Bulldogs,Player Goals,Joel Freijah,Western Bulldogs,1.5,4.8,NA,BetRight,GWS Giants,Player Goals - Joel Freijah (WB),45221778,Joel Freijah 2+,NA,2,NA,258058672,NA
GWS Giants v Western Bulldogs,GWS Giants,Western Bulldogs,Player Goals,Matthew Kennedy,Western Bulldogs,0.5,2.1,NA,BetRight,GWS Giants,Player Goals - Matthew Kennedy (WB),45221779,Matthew Kennedy 1+,NA,1,NA,258058674,NA
GWS Giants v Western Bulldogs,GWS Giants,Western Bulldogs,Player Goals,Matthew Kennedy,Western Bulldogs,1.5,6.75,NA,BetRight,GWS Giants,Player Goals - Matthew Kennedy (WB),45221779,Matthew Kennedy 2+,NA,2,NA,258058673,NA
GWS Giants v Western Bulldogs,GWS Giants,Western Bulldogs,Player Goals,Tom Liberatore,Western Bulldogs,0.5,3.15,NA,BetRight,GWS Giants,Player Goals - Tom Liberatore (WB),45221780,Tom Liberatore 1+,NA,1,NA,258058675,NA
GWS Giants v Western Bulldogs,GWS Giants,Western Bulldogs,Player Goals,Aaron Naughton,Western Bulldogs,0.5,1.12,NA,BetRight,GWS Giants,Player Goals - Aaron Naughton (WB),45221782,Aaron Naughton 1+,NA,4,NA,258724186,NA
GWS Giants v Western Bulldogs,GWS Giants,Western Bulldogs,Player Goals,Aaron Naughton,Western Bulldogs,1.5,1.63,NA,BetRight,GWS Giants,Player Goals - Aaron Naughton (WB),45221782,Aaron Naughton 2+,NA,1,NA,258058678,NA
GWS Giants v Western Bulldogs,GWS Giants,Western Bulldogs,Player Goals,Aaron Naughton,Western Bulldogs,2.5,2.85,NA,BetRight,GWS Giants,Player Goals - Aaron Naughton (WB),45221782,Aaron Naughton 3+,NA,2,NA,258058680,NA
GWS Giants v Western Bulldogs,GWS Giants,Western Bulldogs,Player Goals,James O'Donnell,Western Bulldogs,0.5,1.66,NA,BetRight,GWS Giants,Player Goals - James O'Donnell (WB),45221783,James O'Donnell 1+,NA,1,NA,258058682,NA
GWS Giants v Western Bulldogs,GWS Giants,Western Bulldogs,Player Goals,James O'Donnell,Western Bulldogs,1.5,4.1,NA,BetRight,GWS Giants,Player Goals - James O'Donnell (WB),45221783,James O'Donnell 2+,NA,2,NA,258058681,NA
GWS Giants v Western Bulldogs,GWS Giants,Western Bulldogs,Player Goals,Ed Richards,Western Bulldogs,0.5,2.25,NA,BetRight,GWS Giants,Player Goals - Ed Richards (WB),45221784,Ed Richards 1+,NA,1,NA,258058684,NA
GWS Giants v Western Bulldogs,GWS Giants,Western Bulldogs,Player Goals,Ed Richards,Western Bulldogs,1.5,7.5,NA,BetRight,GWS Giants,Player Goals - Ed Richards (WB),45221784,Ed Richards 2+,NA,2,NA,258058683,NA
GWS Giants v Western Bulldogs,GWS Giants,Western Bulldogs,Player Goals,Ryley Sanders,Western Bulldogs,0.5,2.3,NA,BetRight,GWS Giants,Player Goals - Ryley Sanders (WB),45221785,Ryley Sanders 1+,NA,1,NA,258058685,NA
GWS Giants v Western Bulldogs,GWS Giants,Western Bulldogs,Player Goals,Ryley Sanders,Western Bulldogs,1.5,8,NA,BetRight,GWS Giants,Player Goals - Ryley Sanders (WB),45221785,Ryley Sanders 2+,NA,2,NA,258058686,NA
GWS Giants v Western Bulldogs,GWS Giants,Western Bulldogs,Player Goals,Rhylee West,Western Bulldogs,0.5,1.31,NA,BetRight,GWS Giants,Player Goals - Rhylee West (WB),45221786,Rhylee West 1+,NA,1,NA,258058687,NA
GWS Giants v Western Bulldogs,GWS Giants,Western Bulldogs,Player Goals,Rhylee West,Western Bulldogs,1.5,2.45,NA,BetRight,GWS Giants,Player Goals - Rhylee West (WB),45221786,Rhylee West 2+,NA,2,NA,258058688,NA
GWS Giants v Western Bulldogs,GWS Giants,Western Bulldogs,Player Goals,Rory Lobb,Western Bulldogs,0.5,1.69,NA,BetRight,GWS Giants,Player Goals - Rory Lobb (WB),45268446,Rory Lobb 1+,NA,1,NA,258251803,NA
GWS Giants v Western Bulldogs,GWS Giants,Western Bulldogs,Player Goals,Rory Lobb,Western Bulldogs,1.5,4.4,NA,BetRight,GWS Giants,Player Goals - Rory Lobb (WB),45268446,Rory Lobb 2+,NA,2,NA,258251802,NA
GWS Giants v Western Bulldogs,GWS Giants,Western Bulldogs,Player Goals,Lachie Ash,GWS Giants,0.5,3.95,NA,BetRight,Western Bulldogs,Player Goals - Lachie Ash (GWS),45316360,Lachie Ash 1+,NA,1,NA,258447586,NA
GWS Giants v Western Bulldogs,GWS Giants,Western Bulldogs,Player Goals,Kieren Briggs,GWS Giants,0.5,3.95,NA,BetRight,Western Bulldogs,Player Goals - Kieren Briggs (GWS),45316361,Kieren Briggs 1+,NA,1,NA,258447587,NA
GWS Giants v Western Bulldogs,GWS Giants,Western Bulldogs,Player Goals,Jack Buckley,GWS Giants,0.5,3.95,NA,BetRight,Western Bulldogs,Player Goals - Jack Buckley (GWS),45316362,Jack Buckley 1+,NA,1,NA,258447588,NA
GWS Giants v Western Bulldogs,GWS Giants,Western Bulldogs,Player Goals,Harry Himmelberg,GWS Giants,0.5,3.95,NA,BetRight,Western Bulldogs,Player Goals - Harrison Himmelberg (GWS),45316363,Harrison Himmelberg 1+,NA,1,NA,258447589,NA
GWS Giants v Western Bulldogs,GWS Giants,Western Bulldogs,Player Goals,Connor Idun,GWS Giants,0.5,3.95,NA,BetRight,Western Bulldogs,Player Goals - Connor Idun (GWS),45316364,Connor Idun 1+,NA,1,NA,258447590,NA
GWS Giants v Western Bulldogs,GWS Giants,Western Bulldogs,Player Goals,Toby McMullin,GWS Giants,0.5,2.1,NA,BetRight,Western Bulldogs,Player Goals - Toby McMullin (GWS),45316365,Toby McMullin 1+,NA,1,NA,258447591,NA
GWS Giants v Western Bulldogs,GWS Giants,Western Bulldogs,Player Goals,Toby McMullin,GWS Giants,1.5,6.5,NA,BetRight,Western Bulldogs,Player Goals - Toby McMullin (GWS),45316365,Toby McMullin 2+,NA,2,NA,258447592,NA
GWS Giants v Western Bulldogs,GWS Giants,Western Bulldogs,Player Goals,Conor Stone,GWS Giants,0.5,3.95,NA,BetRight,Western Bulldogs,Player Goals - Conor Stone (GWS),45316366,Conor Stone 1+,NA,1,NA,258447593,NA
GWS Giants v Western Bulldogs,GWS Giants,Western Bulldogs,Player Goals,Jacob Wehr,GWS Giants,0.5,3.15,NA,BetRight,Western Bulldogs,Player Goals - Jacob Wehr (GWS),45316367,Jacob Wehr 1+,NA,1,NA,258447594,NA
GWS Giants v Western Bulldogs,GWS Giants,Western Bulldogs,Player Goals,Lachie Whitfield,GWS Giants,0.5,3.95,NA,BetRight,Western Bulldogs,Player Goals - Lachie Whitfield (GWS),45316368,Lachie Whitfield 1+,NA,1,NA,258447595,NA
GWS Giants v Western Bulldogs,GWS Giants,Western Bulldogs,Player Goals,Lachlan Bramble,Western Bulldogs,0.5,3.85,NA,BetRight,GWS Giants,Player Goals - Lachlan Bramble (WB),45316616,Lachlan Bramble 1+,NA,1,NA,258448924,NA
GWS Giants v Western Bulldogs,GWS Giants,Western Bulldogs,Player Goals,Luke Cleary,Western Bulldogs,0.5,3.85,NA,BetRight,GWS Giants,Player Goals - Luke Cleary (WB),45316617,Luke Cleary 1+,NA,1,NA,258448925,NA
GWS Giants v Western Bulldogs,GWS Giants,Western Bulldogs,Player Goals,Bailey Dale,Western Bulldogs,0.5,3.85,NA,BetRight,GWS Giants,Player Goals - Bailey Dale (WB),45316618,Bailey Dale 1+,NA,1,NA,258448926,NA
GWS Giants v Western Bulldogs,GWS Giants,Western Bulldogs,Player Goals,James Harmes,Western Bulldogs,0.5,1.76,NA,BetRight,GWS Giants,Player Goals - James Harmes (WB),45316619,James Harmes 1+,NA,1,NA,258448927,NA
GWS Giants v Western Bulldogs,GWS Giants,Western Bulldogs,Player Goals,James Harmes,Western Bulldogs,1.5,4.7,NA,BetRight,GWS Giants,Player Goals - James Harmes (WB),45316619,James Harmes 2+,NA,2,NA,258448928,NA
GWS Giants v Western Bulldogs,GWS Giants,Western Bulldogs,Player Goals,Cooper Hynes,Western Bulldogs,0.5,1.84,NA,BetRight,GWS Giants,Player Goals - Cooper Hynes (WB),45316620,Cooper Hynes 1+,NA,1,NA,258448929,NA
GWS Giants v Western Bulldogs,GWS Giants,Western Bulldogs,Player Goals,Cooper Hynes,Western Bulldogs,1.5,5.5,NA,BetRight,GWS Giants,Player Goals - Cooper Hynes (WB),45316620,Cooper Hynes 2+,NA,2,NA,258448930,NA
GWS Giants v Western Bulldogs,GWS Giants,Western Bulldogs,Player Goals,Jason Johannisen,Western Bulldogs,0.5,2.45,NA,BetRight,GWS Giants,Player Goals - Jason Johannisen (WB),45316621,Jason Johannisen 1+,NA,1,NA,258448931,NA
GWS Giants v Western Bulldogs,GWS Giants,Western Bulldogs,Player Goals,Buku Khamis,Western Bulldogs,0.5,1.76,NA,BetRight,GWS Giants,Player Goals - Buku Khamis (WB),45316622,Buku Khamis 1+,NA,1,NA,258448933,NA
GWS Giants v Western Bulldogs,GWS Giants,Western Bulldogs,Player Goals,Buku Khamis,Western Bulldogs,1.5,4.7,NA,BetRight,GWS Giants,Player Goals - Buku Khamis (WB),45316622,Buku Khamis 2+,NA,2,NA,258448932,NA
GWS Giants v Western Bulldogs,GWS Giants,Western Bulldogs,Player Goals,Laitham Vandermeer,Western Bulldogs,0.5,1.37,NA,BetRight,GWS Giants,Player Goals - Laitham Vandermeer (WB),45316623,Laitham Vandermeer 1+,NA,1,NA,258448934,NA
GWS Giants v Western Bulldogs,GWS Giants,Western Bulldogs,Player Goals,Laitham Vandermeer,Western Bulldogs,1.5,2.7,NA,BetRight,GWS Giants,Player Goals - Laitham Vandermeer (WB),45316623,Laitham Vandermeer 2+,NA,2,NA,258448935,NA
GWS Giants v Western Bulldogs,GWS Giants,Western Bulldogs,Player Goals,Xavier O'Halloran,GWS Giants,0.5,2.25,NA,BetRight,Western Bulldogs,Player Goals - Xavier O'Halloran (GWS),45383962,Xavier O'Halloran 1+,NA,1,NA,258713159,NA
GWS Giants v Western Bulldogs,GWS Giants,Western Bulldogs,Player Goals,Xavier O'Halloran,GWS Giants,1.5,7.5,NA,BetRight,Western Bulldogs,Player Goals - Xavier O'Halloran (GWS),45383962,Xavier O'Halloran 2+,NA,2,NA,258713160,NA
Gold Coast Suns v Sydney Swans,Gold Coast Suns,Sydney Swans,Player Goals,Ben Ainsworth,Gold Coast Suns,0.5,1.58,NA,BetRight,Sydney Swans,Player Goals - Ben Ainsworth (GCFC),45222450,Ben Ainsworth 1+,NA,1,NA,258061488,NA
Gold Coast Suns v Sydney Swans,Gold Coast Suns,Sydney Swans,Player Goals,Ben Ainsworth,Gold Coast Suns,1.5,3.55,NA,BetRight,Sydney Swans,Player Goals - Ben Ainsworth (GCFC),45222450,Ben Ainsworth 2+,NA,2,NA,258061487,NA
Gold Coast Suns v Sydney Swans,Gold Coast Suns,Sydney Swans,Player Goals,Noah Anderson,Gold Coast Suns,0.5,2.35,NA,BetRight,Sydney Swans,Player Goals - Noah Anderson (GCFC),45222451,Noah Anderson 1+,NA,1,NA,258061489,NA
Gold Coast Suns v Sydney Swans,Gold Coast Suns,Sydney Swans,Player Goals,Sam Flanders,Gold Coast Suns,0.5,1.47,NA,BetRight,Sydney Swans,Player Goals - Sam Flanders (GCFC),45222452,Sam Flanders 1+,NA,1,NA,258061490,NA
Gold Coast Suns v Sydney Swans,Gold Coast Suns,Sydney Swans,Player Goals,Sam Flanders,Gold Coast Suns,1.5,3.15,NA,BetRight,Sydney Swans,Player Goals - Sam Flanders (GCFC),45222452,Sam Flanders 2+,NA,2,NA,258061491,NA
Gold Coast Suns v Sydney Swans,Gold Coast Suns,Sydney Swans,Player Goals,Will Graham,Gold Coast Suns,0.5,1.61,NA,BetRight,Sydney Swans,Player Goals - Will Graham (GCFC),45222453,Will Graham 1+,NA,1,NA,258061492,NA
Gold Coast Suns v Sydney Swans,Gold Coast Suns,Sydney Swans,Player Goals,Will Graham,Gold Coast Suns,1.5,3.65,NA,BetRight,Sydney Swans,Player Goals - Will Graham (GCFC),45222453,Will Graham 2+,NA,2,NA,258061493,NA
Gold Coast Suns v Sydney Swans,Gold Coast Suns,Sydney Swans,Player Goals,Bailey Humphrey,Gold Coast Suns,0.5,1.87,NA,BetRight,Sydney Swans,Player Goals - Bailey Humphrey (GCFC),45222454,Bailey Humphrey 1+,NA,1,NA,258061495,NA
Gold Coast Suns v Sydney Swans,Gold Coast Suns,Sydney Swans,Player Goals,Bailey Humphrey,Gold Coast Suns,1.5,5.25,NA,BetRight,Sydney Swans,Player Goals - Bailey Humphrey (GCFC),45222454,Bailey Humphrey 2+,NA,2,NA,258061494,NA
Gold Coast Suns v Sydney Swans,Gold Coast Suns,Sydney Swans,Player Goals,Ben King,Gold Coast Suns,1.5,1.16,NA,BetRight,Sydney Swans,Player Goals - Ben King (GCFC),45222455,Ben King 2+,NA,1,NA,258061498,NA
Gold Coast Suns v Sydney Swans,Gold Coast Suns,Sydney Swans,Player Goals,Ben King,Gold Coast Suns,2.5,1.51,NA,BetRight,Sydney Swans,Player Goals - Ben King (GCFC),45222455,Ben King 3+,NA,2,NA,258061496,NA
Gold Coast Suns v Sydney Swans,Gold Coast Suns,Sydney Swans,Player Goals,Ben King,Gold Coast Suns,3.5,2.35,NA,BetRight,Sydney Swans,Player Goals - Ben King (GCFC),45222455,Ben King 4+,NA,3,NA,258061499,NA
Gold Coast Suns v Sydney Swans,Gold Coast Suns,Sydney Swans,Player Goals,Ben King,Gold Coast Suns,4.5,3.85,NA,BetRight,Sydney Swans,Player Goals - Ben King (GCFC),45222455,Ben King 5+,NA,4,NA,258061497,NA
Gold Coast Suns v Sydney Swans,Gold Coast Suns,Sydney Swans,Player Goals,Ben Long,Gold Coast Suns,0.5,1.16,NA,BetRight,Sydney Swans,Player Goals - Ben Long (GCFC),45222456,Ben Long 1+,NA,1,NA,258061501,NA
Gold Coast Suns v Sydney Swans,Gold Coast Suns,Sydney Swans,Player Goals,Ben Long,Gold Coast Suns,1.5,1.76,NA,BetRight,Sydney Swans,Player Goals - Ben Long (GCFC),45222456,Ben Long 2+,NA,2,NA,258061500,NA
Gold Coast Suns v Sydney Swans,Gold Coast Suns,Sydney Swans,Player Goals,Ben Long,Gold Coast Suns,2.5,3.35,NA,BetRight,Sydney Swans,Player Goals - Ben Long (GCFC),45222456,Ben Long 3+,NA,3,NA,258061502,NA
Gold Coast Suns v Sydney Swans,Gold Coast Suns,Sydney Swans,Player Goals,Touk Miller,Gold Coast Suns,0.5,1.51,NA,BetRight,Sydney Swans,Player Goals - Touk Miller (GCFC),45222457,Touk Miller 1+,NA,1,NA,258061503,NA
Gold Coast Suns v Sydney Swans,Gold Coast Suns,Sydney Swans,Player Goals,Touk Miller,Gold Coast Suns,1.5,3.35,NA,BetRight,Sydney Swans,Player Goals - Touk Miller (GCFC),45222457,Touk Miller 2+,NA,2,NA,258061504,NA
Gold Coast Suns v Sydney Swans,Gold Coast Suns,Sydney Swans,Player Goals,Ethan Read,Gold Coast Suns,0.5,1.47,NA,BetRight,Sydney Swans,Player Goals - Ethan Read (GCFC),45222458,Ethan Read 1+,NA,1,NA,258061505,NA
Gold Coast Suns v Sydney Swans,Gold Coast Suns,Sydney Swans,Player Goals,Ethan Read,Gold Coast Suns,1.5,3.15,NA,BetRight,Sydney Swans,Player Goals - Ethan Read (GCFC),45222458,Ethan Read 2+,NA,2,NA,258061506,NA
Gold Coast Suns v Sydney Swans,Gold Coast Suns,Sydney Swans,Player Goals,Jake Rogers,Gold Coast Suns,0.5,1.76,NA,BetRight,Sydney Swans,Player Goals - Jake Rogers (GCFC),45222459,Jake Rogers 1+,NA,1,NA,258061508,NA
Gold Coast Suns v Sydney Swans,Gold Coast Suns,Sydney Swans,Player Goals,Jake Rogers,Gold Coast Suns,1.5,4.4,NA,BetRight,Sydney Swans,Player Goals - Jake Rogers (GCFC),45222459,Jake Rogers 2+,NA,2,NA,258061507,NA
Gold Coast Suns v Sydney Swans,Gold Coast Suns,Sydney Swans,Player Goals,Matt Rowell,Gold Coast Suns,0.5,3.05,NA,BetRight,Sydney Swans,Player Goals - Matt Rowell (GCFC),45222460,Matt Rowell 1+,NA,1,NA,258061509,NA
Gold Coast Suns v Sydney Swans,Gold Coast Suns,Sydney Swans,Player Goals,Jed Walter,Gold Coast Suns,0.5,1.3,NA,BetRight,Sydney Swans,Player Goals - Jed Walter (GCFC),45222461,Jed Walter 1+,NA,1,NA,258061510,NA
Gold Coast Suns v Sydney Swans,Gold Coast Suns,Sydney Swans,Player Goals,Jed Walter,Gold Coast Suns,1.5,2.35,NA,BetRight,Sydney Swans,Player Goals - Jed Walter (GCFC),45222461,Jed Walter 2+,NA,2,NA,258061511,NA
Gold Coast Suns v Sydney Swans,Gold Coast Suns,Sydney Swans,Player Goals,Lachie Weller,Gold Coast Suns,0.5,1.84,NA,BetRight,Sydney Swans,Player Goals - Lachie Weller (GCFC),45222462,Lachie Weller 1+,NA,1,NA,258061512,NA
Gold Coast Suns v Sydney Swans,Gold Coast Suns,Sydney Swans,Player Goals,Lachie Weller,Gold Coast Suns,1.5,4.8,NA,BetRight,Sydney Swans,Player Goals - Lachie Weller (GCFC),45222462,Lachie Weller 2+,NA,2,NA,258061513,NA
Gold Coast Suns v Sydney Swans,Gold Coast Suns,Sydney Swans,Player Goals,Jarrod Witts,Gold Coast Suns,0.5,2.55,NA,BetRight,Sydney Swans,Player Goals - Jarrod Witts (GCFC),45222463,Jarrod Witts 1+,NA,1,NA,258061514,NA
Gold Coast Suns v Sydney Swans,Gold Coast Suns,Sydney Swans,Player Goals,Braeden Campbell,Sydney Swans,0.5,1.37,NA,BetRight,Gold Coast Suns,Player Goals - Braeden Campbell (SYD),45222464,Braeden Campbell 1+,NA,1,NA,258061516,NA
Gold Coast Suns v Sydney Swans,Gold Coast Suns,Sydney Swans,Player Goals,Braeden Campbell,Sydney Swans,1.5,2.7,NA,BetRight,Gold Coast Suns,Player Goals - Braeden Campbell (SYD),45222464,Braeden Campbell 2+,NA,2,NA,258061515,NA
Gold Coast Suns v Sydney Swans,Gold Coast Suns,Sydney Swans,Player Goals,Caiden Cleary,Sydney Swans,0.5,2.01,NA,BetRight,Gold Coast Suns,Player Goals - Caiden Cleary (SYD),45222465,Caiden Cleary 1+,NA,1,NA,258061518,NA
Gold Coast Suns v Sydney Swans,Gold Coast Suns,Sydney Swans,Player Goals,Caiden Cleary,Sydney Swans,1.5,6.25,NA,BetRight,Gold Coast Suns,Player Goals - Caiden Cleary (SYD),45222465,Caiden Cleary 2+,NA,2,NA,258061517,NA
Gold Coast Suns v Sydney Swans,Gold Coast Suns,Sydney Swans,Player Goals,Brodie Grundy,Sydney Swans,0.5,3.55,NA,BetRight,Gold Coast Suns,Player Goals - Brodie Grundy (SYD),45222466,Brodie Grundy 1+,NA,1,NA,258061519,NA
Gold Coast Suns v Sydney Swans,Gold Coast Suns,Sydney Swans,Player Goals,Tom Hanily,Sydney Swans,0.5,1.34,NA,BetRight,Gold Coast Suns,Player Goals - Tom Hanily (SYD),45222467,Tom Hanily 1+,NA,1,NA,258061520,NA
Gold Coast Suns v Sydney Swans,Gold Coast Suns,Sydney Swans,Player Goals,Tom Hanily,Sydney Swans,1.5,2.55,NA,BetRight,Gold Coast Suns,Player Goals - Tom Hanily (SYD),45222467,Tom Hanily 2+,NA,2,NA,258061521,NA
Gold Coast Suns v Sydney Swans,Gold Coast Suns,Sydney Swans,Player Goals,Will Hayward,Sydney Swans,0.5,1.27,NA,BetRight,Gold Coast Suns,Player Goals - Will Hayward (SYD),45222468,Will Hayward 1+,NA,1,NA,258061524,NA
Gold Coast Suns v Sydney Swans,Gold Coast Suns,Sydney Swans,Player Goals,Will Hayward,Sydney Swans,1.5,2.3,NA,BetRight,Gold Coast Suns,Player Goals - Will Hayward (SYD),45222468,Will Hayward 2+,NA,2,NA,258061523,NA
Gold Coast Suns v Sydney Swans,Gold Coast Suns,Sydney Swans,Player Goals,Isaac Heeney,Sydney Swans,0.5,1.36,NA,BetRight,Gold Coast Suns,Player Goals - Isaac Heeney (SYD),45222469,Isaac Heeney 1+,NA,1,NA,258061526,NA
Gold Coast Suns v Sydney Swans,Gold Coast Suns,Sydney Swans,Player Goals,Isaac Heeney,Sydney Swans,1.5,2.55,NA,BetRight,Gold Coast Suns,Player Goals - Isaac Heeney (SYD),45222469,Isaac Heeney 2+,NA,2,NA,258061525,NA
Gold Coast Suns v Sydney Swans,Gold Coast Suns,Sydney Swans,Player Goals,James Jordon,Sydney Swans,0.5,3.05,NA,BetRight,Gold Coast Suns,Player Goals - James Jordon (SYD),45222470,James Jordon 1+,NA,1,NA,258061527,NA
Gold Coast Suns v Sydney Swans,Gold Coast Suns,Sydney Swans,Player Goals,Justin McInerney,Sydney Swans,0.5,3.05,NA,BetRight,Gold Coast Suns,Player Goals - Justin McInerney (SYD),45222471,Justin McInerney 1+,NA,1,NA,258061528,NA
Gold Coast Suns v Sydney Swans,Gold Coast Suns,Sydney Swans,Player Goals,Hayden McLean,Sydney Swans,0.5,1.18,NA,BetRight,Gold Coast Suns,Player Goals - Hayden McLean (SYD),45222472,Hayden McLean 1+,NA,1,NA,258061529,NA
Gold Coast Suns v Sydney Swans,Gold Coast Suns,Sydney Swans,Player Goals,Hayden McLean,Sydney Swans,1.5,1.83,NA,BetRight,Gold Coast Suns,Player Goals - Hayden McLean (SYD),45222472,Hayden McLean 2+,NA,2,NA,258061531,NA
Gold Coast Suns v Sydney Swans,Gold Coast Suns,Sydney Swans,Player Goals,Hayden McLean,Sydney Swans,2.5,3.55,NA,BetRight,Gold Coast Suns,Player Goals - Hayden McLean (SYD),45222472,Hayden McLean 3+,NA,3,NA,258061530,NA
Gold Coast Suns v Sydney Swans,Gold Coast Suns,Sydney Swans,Player Goals,James Rowbottom,Sydney Swans,0.5,3.05,NA,BetRight,Gold Coast Suns,Player Goals - James Rowbottom (SYD),45222473,James Rowbottom 1+,NA,1,NA,258061532,NA
Gold Coast Suns v Sydney Swans,Gold Coast Suns,Sydney Swans,Player Goals,Chad Warner,Sydney Swans,0.5,1.26,NA,BetRight,Gold Coast Suns,Player Goals - Chad Warner (SYD),45222474,Chad Warner 1+,NA,1,NA,258061534,NA
Gold Coast Suns v Sydney Swans,Gold Coast Suns,Sydney Swans,Player Goals,Chad Warner,Sydney Swans,1.5,2.15,NA,BetRight,Gold Coast Suns,Player Goals - Chad Warner (SYD),45222474,Chad Warner 2+,NA,2,NA,258061533,NA
Gold Coast Suns v Sydney Swans,Gold Coast Suns,Sydney Swans,Player Goals,Corey Warner,Sydney Swans,0.5,1.91,NA,BetRight,Gold Coast Suns,Player Goals - Corey Warner (SYD),45222475,Corey Warner 1+,NA,1,NA,258061535,NA
Gold Coast Suns v Sydney Swans,Gold Coast Suns,Sydney Swans,Player Goals,Corey Warner,Sydney Swans,1.5,5.5,NA,BetRight,Gold Coast Suns,Player Goals - Corey Warner (SYD),45222475,Corey Warner 2+,NA,2,NA,258061536,NA
Gold Coast Suns v Sydney Swans,Gold Coast Suns,Sydney Swans,Player Goals,Connor Budarick,Gold Coast Suns,0.5,2.8,NA,BetRight,Sydney Swans,Player Goals - Connor Budarick (GCFC),45316397,Connor Budarick 1+,NA,1,NA,258447698,NA
Gold Coast Suns v Sydney Swans,Gold Coast Suns,Sydney Swans,Player Goals,Joel Jeffrey,Gold Coast Suns,0.5,3.95,NA,BetRight,Sydney Swans,Player Goals - Joel Jeffrey (GCFC),45316399,Joel Jeffrey 1+,NA,1,NA,258447702,NA
Gold Coast Suns v Sydney Swans,Gold Coast Suns,Sydney Swans,Player Goals,John Noble,Gold Coast Suns,0.5,3.25,NA,BetRight,Sydney Swans,Player Goals - John Noble (GCFC),45316400,John Noble 1+,NA,1,NA,258447705,NA
Gold Coast Suns v Sydney Swans,Gold Coast Suns,Sydney Swans,Player Goals,Wil Powell,Gold Coast Suns,0.5,3.95,NA,BetRight,Sydney Swans,Player Goals - Wil Powell (GCFC),45316401,Wil Powell 1+,NA,1,NA,258447708,NA
Gold Coast Suns v Sydney Swans,Gold Coast Suns,Sydney Swans,Player Goals,Daniel Rioli,Gold Coast Suns,0.5,2.8,NA,BetRight,Sydney Swans,Player Goals - Daniel Rioli (GCFC),45316402,Daniel Rioli 1+,NA,1,NA,258447709,NA
Gold Coast Suns v Sydney Swans,Gold Coast Suns,Sydney Swans,Player Goals,Bodhi Uwland,Gold Coast Suns,0.5,3.95,NA,BetRight,Sydney Swans,Player Goals - Bodhi Uwland (GCFC),45316403,Bodhi Uwland 1+,NA,1,NA,258447710,NA
Gold Coast Suns v Sydney Swans,Gold Coast Suns,Sydney Swans,Player Goals,Riley Bice,Sydney Swans,0.5,3.45,NA,BetRight,Gold Coast Suns,Player Goals - Riley Bice (SYD),45316555,Riley Bice 1+,NA,1,NA,258448778,NA
Gold Coast Suns v Sydney Swans,Gold Coast Suns,Sydney Swans,Player Goals,Nick Blakey,Sydney Swans,0.5,2.95,NA,BetRight,Gold Coast Suns,Player Goals - Nick Blakey (SYD),45316556,Nick Blakey 1+,NA,1,NA,258448779,NA
Gold Coast Suns v Sydney Swans,Gold Coast Suns,Sydney Swans,Player Goals,Oliver Florent,Sydney Swans,0.5,2.95,NA,BetRight,Gold Coast Suns,Player Goals - Oliver Florent (SYD),45316557,Oliver Florent 1+,NA,1,NA,258448780,NA
Gold Coast Suns v Sydney Swans,Gold Coast Suns,Sydney Swans,Player Goals,Aaron Francis,Sydney Swans,0.5,1.41,NA,BetRight,Gold Coast Suns,Player Goals - Aaron Francis (SYD),45316558,Aaron Francis 1+,NA,1,NA,258448781,NA
Gold Coast Suns v Sydney Swans,Gold Coast Suns,Sydney Swans,Player Goals,Aaron Francis,Sydney Swans,1.5,2.85,NA,BetRight,Gold Coast Suns,Player Goals - Aaron Francis (SYD),45316558,Aaron Francis 2+,NA,2,NA,258448782,NA
Gold Coast Suns v Sydney Swans,Gold Coast Suns,Sydney Swans,Player Goals,Jake Lloyd,Sydney Swans,0.5,3.05,NA,BetRight,Gold Coast Suns,Player Goals - Jake Lloyd (SYD),45316560,Jake Lloyd 1+,NA,1,NA,258448784,NA
Gold Coast Suns v Sydney Swans,Gold Coast Suns,Sydney Swans,Player Goals,Lewis Melican,Sydney Swans,0.5,3.95,NA,BetRight,Gold Coast Suns,Player Goals - Lewis Melican (SYD),45316562,Lewis Melican 1+,NA,1,NA,258448790,NA
Gold Coast Suns v Sydney Swans,Gold Coast Suns,Sydney Swans,Player Goals,Matthew Roberts,NA,0.5,3.95,NA,BetRight,NA,Player Goals - Matthew Roberts (SYD),45316563,Matthew Roberts 1+,NA,1,NA,258448791,NA
Gold Coast Suns v Sydney Swans,Gold Coast Suns,Sydney Swans,Player Goals,Mac Andrew,Gold Coast Suns,0.5,3.55,NA,BetRight,Sydney Swans,Player Goals - Mac Andrew (GCFC),45350328,Mac Andrew 1+,NA,1,NA,258585530,NA
Gold Coast Suns v Sydney Swans,Gold Coast Suns,Sydney Swans,Player Goals,Nick Holman,Gold Coast Suns,0.5,2.35,NA,BetRight,Sydney Swans,Player Goals - Nick Holman (GCFC),45350329,Nick Holman 1+,NA,1,NA,258585531,NA
Gold Coast Suns v Sydney Swans,Gold Coast Suns,Sydney Swans,Player Goals,Peter Ladhams,Sydney Swans,0.5,1.86,NA,BetRight,Gold Coast Suns,Player Goals - Peter Ladhams (SYD),45350330,Peter Ladhams 1+,NA,1,NA,258585532,NA
Gold Coast Suns v Sydney Swans,Gold Coast Suns,Sydney Swans,Player Goals,Peter Ladhams,Sydney Swans,1.5,5.25,NA,BetRight,Gold Coast Suns,Player Goals - Peter Ladhams (SYD),45350330,Peter Ladhams 2+,NA,2,NA,258585533,NA
Gold Coast Suns v Sydney Swans,Gold Coast Suns,Sydney Swans,Player Goals,Dane Rampe,Sydney Swans,0.5,3.95,NA,BetRight,Gold Coast Suns,Player Goals - Dane Rampe (SYD),45350331,Dane Rampe 1+,NA,1,NA,258585534,NA
Gold Coast Suns v Sydney Swans,Gold Coast Suns,Sydney Swans,Player Goals,Ben Paton,Sydney Swans,0.5,3.95,NA,BetRight,Gold Coast Suns,Player Goals - Ben Paton (SYD),45350761,Ben Paton 1+,NA,1,NA,258587178,NA
