match,home_team,away_team,market_name,player_name,player_team,line,over_price,under_price,agency,opposition_team,EventKey,MarketKey,OutcomeKey,OutcomeKey_unders
Fremantle Dockers v St Kilda Saints,Fremantle Dockers,St Kilda Saints,Player Disposals,Yes,NA,39.5,4.5,NA,Pointsbet,NA,2325093,90448394,1,NA
Fremantle Dockers v St Kilda Saints,Fremantle Dockers,St Kilda Saints,Player Disposals,No,NA,39.5,1.18,NA,Pointsbet,NA,2325093,90448394,2,NA
Fremantle Dockers v St Kilda Saints,Fremantle Dockers,St Kilda Saints,Player Disposals,Luke Jackson,Fremantle Dockers,9.5,1.04,NA,Pointsbet,St Kilda Saints,2325093,90501610,4,NA
Fremantle Dockers v St Kilda Saints,Fremantle Dockers,St Kilda Saints,Player Disposals,Josh Treacy,Fremantle Dockers,9.5,1.18,NA,Pointsbet,St Kilda Saints,2325093,90501610,6,NA
Fremantle Dockers v St Kilda Saints,Fremantle Dockers,St Kilda Saints,Player Disposals,Heath Chapman,Fremantle Dockers,9.5,1.08,NA,Pointsbet,St Kilda Saints,2325093,90501610,8,NA
Fremantle Dockers v St Kilda Saints,Fremantle Dockers,St Kilda Saints,Player Disposals,Patrick Voss,Fremantle Dockers,9.5,1.33,NA,Pointsbet,St Kilda Saints,2325093,90501610,10,NA
Fremantle Dockers v St Kilda Saints,Fremantle Dockers,St Kilda Saints,Player Disposals,Neil Erasmus,Fremantle Dockers,9.5,1.04,NA,Pointsbet,St Kilda Saints,2325093,90501610,11,NA
Fremantle Dockers v St Kilda Saints,Fremantle Dockers,St Kilda Saints,Player Disposals,Jye Amiss,Fremantle Dockers,9.5,1.71,NA,Pointsbet,St Kilda Saints,2325093,90501610,12,NA
Fremantle Dockers v St Kilda Saints,Fremantle Dockers,St Kilda Saints,Player Disposals,Karl Worner,Fremantle Dockers,9.5,1.09,NA,Pointsbet,St Kilda Saints,2325093,90501610,14,NA
Fremantle Dockers v St Kilda Saints,Fremantle Dockers,St Kilda Saints,Player Disposals,Murphy Reid,NA,9.5,1.13,NA,Pointsbet,NA,2325093,90501610,15,NA
Fremantle Dockers v St Kilda Saints,Fremantle Dockers,St Kilda Saints,Player Disposals,Corey Wagner,Fremantle Dockers,9.5,1.06,NA,Pointsbet,St Kilda Saints,2325093,90501610,18,NA
Fremantle Dockers v St Kilda Saints,Fremantle Dockers,St Kilda Saints,Player Disposals,Brennan Cox,Fremantle Dockers,9.5,1.27,NA,Pointsbet,St Kilda Saints,2325093,90501610,20,NA
Fremantle Dockers v St Kilda Saints,Fremantle Dockers,St Kilda Saints,Player Disposals,Bailey Banfield,Fremantle Dockers,9.5,1.16,NA,Pointsbet,St Kilda Saints,2325093,90501610,21,NA
Fremantle Dockers v St Kilda Saints,Fremantle Dockers,St Kilda Saints,Player Disposals,Michael Frederick,Fremantle Dockers,9.5,1.4,NA,Pointsbet,St Kilda Saints,2325093,90501610,23,NA
Fremantle Dockers v St Kilda Saints,Fremantle Dockers,St Kilda Saints,Player Disposals,Jack Higgins,St Kilda Saints,9.5,1.4,NA,Pointsbet,Fremantle Dockers,2325093,90501610,24,NA
Fremantle Dockers v St Kilda Saints,Fremantle Dockers,St Kilda Saints,Player Disposals,Hunter Clark,St Kilda Saints,9.5,1.04,NA,Pointsbet,Fremantle Dockers,2325093,90501610,25,NA
Fremantle Dockers v St Kilda Saints,Fremantle Dockers,St Kilda Saints,Player Disposals,Liam Stocker,St Kilda Saints,9.5,1.24,NA,Pointsbet,Fremantle Dockers,2325093,90501610,26,NA
Fremantle Dockers v St Kilda Saints,Fremantle Dockers,St Kilda Saints,Player Disposals,Isaac Keeler,St Kilda Saints,9.5,1.33,NA,Pointsbet,Fremantle Dockers,2325093,90501610,29,NA
Fremantle Dockers v St Kilda Saints,Fremantle Dockers,St Kilda Saints,Player Disposals,Cooper Sharman,St Kilda Saints,9.5,1.24,NA,Pointsbet,Fremantle Dockers,2325093,90501610,31,NA
Fremantle Dockers v St Kilda Saints,Fremantle Dockers,St Kilda Saints,Player Disposals,Max Hall,St Kilda Saints,9.5,1.16,NA,Pointsbet,Fremantle Dockers,2325093,90501610,32,NA
Fremantle Dockers v St Kilda Saints,Fremantle Dockers,St Kilda Saints,Player Disposals,Mitch Owens,St Kilda Saints,9.5,1.16,NA,Pointsbet,Fremantle Dockers,2325093,90501610,34,NA
Fremantle Dockers v St Kilda Saints,Fremantle Dockers,St Kilda Saints,Player Disposals,Anthony Caminiti,St Kilda Saints,9.5,1.13,NA,Pointsbet,Fremantle Dockers,2325093,90501610,35,NA
Fremantle Dockers v St Kilda Saints,Fremantle Dockers,St Kilda Saints,Player Disposals,Tobie Travaglia,St Kilda Saints,9.5,1.13,NA,Pointsbet,Fremantle Dockers,2325093,90501610,36,NA
Fremantle Dockers v St Kilda Saints,Fremantle Dockers,St Kilda Saints,Player Disposals,Mason Wood,St Kilda Saints,9.5,1.08,NA,Pointsbet,Fremantle Dockers,2325093,90501610,38,NA
Fremantle Dockers v St Kilda Saints,Fremantle Dockers,St Kilda Saints,Player Disposals,Dan Butler,St Kilda Saints,9.5,1.31,NA,Pointsbet,Fremantle Dockers,2325093,90501610,44,NA
Fremantle Dockers v St Kilda Saints,Fremantle Dockers,St Kilda Saints,Player Disposals,Rowan Marshall,St Kilda Saints,9.5,1.04,NA,Pointsbet,Fremantle Dockers,2325093,90501610,45,NA
Fremantle Dockers v St Kilda Saints,Fremantle Dockers,St Kilda Saints,Player Disposals,Alixzander Tauru,St Kilda Saints,9.5,1.33,NA,Pointsbet,Fremantle Dockers,2325093,90501610,47,NA
Fremantle Dockers v St Kilda Saints,Fremantle Dockers,St Kilda Saints,Player Disposals,Darcy Wilson,St Kilda Saints,9.5,1.04,NA,Pointsbet,Fremantle Dockers,2325093,90501610,48,NA
Fremantle Dockers v St Kilda Saints,Fremantle Dockers,St Kilda Saints,Player Disposals,Isaiah Dudley,Fremantle Dockers,9.5,1.57,NA,Pointsbet,St Kilda Saints,2325093,90501610,51,NA
Fremantle Dockers v St Kilda Saints,Fremantle Dockers,St Kilda Saints,Player Disposals,Oscar Mcdonald,NA,9.5,1.57,NA,Pointsbet,NA,2325093,90501610,52,NA
Fremantle Dockers v St Kilda Saints,Fremantle Dockers,St Kilda Saints,Player Disposals,Sean Darcy,Fremantle Dockers,9.5,1.48,NA,Pointsbet,St Kilda Saints,2325093,90501610,53,NA
Fremantle Dockers v St Kilda Saints,Fremantle Dockers,St Kilda Saints,Player Disposals,Hugo Garcia,St Kilda Saints,9.5,1.04,NA,Pointsbet,Fremantle Dockers,2325093,90501610,54,NA
Fremantle Dockers v St Kilda Saints,Fremantle Dockers,St Kilda Saints,Player Disposals,Liam Henry,St Kilda Saints,9.5,1.04,NA,Pointsbet,Fremantle Dockers,2325093,90501610,55,NA
Fremantle Dockers v St Kilda Saints,Fremantle Dockers,St Kilda Saints,Player Disposals,Luke Jackson,Fremantle Dockers,14.5,1.33,NA,Pointsbet,St Kilda Saints,2325093,90501611,4,NA
Fremantle Dockers v St Kilda Saints,Fremantle Dockers,St Kilda Saints,Player Disposals,Josh Treacy,Fremantle Dockers,14.5,2.25,NA,Pointsbet,St Kilda Saints,2325093,90501611,6,NA
Fremantle Dockers v St Kilda Saints,Fremantle Dockers,St Kilda Saints,Player Disposals,Nathan O'driscoll,NA,14.5,1.13,NA,Pointsbet,NA,2325093,90501611,7,NA
Fremantle Dockers v St Kilda Saints,Fremantle Dockers,St Kilda Saints,Player Disposals,Heath Chapman,Fremantle Dockers,14.5,1.59,NA,Pointsbet,St Kilda Saints,2325093,90501611,8,NA
Fremantle Dockers v St Kilda Saints,Fremantle Dockers,St Kilda Saints,Player Disposals,Matthew Johnson,Fremantle Dockers,14.5,1.25,NA,Pointsbet,St Kilda Saints,2325093,90501611,9,NA
Fremantle Dockers v St Kilda Saints,Fremantle Dockers,St Kilda Saints,Player Disposals,Patrick Voss,Fremantle Dockers,14.5,3.3,NA,Pointsbet,St Kilda Saints,2325093,90501611,10,NA
Fremantle Dockers v St Kilda Saints,Fremantle Dockers,St Kilda Saints,Player Disposals,Neil Erasmus,Fremantle Dockers,14.5,1.31,NA,Pointsbet,St Kilda Saints,2325093,90501611,11,NA
Fremantle Dockers v St Kilda Saints,Fremantle Dockers,St Kilda Saints,Player Disposals,Jye Amiss,Fremantle Dockers,14.5,6,NA,Pointsbet,St Kilda Saints,2325093,90501611,12,NA
Fremantle Dockers v St Kilda Saints,Fremantle Dockers,St Kilda Saints,Player Disposals,Karl Worner,Fremantle Dockers,14.5,1.63,NA,Pointsbet,St Kilda Saints,2325093,90501611,14,NA
Fremantle Dockers v St Kilda Saints,Fremantle Dockers,St Kilda Saints,Player Disposals,Murphy Reid,NA,14.5,1.9,NA,Pointsbet,NA,2325093,90501611,15,NA
Fremantle Dockers v St Kilda Saints,Fremantle Dockers,St Kilda Saints,Player Disposals,Corey Wagner,Fremantle Dockers,14.5,1.4,NA,Pointsbet,St Kilda Saints,2325093,90501611,18,NA
Fremantle Dockers v St Kilda Saints,Fremantle Dockers,St Kilda Saints,Player Disposals,Shai Bolton,Fremantle Dockers,14.5,1.24,NA,Pointsbet,St Kilda Saints,2325093,90501611,19,NA
Fremantle Dockers v St Kilda Saints,Fremantle Dockers,St Kilda Saints,Player Disposals,Brennan Cox,Fremantle Dockers,14.5,2.75,NA,Pointsbet,St Kilda Saints,2325093,90501611,20,NA
Fremantle Dockers v St Kilda Saints,Fremantle Dockers,St Kilda Saints,Player Disposals,Bailey Banfield,Fremantle Dockers,14.5,2.05,NA,Pointsbet,St Kilda Saints,2325093,90501611,21,NA
Fremantle Dockers v St Kilda Saints,Fremantle Dockers,St Kilda Saints,Player Disposals,Luke Ryan,Fremantle Dockers,14.5,1.06,NA,Pointsbet,St Kilda Saints,2325093,90501611,22,NA
Fremantle Dockers v St Kilda Saints,Fremantle Dockers,St Kilda Saints,Player Disposals,Michael Frederick,Fremantle Dockers,14.5,3.6,NA,Pointsbet,St Kilda Saints,2325093,90501611,23,NA
Fremantle Dockers v St Kilda Saints,Fremantle Dockers,St Kilda Saints,Player Disposals,Jack Higgins,St Kilda Saints,14.5,3.8,NA,Pointsbet,Fremantle Dockers,2325093,90501611,24,NA
Fremantle Dockers v St Kilda Saints,Fremantle Dockers,St Kilda Saints,Player Disposals,Hunter Clark,St Kilda Saints,14.5,1.33,NA,Pointsbet,Fremantle Dockers,2325093,90501611,25,NA
Fremantle Dockers v St Kilda Saints,Fremantle Dockers,St Kilda Saints,Player Disposals,Liam Stocker,St Kilda Saints,14.5,2.45,NA,Pointsbet,Fremantle Dockers,2325093,90501611,26,NA
Fremantle Dockers v St Kilda Saints,Fremantle Dockers,St Kilda Saints,Player Disposals,Isaac Keeler,St Kilda Saints,14.5,3.2,NA,Pointsbet,Fremantle Dockers,2325093,90501611,29,NA
Fremantle Dockers v St Kilda Saints,Fremantle Dockers,St Kilda Saints,Player Disposals,Cooper Sharman,St Kilda Saints,14.5,2.45,NA,Pointsbet,Fremantle Dockers,2325093,90501611,31,NA
Fremantle Dockers v St Kilda Saints,Fremantle Dockers,St Kilda Saints,Player Disposals,Max Hall,St Kilda Saints,14.5,2.05,NA,Pointsbet,Fremantle Dockers,2325093,90501611,32,NA
Fremantle Dockers v St Kilda Saints,Fremantle Dockers,St Kilda Saints,Player Disposals,Marcus Windhager,St Kilda Saints,14.5,1.24,NA,Pointsbet,Fremantle Dockers,2325093,90501611,33,NA
Fremantle Dockers v St Kilda Saints,Fremantle Dockers,St Kilda Saints,Player Disposals,Mitch Owens,St Kilda Saints,14.5,2.05,NA,Pointsbet,Fremantle Dockers,2325093,90501611,34,NA
Fremantle Dockers v St Kilda Saints,Fremantle Dockers,St Kilda Saints,Player Disposals,Anthony Caminiti,St Kilda Saints,14.5,1.9,NA,Pointsbet,Fremantle Dockers,2325093,90501611,35,NA
Fremantle Dockers v St Kilda Saints,Fremantle Dockers,St Kilda Saints,Player Disposals,Tobie Travaglia,St Kilda Saints,14.5,1.87,NA,Pointsbet,Fremantle Dockers,2325093,90501611,36,NA
Fremantle Dockers v St Kilda Saints,Fremantle Dockers,St Kilda Saints,Player Disposals,Mason Wood,St Kilda Saints,14.5,1.53,NA,Pointsbet,Fremantle Dockers,2325093,90501611,38,NA
Fremantle Dockers v St Kilda Saints,Fremantle Dockers,St Kilda Saints,Player Disposals,Jack Steele,St Kilda Saints,14.5,1.1,NA,Pointsbet,Fremantle Dockers,2325093,90501611,41,NA
Fremantle Dockers v St Kilda Saints,Fremantle Dockers,St Kilda Saints,Player Disposals,Callum Wilkie,St Kilda Saints,14.5,1.11,NA,Pointsbet,Fremantle Dockers,2325093,90501611,42,NA
Fremantle Dockers v St Kilda Saints,Fremantle Dockers,St Kilda Saints,Player Disposals,Dan Butler,St Kilda Saints,14.5,3.2,NA,Pointsbet,Fremantle Dockers,2325093,90501611,44,NA
Fremantle Dockers v St Kilda Saints,Fremantle Dockers,St Kilda Saints,Player Disposals,Rowan Marshall,St Kilda Saints,14.5,1.33,NA,Pointsbet,Fremantle Dockers,2325093,90501611,45,NA
Fremantle Dockers v St Kilda Saints,Fremantle Dockers,St Kilda Saints,Player Disposals,Alixzander Tauru,St Kilda Saints,14.5,3.2,NA,Pointsbet,Fremantle Dockers,2325093,90501611,47,NA
Fremantle Dockers v St Kilda Saints,Fremantle Dockers,St Kilda Saints,Player Disposals,Darcy Wilson,St Kilda Saints,14.5,1.33,NA,Pointsbet,Fremantle Dockers,2325093,90501611,48,NA
Fremantle Dockers v St Kilda Saints,Fremantle Dockers,St Kilda Saints,Player Disposals,Isaiah Dudley,Fremantle Dockers,14.5,5.25,NA,Pointsbet,St Kilda Saints,2325093,90501611,51,NA
Fremantle Dockers v St Kilda Saints,Fremantle Dockers,St Kilda Saints,Player Disposals,Oscar Mcdonald,NA,14.5,5.5,NA,Pointsbet,NA,2325093,90501611,52,NA
Fremantle Dockers v St Kilda Saints,Fremantle Dockers,St Kilda Saints,Player Disposals,Sean Darcy,Fremantle Dockers,14.5,4.3,NA,Pointsbet,St Kilda Saints,2325093,90501611,53,NA
Fremantle Dockers v St Kilda Saints,Fremantle Dockers,St Kilda Saints,Player Disposals,Hugo Garcia,St Kilda Saints,14.5,1.4,NA,Pointsbet,Fremantle Dockers,2325093,90501611,54,NA
Fremantle Dockers v St Kilda Saints,Fremantle Dockers,St Kilda Saints,Player Disposals,Liam Henry,St Kilda Saints,14.5,1.36,NA,Pointsbet,Fremantle Dockers,2325093,90501611,55,NA
Fremantle Dockers v St Kilda Saints,Fremantle Dockers,St Kilda Saints,Player Disposals,Andrew Brayshaw,Fremantle Dockers,19.5,1.04,NA,Pointsbet,St Kilda Saints,2325093,90501612,1,NA
Fremantle Dockers v St Kilda Saints,Fremantle Dockers,St Kilda Saints,Player Disposals,Jordan Clark,Fremantle Dockers,19.5,1.13,NA,Pointsbet,St Kilda Saints,2325093,90501612,2,NA
Fremantle Dockers v St Kilda Saints,Fremantle Dockers,St Kilda Saints,Player Disposals,Luke Jackson,Fremantle Dockers,19.5,2.65,NA,Pointsbet,St Kilda Saints,2325093,90501612,4,NA
Fremantle Dockers v St Kilda Saints,Fremantle Dockers,St Kilda Saints,Player Disposals,Caleb Serong,Fremantle Dockers,19.5,1.06,NA,Pointsbet,St Kilda Saints,2325093,90501612,5,NA
Fremantle Dockers v St Kilda Saints,Fremantle Dockers,St Kilda Saints,Player Disposals,Josh Treacy,Fremantle Dockers,19.5,8,NA,Pointsbet,St Kilda Saints,2325093,90501612,6,NA
Fremantle Dockers v St Kilda Saints,Fremantle Dockers,St Kilda Saints,Player Disposals,Nathan O'driscoll,NA,19.5,1.67,NA,Pointsbet,NA,2325093,90501612,7,NA
Fremantle Dockers v St Kilda Saints,Fremantle Dockers,St Kilda Saints,Player Disposals,Heath Chapman,Fremantle Dockers,19.5,4,NA,Pointsbet,St Kilda Saints,2325093,90501612,8,NA
Fremantle Dockers v St Kilda Saints,Fremantle Dockers,St Kilda Saints,Player Disposals,Matthew Johnson,Fremantle Dockers,19.5,2.2,NA,Pointsbet,St Kilda Saints,2325093,90501612,9,NA
Fremantle Dockers v St Kilda Saints,Fremantle Dockers,St Kilda Saints,Player Disposals,Patrick Voss,Fremantle Dockers,19.5,16,NA,Pointsbet,St Kilda Saints,2325093,90501612,10,NA
Fremantle Dockers v St Kilda Saints,Fremantle Dockers,St Kilda Saints,Player Disposals,Neil Erasmus,Fremantle Dockers,19.5,2.65,NA,Pointsbet,St Kilda Saints,2325093,90501612,11,NA
Fremantle Dockers v St Kilda Saints,Fremantle Dockers,St Kilda Saints,Player Disposals,Karl Worner,Fremantle Dockers,19.5,4.1,NA,Pointsbet,St Kilda Saints,2325093,90501612,14,NA
Fremantle Dockers v St Kilda Saints,Fremantle Dockers,St Kilda Saints,Player Disposals,Murphy Reid,NA,19.5,5.75,NA,Pointsbet,NA,2325093,90501612,15,NA
Fremantle Dockers v St Kilda Saints,Fremantle Dockers,St Kilda Saints,Player Disposals,Corey Wagner,Fremantle Dockers,19.5,2.9,NA,Pointsbet,St Kilda Saints,2325093,90501612,18,NA
Fremantle Dockers v St Kilda Saints,Fremantle Dockers,St Kilda Saints,Player Disposals,Shai Bolton,Fremantle Dockers,19.5,2.2,NA,Pointsbet,St Kilda Saints,2325093,90501612,19,NA
Fremantle Dockers v St Kilda Saints,Fremantle Dockers,St Kilda Saints,Player Disposals,Brennan Cox,Fremantle Dockers,19.5,13,NA,Pointsbet,St Kilda Saints,2325093,90501612,20,NA
Fremantle Dockers v St Kilda Saints,Fremantle Dockers,St Kilda Saints,Player Disposals,Bailey Banfield,Fremantle Dockers,19.5,6.5,NA,Pointsbet,St Kilda Saints,2325093,90501612,21,NA
Fremantle Dockers v St Kilda Saints,Fremantle Dockers,St Kilda Saints,Player Disposals,Luke Ryan,Fremantle Dockers,19.5,1.36,NA,Pointsbet,St Kilda Saints,2325093,90501612,22,NA
Fremantle Dockers v St Kilda Saints,Fremantle Dockers,St Kilda Saints,Player Disposals,Michael Frederick,Fremantle Dockers,19.5,21,NA,Pointsbet,St Kilda Saints,2325093,90501612,23,NA
Fremantle Dockers v St Kilda Saints,Fremantle Dockers,St Kilda Saints,Player Disposals,Jack Higgins,St Kilda Saints,19.5,21,NA,Pointsbet,Fremantle Dockers,2325093,90501612,24,NA
Fremantle Dockers v St Kilda Saints,Fremantle Dockers,St Kilda Saints,Player Disposals,Hunter Clark,St Kilda Saints,19.5,2.65,NA,Pointsbet,Fremantle Dockers,2325093,90501612,25,NA
Fremantle Dockers v St Kilda Saints,Fremantle Dockers,St Kilda Saints,Player Disposals,Liam Stocker,St Kilda Saints,19.5,9.5,NA,Pointsbet,Fremantle Dockers,2325093,90501612,26,NA
Fremantle Dockers v St Kilda Saints,Fremantle Dockers,St Kilda Saints,Player Disposals,Isaac Keeler,St Kilda Saints,19.5,16,NA,Pointsbet,Fremantle Dockers,2325093,90501612,29,NA
Fremantle Dockers v St Kilda Saints,Fremantle Dockers,St Kilda Saints,Player Disposals,Nasiah Wanganeen-Milera,St Kilda Saints,19.5,1.06,NA,Pointsbet,Fremantle Dockers,2325093,90501612,30,NA
Fremantle Dockers v St Kilda Saints,Fremantle Dockers,St Kilda Saints,Player Disposals,Cooper Sharman,St Kilda Saints,19.5,9.5,NA,Pointsbet,Fremantle Dockers,2325093,90501612,31,NA
Fremantle Dockers v St Kilda Saints,Fremantle Dockers,St Kilda Saints,Player Disposals,Max Hall,St Kilda Saints,19.5,6.5,NA,Pointsbet,Fremantle Dockers,2325093,90501612,32,NA
Fremantle Dockers v St Kilda Saints,Fremantle Dockers,St Kilda Saints,Player Disposals,Marcus Windhager,St Kilda Saints,19.5,2.2,NA,Pointsbet,Fremantle Dockers,2325093,90501612,33,NA
Fremantle Dockers v St Kilda Saints,Fremantle Dockers,St Kilda Saints,Player Disposals,Mitch Owens,St Kilda Saints,19.5,6.5,NA,Pointsbet,Fremantle Dockers,2325093,90501612,34,NA
Fremantle Dockers v St Kilda Saints,Fremantle Dockers,St Kilda Saints,Player Disposals,Anthony Caminiti,St Kilda Saints,19.5,6.5,NA,Pointsbet,Fremantle Dockers,2325093,90501612,35,NA
Fremantle Dockers v St Kilda Saints,Fremantle Dockers,St Kilda Saints,Player Disposals,Tobie Travaglia,St Kilda Saints,19.5,5.75,NA,Pointsbet,Fremantle Dockers,2325093,90501612,36,NA
Fremantle Dockers v St Kilda Saints,Fremantle Dockers,St Kilda Saints,Player Disposals,Mason Wood,St Kilda Saints,19.5,3.6,NA,Pointsbet,Fremantle Dockers,2325093,90501612,38,NA
Fremantle Dockers v St Kilda Saints,Fremantle Dockers,St Kilda Saints,Player Disposals,Jack Macrae,St Kilda Saints,19.5,1.11,NA,Pointsbet,Fremantle Dockers,2325093,90501612,39,NA
Fremantle Dockers v St Kilda Saints,Fremantle Dockers,St Kilda Saints,Player Disposals,Jack Steele,St Kilda Saints,19.5,1.56,NA,Pointsbet,Fremantle Dockers,2325093,90501612,41,NA
Fremantle Dockers v St Kilda Saints,Fremantle Dockers,St Kilda Saints,Player Disposals,Callum Wilkie,St Kilda Saints,19.5,1.67,NA,Pointsbet,Fremantle Dockers,2325093,90501612,42,NA
Fremantle Dockers v St Kilda Saints,Fremantle Dockers,St Kilda Saints,Player Disposals,Dan Butler,St Kilda Saints,19.5,16,NA,Pointsbet,Fremantle Dockers,2325093,90501612,44,NA
Fremantle Dockers v St Kilda Saints,Fremantle Dockers,St Kilda Saints,Player Disposals,Rowan Marshall,St Kilda Saints,19.5,2.6,NA,Pointsbet,Fremantle Dockers,2325093,90501612,45,NA
Fremantle Dockers v St Kilda Saints,Fremantle Dockers,St Kilda Saints,Player Disposals,Jack Sinclair,St Kilda Saints,19.5,1.11,NA,Pointsbet,Fremantle Dockers,2325093,90501612,46,NA
Fremantle Dockers v St Kilda Saints,Fremantle Dockers,St Kilda Saints,Player Disposals,Alixzander Tauru,St Kilda Saints,19.5,16,NA,Pointsbet,Fremantle Dockers,2325093,90501612,47,NA
Fremantle Dockers v St Kilda Saints,Fremantle Dockers,St Kilda Saints,Player Disposals,Darcy Wilson,St Kilda Saints,19.5,2.65,NA,Pointsbet,Fremantle Dockers,2325093,90501612,48,NA
Fremantle Dockers v St Kilda Saints,Fremantle Dockers,St Kilda Saints,Player Disposals,Sean Darcy,Fremantle Dockers,19.5,26,NA,Pointsbet,St Kilda Saints,2325093,90501612,53,NA
Fremantle Dockers v St Kilda Saints,Fremantle Dockers,St Kilda Saints,Player Disposals,Hugo Garcia,St Kilda Saints,19.5,3,NA,Pointsbet,Fremantle Dockers,2325093,90501612,54,NA
Fremantle Dockers v St Kilda Saints,Fremantle Dockers,St Kilda Saints,Player Disposals,Liam Henry,St Kilda Saints,19.5,2.75,NA,Pointsbet,Fremantle Dockers,2325093,90501612,55,NA
Fremantle Dockers v St Kilda Saints,Fremantle Dockers,St Kilda Saints,Player Disposals,Andrew Brayshaw,Fremantle Dockers,24.5,1.24,NA,Pointsbet,St Kilda Saints,2325093,90501613,1,NA
Fremantle Dockers v St Kilda Saints,Fremantle Dockers,St Kilda Saints,Player Disposals,Jordan Clark,Fremantle Dockers,24.5,1.69,NA,Pointsbet,St Kilda Saints,2325093,90501613,2,NA
Fremantle Dockers v St Kilda Saints,Fremantle Dockers,St Kilda Saints,Player Disposals,Luke Jackson,Fremantle Dockers,24.5,9,NA,Pointsbet,St Kilda Saints,2325093,90501613,4,NA
Fremantle Dockers v St Kilda Saints,Fremantle Dockers,St Kilda Saints,Player Disposals,Caleb Serong,Fremantle Dockers,24.5,1.31,NA,Pointsbet,St Kilda Saints,2325093,90501613,5,NA
Fremantle Dockers v St Kilda Saints,Fremantle Dockers,St Kilda Saints,Player Disposals,Nathan O'driscoll,NA,24.5,3.8,NA,Pointsbet,NA,2325093,90501613,7,NA
Fremantle Dockers v St Kilda Saints,Fremantle Dockers,St Kilda Saints,Player Disposals,Heath Chapman,Fremantle Dockers,24.5,19,NA,Pointsbet,St Kilda Saints,2325093,90501613,8,NA
Fremantle Dockers v St Kilda Saints,Fremantle Dockers,St Kilda Saints,Player Disposals,Matthew Johnson,Fremantle Dockers,24.5,6,NA,Pointsbet,St Kilda Saints,2325093,90501613,9,NA
Fremantle Dockers v St Kilda Saints,Fremantle Dockers,St Kilda Saints,Player Disposals,Neil Erasmus,Fremantle Dockers,24.5,9,NA,Pointsbet,St Kilda Saints,2325093,90501613,11,NA
Fremantle Dockers v St Kilda Saints,Fremantle Dockers,St Kilda Saints,Player Disposals,Karl Worner,Fremantle Dockers,24.5,19,NA,Pointsbet,St Kilda Saints,2325093,90501613,14,NA
Fremantle Dockers v St Kilda Saints,Fremantle Dockers,St Kilda Saints,Player Disposals,Corey Wagner,Fremantle Dockers,24.5,11,NA,Pointsbet,St Kilda Saints,2325093,90501613,18,NA
Fremantle Dockers v St Kilda Saints,Fremantle Dockers,St Kilda Saints,Player Disposals,Shai Bolton,Fremantle Dockers,24.5,6.5,NA,Pointsbet,St Kilda Saints,2325093,90501613,19,NA
Fremantle Dockers v St Kilda Saints,Fremantle Dockers,St Kilda Saints,Player Disposals,Luke Ryan,Fremantle Dockers,24.5,2.5,NA,Pointsbet,St Kilda Saints,2325093,90501613,22,NA
Fremantle Dockers v St Kilda Saints,Fremantle Dockers,St Kilda Saints,Player Disposals,Hunter Clark,St Kilda Saints,24.5,9,NA,Pointsbet,Fremantle Dockers,2325093,90501613,25,NA
Fremantle Dockers v St Kilda Saints,Fremantle Dockers,St Kilda Saints,Player Disposals,Nasiah Wanganeen-Milera,St Kilda Saints,24.5,1.31,NA,Pointsbet,Fremantle Dockers,2325093,90501613,30,NA
Fremantle Dockers v St Kilda Saints,Fremantle Dockers,St Kilda Saints,Player Disposals,Marcus Windhager,St Kilda Saints,24.5,6,NA,Pointsbet,Fremantle Dockers,2325093,90501613,33,NA
Fremantle Dockers v St Kilda Saints,Fremantle Dockers,St Kilda Saints,Player Disposals,Mason Wood,St Kilda Saints,24.5,15,NA,Pointsbet,Fremantle Dockers,2325093,90501613,38,NA
Fremantle Dockers v St Kilda Saints,Fremantle Dockers,St Kilda Saints,Player Disposals,Jack Macrae,St Kilda Saints,24.5,1.56,NA,Pointsbet,Fremantle Dockers,2325093,90501613,39,NA
Fremantle Dockers v St Kilda Saints,Fremantle Dockers,St Kilda Saints,Player Disposals,Jack Steele,St Kilda Saints,24.5,3.2,NA,Pointsbet,Fremantle Dockers,2325093,90501613,41,NA
Fremantle Dockers v St Kilda Saints,Fremantle Dockers,St Kilda Saints,Player Disposals,Callum Wilkie,St Kilda Saints,24.5,3.8,NA,Pointsbet,Fremantle Dockers,2325093,90501613,42,NA
Fremantle Dockers v St Kilda Saints,Fremantle Dockers,St Kilda Saints,Player Disposals,Rowan Marshall,St Kilda Saints,24.5,9,NA,Pointsbet,Fremantle Dockers,2325093,90501613,45,NA
Fremantle Dockers v St Kilda Saints,Fremantle Dockers,St Kilda Saints,Player Disposals,Jack Sinclair,St Kilda Saints,24.5,1.53,NA,Pointsbet,Fremantle Dockers,2325093,90501613,46,NA
Fremantle Dockers v St Kilda Saints,Fremantle Dockers,St Kilda Saints,Player Disposals,Darcy Wilson,St Kilda Saints,24.5,9.5,NA,Pointsbet,Fremantle Dockers,2325093,90501613,48,NA
Fremantle Dockers v St Kilda Saints,Fremantle Dockers,St Kilda Saints,Player Disposals,Hugo Garcia,St Kilda Saints,24.5,11.5,NA,Pointsbet,Fremantle Dockers,2325093,90501613,54,NA
Fremantle Dockers v St Kilda Saints,Fremantle Dockers,St Kilda Saints,Player Disposals,Liam Henry,St Kilda Saints,24.5,9,NA,Pointsbet,Fremantle Dockers,2325093,90501613,55,NA
Fremantle Dockers v St Kilda Saints,Fremantle Dockers,St Kilda Saints,Player Disposals,Andrew Brayshaw,Fremantle Dockers,29.5,1.87,NA,Pointsbet,St Kilda Saints,2325093,90501614,1,NA
Fremantle Dockers v St Kilda Saints,Fremantle Dockers,St Kilda Saints,Player Disposals,Jordan Clark,Fremantle Dockers,29.5,3.5,NA,Pointsbet,St Kilda Saints,2325093,90501614,2,NA
Fremantle Dockers v St Kilda Saints,Fremantle Dockers,St Kilda Saints,Player Disposals,Caleb Serong,Fremantle Dockers,29.5,2.15,NA,Pointsbet,St Kilda Saints,2325093,90501614,5,NA
Fremantle Dockers v St Kilda Saints,Fremantle Dockers,St Kilda Saints,Player Disposals,Nathan O'driscoll,NA,29.5,14,NA,Pointsbet,NA,2325093,90501614,7,NA
Fremantle Dockers v St Kilda Saints,Fremantle Dockers,St Kilda Saints,Player Disposals,Luke Ryan,Fremantle Dockers,29.5,7,NA,Pointsbet,St Kilda Saints,2325093,90501614,22,NA
Fremantle Dockers v St Kilda Saints,Fremantle Dockers,St Kilda Saints,Player Disposals,Nasiah Wanganeen-Milera,St Kilda Saints,29.5,2.15,NA,Pointsbet,Fremantle Dockers,2325093,90501614,30,NA
Fremantle Dockers v St Kilda Saints,Fremantle Dockers,St Kilda Saints,Player Disposals,Jack Macrae,St Kilda Saints,29.5,3,NA,Pointsbet,Fremantle Dockers,2325093,90501614,39,NA
Fremantle Dockers v St Kilda Saints,Fremantle Dockers,St Kilda Saints,Player Disposals,Jack Steele,St Kilda Saints,29.5,11,NA,Pointsbet,Fremantle Dockers,2325093,90501614,41,NA
Fremantle Dockers v St Kilda Saints,Fremantle Dockers,St Kilda Saints,Player Disposals,Callum Wilkie,St Kilda Saints,29.5,13,NA,Pointsbet,Fremantle Dockers,2325093,90501614,42,NA
Fremantle Dockers v St Kilda Saints,Fremantle Dockers,St Kilda Saints,Player Disposals,Jack Sinclair,St Kilda Saints,29.5,2.9,NA,Pointsbet,Fremantle Dockers,2325093,90501614,46,NA
Fremantle Dockers v St Kilda Saints,Fremantle Dockers,St Kilda Saints,Player Disposals,Andrew Brayshaw,Fremantle Dockers,34.5,4,NA,Pointsbet,St Kilda Saints,2325093,90501615,1,NA
Fremantle Dockers v St Kilda Saints,Fremantle Dockers,St Kilda Saints,Player Disposals,Jordan Clark,Fremantle Dockers,34.5,11.5,NA,Pointsbet,St Kilda Saints,2325093,90501615,2,NA
Fremantle Dockers v St Kilda Saints,Fremantle Dockers,St Kilda Saints,Player Disposals,Caleb Serong,Fremantle Dockers,34.5,5,NA,Pointsbet,St Kilda Saints,2325093,90501615,5,NA
Fremantle Dockers v St Kilda Saints,Fremantle Dockers,St Kilda Saints,Player Disposals,Nasiah Wanganeen-Milera,St Kilda Saints,34.5,5,NA,Pointsbet,Fremantle Dockers,2325093,90501615,30,NA
Fremantle Dockers v St Kilda Saints,Fremantle Dockers,St Kilda Saints,Player Disposals,Jack Macrae,St Kilda Saints,34.5,8,NA,Pointsbet,Fremantle Dockers,2325093,90501615,39,NA
Fremantle Dockers v St Kilda Saints,Fremantle Dockers,St Kilda Saints,Player Disposals,Jack Sinclair,St Kilda Saints,34.5,7.5,NA,Pointsbet,Fremantle Dockers,2325093,90501615,46,NA
Fremantle Dockers v St Kilda Saints,Fremantle Dockers,St Kilda Saints,Player Disposals,Andrew Brayshaw,Fremantle Dockers,39.5,11.5,NA,Pointsbet,St Kilda Saints,2325093,90501616,1,NA
Fremantle Dockers v St Kilda Saints,Fremantle Dockers,St Kilda Saints,Player Disposals,Caleb Serong,Fremantle Dockers,39.5,18,NA,Pointsbet,St Kilda Saints,2325093,90501616,5,NA
Fremantle Dockers v St Kilda Saints,Fremantle Dockers,St Kilda Saints,Player Disposals,Nasiah Wanganeen-Milera,St Kilda Saints,39.5,16,NA,Pointsbet,Fremantle Dockers,2325093,90501616,30,NA
Fremantle Dockers v St Kilda Saints,Fremantle Dockers,St Kilda Saints,Player Disposals,Andrew Brayshaw,Fremantle Dockers,29.5,1.87,1.87,Pointsbet,St Kilda Saints,2325093,90554275,127,128
Fremantle Dockers v St Kilda Saints,Fremantle Dockers,St Kilda Saints,Player Disposals,Caleb Serong,Fremantle Dockers,28.5,1.87,1.87,Pointsbet,St Kilda Saints,2325093,90554275,175,176
Fremantle Dockers v St Kilda Saints,Fremantle Dockers,St Kilda Saints,Player Disposals,Callum Wilkie,St Kilda Saints,20.5,1.87,1.87,Pointsbet,Fremantle Dockers,2325093,90554275,121,122
Fremantle Dockers v St Kilda Saints,Fremantle Dockers,St Kilda Saints,Player Disposals,Jack Macrae,St Kilda Saints,26.5,1.9,1.83,Pointsbet,Fremantle Dockers,2325093,90554275,64,88
Fremantle Dockers v St Kilda Saints,Fremantle Dockers,St Kilda Saints,Player Disposals,Jack Sinclair,St Kilda Saints,26.5,1.87,1.87,Pointsbet,Fremantle Dockers,2325093,90554275,147,148
Fremantle Dockers v St Kilda Saints,Fremantle Dockers,St Kilda Saints,Player Disposals,Jack Steele,St Kilda Saints,21.5,1.95,1.8,Pointsbet,Fremantle Dockers,2325093,90554275,66,90
Fremantle Dockers v St Kilda Saints,Fremantle Dockers,St Kilda Saints,Player Disposals,Jordan Clark,Fremantle Dockers,25.5,1.87,1.87,Pointsbet,St Kilda Saints,2325093,90554275,2,25
Fremantle Dockers v St Kilda Saints,Fremantle Dockers,St Kilda Saints,Player Disposals,Luke Ryan,Fremantle Dockers,22.5,1.87,1.87,Pointsbet,St Kilda Saints,2325093,90554275,125,126
Fremantle Dockers v St Kilda Saints,Fremantle Dockers,St Kilda Saints,Player Disposals,Marcus Windhager,St Kilda Saints,18.5,1.87,1.87,Pointsbet,Fremantle Dockers,2325093,90554275,149,150
Fremantle Dockers v St Kilda Saints,Fremantle Dockers,St Kilda Saints,Player Disposals,Matthew Johnson,Fremantle Dockers,18.5,1.87,1.87,Pointsbet,St Kilda Saints,2325093,90554275,157,158
Fremantle Dockers v St Kilda Saints,Fremantle Dockers,St Kilda Saints,Player Disposals,Nasiah Wanganeen-Milera,St Kilda Saints,28.5,1.87,1.87,Pointsbet,Fremantle Dockers,2325093,90554275,145,146
Fremantle Dockers v St Kilda Saints,Fremantle Dockers,St Kilda Saints,Player Disposals,Nathan O'driscoll,NA,20.5,1.87,1.87,Pointsbet,NA,2325093,90554275,7,30
Fremantle Dockers v St Kilda Saints,Fremantle Dockers,St Kilda Saints,Player Disposals,Shai Bolton,Fremantle Dockers,18.5,1.87,1.87,Pointsbet,St Kilda Saints,2325093,90554275,168,170
