match,home_team,away_team,market_name,player_name,player_team,line,over_price,under_price,agency,opposition_team,class_external_id,competition_external_id,event_external_id,market_id,player_id,player_id_unders
Sydney Swans v Melbourne Demons,Sydney Swans,Melbourne Demons,Player Goals,Chad Warner,Sydney Swans,0.5,1.75,NA,Sportsbet,Melbourne Demons,103,17131,11384035,418607435,1871092830,NA
Sydney Swans v Melbourne Demons,Sydney Swans,Melbourne Demons,Player Goals,Errol Gulden,Sydney Swans,0.5,1.61,NA,Sportsbet,Melbourne Demons,103,17131,11384035,418607435,1871092832,NA
Sydney Swans v Melbourne Demons,Sydney Swans,Melbourne Demons,Player Goals,Hayden McLean,Sydney Swans,0.5,1.45,NA,Sportsbet,Melbourne Demons,103,17131,11384035,418607435,1871092829,NA
Sydney Swans v Melbourne Demons,Sydney Swans,Melbourne Demons,Player Goals,Isaac Heeney,Sydney Swans,0.5,1.41,NA,Sportsbet,Melbourne Demons,103,17131,11384035,418607435,1871092825,NA
Sydney Swans v Melbourne Demons,Sydney Swans,Melbourne Demons,Player Goals,Joel Amartey,Sydney Swans,0.5,1.33,NA,Sportsbet,Melbourne Demons,103,17131,11384035,418607435,1871092823,NA
Sydney Swans v Melbourne Demons,Sydney Swans,Melbourne Demons,Player Goals,Logan McDonald,Sydney Swans,0.5,1.24,NA,Sportsbet,Melbourne Demons,103,17131,11384035,418607435,1871092833,NA
Sydney Swans v Melbourne Demons,Sydney Swans,Melbourne Demons,Player Goals,Sam Wicks,Sydney Swans,0.5,1.74,NA,Sportsbet,Melbourne Demons,103,17131,11384035,418607435,1871092827,NA
Sydney Swans v Melbourne Demons,Sydney Swans,Melbourne Demons,Player Goals,Tom Papley,Sydney Swans,0.5,1.23,NA,Sportsbet,Melbourne Demons,103,17131,11384035,418607435,1871092826,NA
Sydney Swans v Melbourne Demons,Sydney Swans,Melbourne Demons,Player Goals,Will Hayward,Sydney Swans,0.5,1.54,NA,Sportsbet,Melbourne Demons,103,17131,11384035,418607435,1871092824,NA
Sydney Swans v Melbourne Demons,Sydney Swans,Melbourne Demons,Player Goals,Brodie Grundy,Sydney Swans,0.5,2.25,NA,Sportsbet,Melbourne Demons,103,17131,11384035,418607435,1871092834,NA
Sydney Swans v Melbourne Demons,Sydney Swans,Melbourne Demons,Player Goals,Justin McInerney,Sydney Swans,0.5,2.12,NA,Sportsbet,Melbourne Demons,103,17131,11384035,418607435,1871092828,NA
Sydney Swans v Melbourne Demons,Sydney Swans,Melbourne Demons,Player Goals,Braeden Campbell,Sydney Swans,0.5,3.6,NA,Sportsbet,Melbourne Demons,103,17131,11384035,418607435,1871092831,NA
Sydney Swans v Melbourne Demons,Sydney Swans,Melbourne Demons,Player Goals,James Jordon,Sydney Swans,0.5,3.15,NA,Sportsbet,Melbourne Demons,103,17131,11384035,418607435,1871092835,NA
Sydney Swans v Melbourne Demons,Sydney Swans,Melbourne Demons,Player Goals,Nick Blakey,Sydney Swans,0.5,4.25,NA,Sportsbet,Melbourne Demons,103,17131,11384035,418607435,1872674788,NA
Sydney Swans v Melbourne Demons,Sydney Swans,Melbourne Demons,Player Goals,Alex Neal-Bullen,Melbourne Demons,0.5,1.76,NA,Sportsbet,Sydney Swans,103,17131,11384035,418607435,1871095934,NA
Sydney Swans v Melbourne Demons,Sydney Swans,Melbourne Demons,Player Goals,Bayley Fritsch,Melbourne Demons,0.5,1.09,NA,Sportsbet,Sydney Swans,103,17131,11384035,418607435,1871095935,NA
Sydney Swans v Melbourne Demons,Sydney Swans,Melbourne Demons,Player Goals,Charlie Spargo,Melbourne Demons,0.5,1.88,NA,Sportsbet,Sydney Swans,103,17131,11384035,418607435,1872674789,NA
Sydney Swans v Melbourne Demons,Sydney Swans,Melbourne Demons,Player Goals,Christian Petracca,Melbourne Demons,0.5,1.41,NA,Sportsbet,Sydney Swans,103,17131,11384035,418607435,1871095936,NA
Sydney Swans v Melbourne Demons,Sydney Swans,Melbourne Demons,Player Goals,Jack Billings,Melbourne Demons,0.5,1.89,NA,Sportsbet,Sydney Swans,103,17131,11384035,418607435,1871095945,NA
Sydney Swans v Melbourne Demons,Sydney Swans,Melbourne Demons,Player Goals,Jacob van Rooyen,Melbourne Demons,0.5,1.27,NA,Sportsbet,Sydney Swans,103,17131,11384035,418607435,1871095943,NA
Sydney Swans v Melbourne Demons,Sydney Swans,Melbourne Demons,Player Goals,Josh Schache,Melbourne Demons,0.5,1.49,NA,Sportsbet,Sydney Swans,103,17131,11384035,418607435,1871095944,NA
Sydney Swans v Melbourne Demons,Sydney Swans,Melbourne Demons,Player Goals,Kade Chandler,Melbourne Demons,0.5,1.57,NA,Sportsbet,Sydney Swans,103,17131,11384035,418607435,1871095940,NA
Sydney Swans v Melbourne Demons,Sydney Swans,Melbourne Demons,Player Goals,Max Gawn,Melbourne Demons,0.5,1.9,NA,Sportsbet,Sydney Swans,103,17131,11384035,418607435,1871095939,NA
Sydney Swans v Melbourne Demons,Sydney Swans,Melbourne Demons,Player Goals,Tom Sparrow,Melbourne Demons,0.5,1.99,NA,Sportsbet,Sydney Swans,103,17131,11384035,418607435,1871095941,NA
Sydney Swans v Melbourne Demons,Sydney Swans,Melbourne Demons,Player Goals,Bailey Laurie,Melbourne Demons,0.5,2.45,NA,Sportsbet,Sydney Swans,103,17131,11384035,418607435,1871095942,NA
Sydney Swans v Melbourne Demons,Sydney Swans,Melbourne Demons,Player Goals,Caleb Windsor,Melbourne Demons,0.5,2.5,NA,Sportsbet,Sydney Swans,103,17131,11384035,418607435,1871095946,NA
Sydney Swans v Melbourne Demons,Sydney Swans,Melbourne Demons,Player Goals,Clayton Oliver,Melbourne Demons,0.5,3.1,NA,Sportsbet,Sydney Swans,103,17131,11384035,418607435,1871095937,NA
Sydney Swans v Melbourne Demons,Sydney Swans,Melbourne Demons,Player Goals,Jack Viney,Melbourne Demons,0.5,3.6,NA,Sportsbet,Sydney Swans,103,17131,11384035,418607435,1871095938,NA
Sydney Swans v Melbourne Demons,Sydney Swans,Melbourne Demons,Player Goals,Joel Amartey,Sydney Swans,1.5,2.6,NA,Sportsbet,Melbourne Demons,103,17131,11384035,418607440,1871092888,NA
Sydney Swans v Melbourne Demons,Sydney Swans,Melbourne Demons,Player Goals,Logan McDonald,Sydney Swans,1.5,2.15,NA,Sportsbet,Melbourne Demons,103,17131,11384035,418607440,1871092898,NA
Sydney Swans v Melbourne Demons,Sydney Swans,Melbourne Demons,Player Goals,Tom Papley,Sydney Swans,1.5,2.15,NA,Sportsbet,Melbourne Demons,103,17131,11384035,418607440,1871092891,NA
Sydney Swans v Melbourne Demons,Sydney Swans,Melbourne Demons,Player Goals,Hayden McLean,Sydney Swans,1.5,3.2,NA,Sportsbet,Melbourne Demons,103,17131,11384035,418607440,1871092894,NA
Sydney Swans v Melbourne Demons,Sydney Swans,Melbourne Demons,Player Goals,Isaac Heeney,Sydney Swans,1.5,3.05,NA,Sportsbet,Melbourne Demons,103,17131,11384035,418607440,1871092890,NA
Sydney Swans v Melbourne Demons,Sydney Swans,Melbourne Demons,Player Goals,Will Hayward,Sydney Swans,1.5,3.6,NA,Sportsbet,Melbourne Demons,103,17131,11384035,418607440,1871092889,NA
Sydney Swans v Melbourne Demons,Sydney Swans,Melbourne Demons,Player Goals,Chad Warner,Sydney Swans,1.5,4.9,NA,Sportsbet,Melbourne Demons,103,17131,11384035,418607440,1871092895,NA
Sydney Swans v Melbourne Demons,Sydney Swans,Melbourne Demons,Player Goals,Errol Gulden,Sydney Swans,1.5,4.1,NA,Sportsbet,Melbourne Demons,103,17131,11384035,418607440,1871092897,NA
Sydney Swans v Melbourne Demons,Sydney Swans,Melbourne Demons,Player Goals,Sam Wicks,Sydney Swans,1.5,4.8,NA,Sportsbet,Melbourne Demons,103,17131,11384035,418607440,1871092892,NA
Sydney Swans v Melbourne Demons,Sydney Swans,Melbourne Demons,Player Goals,Justin McInerney,Sydney Swans,1.5,7.25,NA,Sportsbet,Melbourne Demons,103,17131,11384035,418607440,1871092893,NA
Sydney Swans v Melbourne Demons,Sydney Swans,Melbourne Demons,Player Goals,Brodie Grundy,Sydney Swans,1.5,8.75,NA,Sportsbet,Melbourne Demons,103,17131,11384035,418607440,1871092899,NA
Sydney Swans v Melbourne Demons,Sydney Swans,Melbourne Demons,Player Goals,James Jordon,Sydney Swans,1.5,15,NA,Sportsbet,Melbourne Demons,103,17131,11384035,418607440,1871092900,NA
Sydney Swans v Melbourne Demons,Sydney Swans,Melbourne Demons,Player Goals,Braeden Campbell,Sydney Swans,1.5,19,NA,Sportsbet,Melbourne Demons,103,17131,11384035,418607440,1871092896,NA
Sydney Swans v Melbourne Demons,Sydney Swans,Melbourne Demons,Player Goals,Bayley Fritsch,Melbourne Demons,1.5,1.53,NA,Sportsbet,Sydney Swans,103,17131,11384035,418607440,1871096000,NA
Sydney Swans v Melbourne Demons,Sydney Swans,Melbourne Demons,Player Goals,Jacob van Rooyen,Melbourne Demons,1.5,2.3,NA,Sportsbet,Sydney Swans,103,17131,11384035,418607440,1871096008,NA
Sydney Swans v Melbourne Demons,Sydney Swans,Melbourne Demons,Player Goals,Christian Petracca,Melbourne Demons,1.5,3.05,NA,Sportsbet,Sydney Swans,103,17131,11384035,418607440,1871096001,NA
Sydney Swans v Melbourne Demons,Sydney Swans,Melbourne Demons,Player Goals,Josh Schache,Melbourne Demons,1.5,3.45,NA,Sportsbet,Sydney Swans,103,17131,11384035,418607440,1871096009,NA
Sydney Swans v Melbourne Demons,Sydney Swans,Melbourne Demons,Player Goals,Kade Chandler,Melbourne Demons,1.5,3.75,NA,Sportsbet,Sydney Swans,103,17131,11384035,418607440,1871096005,NA
Sydney Swans v Melbourne Demons,Sydney Swans,Melbourne Demons,Player Goals,Alex Neal-Bullen,Melbourne Demons,1.5,5.1,NA,Sportsbet,Sydney Swans,103,17131,11384035,418607440,1871095999,NA
Sydney Swans v Melbourne Demons,Sydney Swans,Melbourne Demons,Player Goals,Charlie Spargo,Melbourne Demons,1.5,5.75,NA,Sportsbet,Sydney Swans,103,17131,11384035,418607440,1872674799,NA
Sydney Swans v Melbourne Demons,Sydney Swans,Melbourne Demons,Player Goals,Jack Billings,Melbourne Demons,1.5,5.75,NA,Sportsbet,Sydney Swans,103,17131,11384035,418607440,1871096010,NA
Sydney Swans v Melbourne Demons,Sydney Swans,Melbourne Demons,Player Goals,Max Gawn,Melbourne Demons,1.5,5.9,NA,Sportsbet,Sydney Swans,103,17131,11384035,418607440,1871096004,NA
Sydney Swans v Melbourne Demons,Sydney Swans,Melbourne Demons,Player Goals,Tom Sparrow,Melbourne Demons,1.5,6.25,NA,Sportsbet,Sydney Swans,103,17131,11384035,418607440,1871096006,NA
Sydney Swans v Melbourne Demons,Sydney Swans,Melbourne Demons,Player Goals,Bailey Laurie,Melbourne Demons,1.5,10.5,NA,Sportsbet,Sydney Swans,103,17131,11384035,418607440,1871096007,NA
Sydney Swans v Melbourne Demons,Sydney Swans,Melbourne Demons,Player Goals,Caleb Windsor,Melbourne Demons,1.5,10,NA,Sportsbet,Sydney Swans,103,17131,11384035,418607440,1871096011,NA
Sydney Swans v Melbourne Demons,Sydney Swans,Melbourne Demons,Player Goals,Clayton Oliver,Melbourne Demons,1.5,16,NA,Sportsbet,Sydney Swans,103,17131,11384035,418607440,1871096002,NA
Sydney Swans v Melbourne Demons,Sydney Swans,Melbourne Demons,Player Goals,Jack Viney,Melbourne Demons,1.5,19,NA,Sportsbet,Sydney Swans,103,17131,11384035,418607440,1871096003,NA
Sydney Swans v Melbourne Demons,Sydney Swans,Melbourne Demons,Player Goals,Logan McDonald,Sydney Swans,2.5,4.8,NA,Sportsbet,Melbourne Demons,103,17131,11384035,418607436,1871092846,NA
Sydney Swans v Melbourne Demons,Sydney Swans,Melbourne Demons,Player Goals,Tom Papley,Sydney Swans,2.5,4.9,NA,Sportsbet,Melbourne Demons,103,17131,11384035,418607436,1871092839,NA
Sydney Swans v Melbourne Demons,Sydney Swans,Melbourne Demons,Player Goals,Joel Amartey,Sydney Swans,2.5,6.75,NA,Sportsbet,Melbourne Demons,103,17131,11384035,418607436,1871092836,NA
Sydney Swans v Melbourne Demons,Sydney Swans,Melbourne Demons,Player Goals,Isaac Heeney,Sydney Swans,2.5,8.5,NA,Sportsbet,Melbourne Demons,103,17131,11384035,418607436,1871092838,NA
Sydney Swans v Melbourne Demons,Sydney Swans,Melbourne Demons,Player Goals,Hayden McLean,Sydney Swans,2.5,9,NA,Sportsbet,Melbourne Demons,103,17131,11384035,418607436,1871092842,NA
Sydney Swans v Melbourne Demons,Sydney Swans,Melbourne Demons,Player Goals,Will Hayward,Sydney Swans,2.5,12,NA,Sportsbet,Melbourne Demons,103,17131,11384035,418607436,1871092837,NA
Sydney Swans v Melbourne Demons,Sydney Swans,Melbourne Demons,Player Goals,Errol Gulden,Sydney Swans,2.5,14,NA,Sportsbet,Melbourne Demons,103,17131,11384035,418607436,1871092845,NA
Sydney Swans v Melbourne Demons,Sydney Swans,Melbourne Demons,Player Goals,Chad Warner,Sydney Swans,2.5,16,NA,Sportsbet,Melbourne Demons,103,17131,11384035,418607436,1871092843,NA
Sydney Swans v Melbourne Demons,Sydney Swans,Melbourne Demons,Player Goals,Sam Wicks,Sydney Swans,2.5,17,NA,Sportsbet,Melbourne Demons,103,17131,11384035,418607436,1871092840,NA
Sydney Swans v Melbourne Demons,Sydney Swans,Melbourne Demons,Player Goals,Justin McInerney,Sydney Swans,2.5,31,NA,Sportsbet,Melbourne Demons,103,17131,11384035,418607436,1871092841,NA
Sydney Swans v Melbourne Demons,Sydney Swans,Melbourne Demons,Player Goals,Brodie Grundy,Sydney Swans,2.5,41,NA,Sportsbet,Melbourne Demons,103,17131,11384035,418607436,1871092847,NA
Sydney Swans v Melbourne Demons,Sydney Swans,Melbourne Demons,Player Goals,Bayley Fritsch,Melbourne Demons,2.5,2.6,NA,Sportsbet,Sydney Swans,103,17131,11384035,418607436,1871095948,NA
Sydney Swans v Melbourne Demons,Sydney Swans,Melbourne Demons,Player Goals,Jacob van Rooyen,Melbourne Demons,2.5,5.6,NA,Sportsbet,Sydney Swans,103,17131,11384035,418607436,1871095956,NA
Sydney Swans v Melbourne Demons,Sydney Swans,Melbourne Demons,Player Goals,Christian Petracca,Melbourne Demons,2.5,8.5,NA,Sportsbet,Sydney Swans,103,17131,11384035,418607436,1871095949,NA
Sydney Swans v Melbourne Demons,Sydney Swans,Melbourne Demons,Player Goals,Josh Schache,Melbourne Demons,2.5,10.5,NA,Sportsbet,Sydney Swans,103,17131,11384035,418607436,1871095957,NA
Sydney Swans v Melbourne Demons,Sydney Swans,Melbourne Demons,Player Goals,Kade Chandler,Melbourne Demons,2.5,12,NA,Sportsbet,Sydney Swans,103,17131,11384035,418607436,1871095953,NA
Sydney Swans v Melbourne Demons,Sydney Swans,Melbourne Demons,Player Goals,Alex Neal-Bullen,Melbourne Demons,2.5,18,NA,Sportsbet,Sydney Swans,103,17131,11384035,418607436,1871095947,NA
Sydney Swans v Melbourne Demons,Sydney Swans,Melbourne Demons,Player Goals,Charlie Spargo,Melbourne Demons,2.5,21,NA,Sportsbet,Sydney Swans,103,17131,11384035,418607436,1872674791,NA
Sydney Swans v Melbourne Demons,Sydney Swans,Melbourne Demons,Player Goals,Jack Billings,Melbourne Demons,2.5,21,NA,Sportsbet,Sydney Swans,103,17131,11384035,418607436,1871095958,NA
Sydney Swans v Melbourne Demons,Sydney Swans,Melbourne Demons,Player Goals,Max Gawn,Melbourne Demons,2.5,21,NA,Sportsbet,Sydney Swans,103,17131,11384035,418607436,1871095952,NA
Sydney Swans v Melbourne Demons,Sydney Swans,Melbourne Demons,Player Goals,Tom Sparrow,Melbourne Demons,2.5,23,NA,Sportsbet,Sydney Swans,103,17131,11384035,418607436,1871095954,NA
Sydney Swans v Melbourne Demons,Sydney Swans,Melbourne Demons,Player Goals,Logan McDonald,Sydney Swans,3.5,12,NA,Sportsbet,Melbourne Demons,103,17131,11384035,418607437,1871092859,NA
Sydney Swans v Melbourne Demons,Sydney Swans,Melbourne Demons,Player Goals,Tom Papley,Sydney Swans,3.5,12.5,NA,Sportsbet,Melbourne Demons,103,17131,11384035,418607437,1871092852,NA
Sydney Swans v Melbourne Demons,Sydney Swans,Melbourne Demons,Player Goals,Joel Amartey,Sydney Swans,3.5,19,NA,Sportsbet,Melbourne Demons,103,17131,11384035,418607437,1871092849,NA
Sydney Swans v Melbourne Demons,Sydney Swans,Melbourne Demons,Player Goals,Isaac Heeney,Sydney Swans,3.5,26,NA,Sportsbet,Melbourne Demons,103,17131,11384035,418607437,1871092851,NA
Sydney Swans v Melbourne Demons,Sydney Swans,Melbourne Demons,Player Goals,Hayden McLean,Sydney Swans,3.5,29,NA,Sportsbet,Melbourne Demons,103,17131,11384035,418607437,1871092855,NA
Sydney Swans v Melbourne Demons,Sydney Swans,Melbourne Demons,Player Goals,Will Hayward,Sydney Swans,3.5,34,NA,Sportsbet,Melbourne Demons,103,17131,11384035,418607437,1871092850,NA
Sydney Swans v Melbourne Demons,Sydney Swans,Melbourne Demons,Player Goals,Errol Gulden,Sydney Swans,3.5,51,NA,Sportsbet,Melbourne Demons,103,17131,11384035,418607437,1871092858,NA
Sydney Swans v Melbourne Demons,Sydney Swans,Melbourne Demons,Player Goals,Sam Wicks,Sydney Swans,3.5,81,NA,Sportsbet,Melbourne Demons,103,17131,11384035,418607437,1871092853,NA
Sydney Swans v Melbourne Demons,Sydney Swans,Melbourne Demons,Player Goals,Bayley Fritsch,Melbourne Demons,3.5,5.4,NA,Sportsbet,Sydney Swans,103,17131,11384035,418607437,1871095961,NA
Sydney Swans v Melbourne Demons,Sydney Swans,Melbourne Demons,Player Goals,Jacob van Rooyen,Melbourne Demons,3.5,15,NA,Sportsbet,Sydney Swans,103,17131,11384035,418607437,1871095969,NA
Sydney Swans v Melbourne Demons,Sydney Swans,Melbourne Demons,Player Goals,Christian Petracca,Melbourne Demons,3.5,26,NA,Sportsbet,Sydney Swans,103,17131,11384035,418607437,1871095962,NA
Sydney Swans v Melbourne Demons,Sydney Swans,Melbourne Demons,Player Goals,Josh Schache,Melbourne Demons,3.5,34,NA,Sportsbet,Sydney Swans,103,17131,11384035,418607437,1871095970,NA
Sydney Swans v Melbourne Demons,Sydney Swans,Melbourne Demons,Player Goals,Kade Chandler,Melbourne Demons,3.5,46,NA,Sportsbet,Sydney Swans,103,17131,11384035,418607437,1871095966,NA
Sydney Swans v Melbourne Demons,Sydney Swans,Melbourne Demons,Player Goals,Alex Neal-Bullen,Melbourne Demons,3.5,81,NA,Sportsbet,Sydney Swans,103,17131,11384035,418607437,1871095960,NA
Sydney Swans v Melbourne Demons,Sydney Swans,Melbourne Demons,Player Goals,Logan McDonald,Sydney Swans,4.5,34,NA,Sportsbet,Melbourne Demons,103,17131,11384035,418607438,1871092872,NA
Sydney Swans v Melbourne Demons,Sydney Swans,Melbourne Demons,Player Goals,Tom Papley,Sydney Swans,4.5,34,NA,Sportsbet,Melbourne Demons,103,17131,11384035,418607438,1871092865,NA
Sydney Swans v Melbourne Demons,Sydney Swans,Melbourne Demons,Player Goals,Joel Amartey,Sydney Swans,4.5,71,NA,Sportsbet,Melbourne Demons,103,17131,11384035,418607438,1871092862,NA
Sydney Swans v Melbourne Demons,Sydney Swans,Melbourne Demons,Player Goals,Bayley Fritsch,Melbourne Demons,4.5,13,NA,Sportsbet,Sydney Swans,103,17131,11384035,418607438,1871095974,NA
Sydney Swans v Melbourne Demons,Sydney Swans,Melbourne Demons,Player Goals,Jacob van Rooyen,Melbourne Demons,4.5,46,NA,Sportsbet,Sydney Swans,103,17131,11384035,418607438,1871095982,NA
Sydney Swans v Melbourne Demons,Sydney Swans,Melbourne Demons,Player Goals,Logan McDonald,Sydney Swans,5.5,126,NA,Sportsbet,Melbourne Demons,103,17131,11384035,418607439,1871092885,NA
Sydney Swans v Melbourne Demons,Sydney Swans,Melbourne Demons,Player Goals,Bayley Fritsch,Melbourne Demons,5.5,31,NA,Sportsbet,Sydney Swans,103,17131,11384035,418607439,1871095987,NA
Brisbane Lions v Carlton,Brisbane Lions,Carlton,Player Goals,Cam Rayner,Brisbane Lions,0.5,1.46,NA,Sportsbet,Carlton,103,17131,11384036,418610340,1871102674,NA
Brisbane Lions v Carlton,Brisbane Lions,Carlton,Player Goals,Charlie Cameron,Brisbane Lions,0.5,1.06,NA,Sportsbet,Carlton,103,17131,11384036,418610340,1871102666,NA
Brisbane Lions v Carlton,Brisbane Lions,Carlton,Player Goals,Dayne Zorko,Brisbane Lions,0.5,1.69,NA,Sportsbet,Carlton,103,17131,11384036,418610340,1871102667,NA
Brisbane Lions v Carlton,Brisbane Lions,Carlton,Player Goals,Eric Hipwood,Brisbane Lions,0.5,1.17,NA,Sportsbet,Carlton,103,17131,11384036,418610340,1871102668,NA
Brisbane Lions v Carlton,Brisbane Lions,Carlton,Player Goals,Hugh McCluggage,Brisbane Lions,0.5,1.86,NA,Sportsbet,Carlton,103,17131,11384036,418610340,1871102669,NA
Brisbane Lions v Carlton,Brisbane Lions,Carlton,Player Goals,Joe Daniher,Brisbane Lions,0.5,1.08,NA,Sportsbet,Carlton,103,17131,11384036,418610340,1871102673,NA
Brisbane Lions v Carlton,Brisbane Lions,Carlton,Player Goals,Lincoln McCarthy,Brisbane Lions,0.5,1.36,NA,Sportsbet,Carlton,103,17131,11384036,418610340,1871102675,NA
Brisbane Lions v Carlton,Brisbane Lions,Carlton,Player Goals,Zac Bailey,Brisbane Lions,0.5,1.33,NA,Sportsbet,Carlton,103,17131,11384036,418610340,1871102672,NA
Brisbane Lions v Carlton,Brisbane Lions,Carlton,Player Goals,Jarrod Berry,Brisbane Lions,0.5,2.65,NA,Sportsbet,Carlton,103,17131,11384036,418610340,1871102670,NA
Brisbane Lions v Carlton,Brisbane Lions,Carlton,Player Goals,Jaspa Fletcher,Brisbane Lions,0.5,2.02,NA,Sportsbet,Carlton,103,17131,11384036,418610340,1871102680,NA
Brisbane Lions v Carlton,Brisbane Lions,Carlton,Player Goals,Kai Lohmann,Brisbane Lions,0.5,2.02,NA,Sportsbet,Carlton,103,17131,11384036,418610340,1871102678,NA
Brisbane Lions v Carlton,Brisbane Lions,Carlton,Player Goals,Oscar McInerney,Brisbane Lions,0.5,3.15,NA,Sportsbet,Carlton,103,17131,11384036,418610340,1871102671,NA
Brisbane Lions v Carlton,Brisbane Lions,Carlton,Player Goals,Josh Dunkley,Brisbane Lions,0.5,4.9,NA,Sportsbet,Carlton,103,17131,11384036,418610340,1871102679,NA
Brisbane Lions v Carlton,Brisbane Lions,Carlton,Player Goals,Keidean Coleman,Brisbane Lions,0.5,4.7,NA,Sportsbet,Carlton,103,17131,11384036,418610340,1871102677,NA
Brisbane Lions v Carlton,Brisbane Lions,Carlton,Player Goals,Lachie Neale,Brisbane Lions,0.5,4.6,NA,Sportsbet,Carlton,103,17131,11384036,418610340,1871102676,NA
Brisbane Lions v Carlton,Brisbane Lions,Carlton,Player Goals,Charlie Curnow,Carlton,0.5,1.03,NA,Sportsbet,Brisbane Lions,103,17131,11384036,418610340,1871104415,NA
Brisbane Lions v Carlton,Brisbane Lions,Carlton,Player Goals,Harry McKay,Carlton,0.5,1.16,NA,Sportsbet,Brisbane Lions,103,17131,11384036,418610340,1871104417,NA
Brisbane Lions v Carlton,Brisbane Lions,Carlton,Player Goals,Matt Owies,NA,0.5,1.33,NA,Sportsbet,NA,103,17131,11384036,418610340,1871540921,NA
Brisbane Lions v Carlton,Brisbane Lions,Carlton,Player Goals,Orazio Fantasia,Carlton,0.5,1.51,NA,Sportsbet,Brisbane Lions,103,17131,11384036,418610340,1871104427,NA
Brisbane Lions v Carlton,Brisbane Lions,Carlton,Player Goals,Blake Acres,Carlton,0.5,2.4,NA,Sportsbet,Brisbane Lions,103,17131,11384036,418610340,1871104425,NA
Brisbane Lions v Carlton,Brisbane Lions,Carlton,Player Goals,David Cuningham,Carlton,0.5,2.3,NA,Sportsbet,Brisbane Lions,103,17131,11384036,418610340,1871104416,NA
Brisbane Lions v Carlton,Brisbane Lions,Carlton,Player Goals,Lachie Fogarty,Carlton,0.5,2.7,NA,Sportsbet,Brisbane Lions,103,17131,11384036,418610340,1871104422,NA
Brisbane Lions v Carlton,Brisbane Lions,Carlton,Player Goals,Matthew Cottrell,Carlton,0.5,2.18,NA,Sportsbet,Brisbane Lions,103,17131,11384036,418610340,1871104423,NA
Brisbane Lions v Carlton,Brisbane Lions,Carlton,Player Goals,Patrick Cripps,Carlton,0.5,2.2,NA,Sportsbet,Brisbane Lions,103,17131,11384036,418610340,1871104418,NA
Brisbane Lions v Carlton,Brisbane Lions,Carlton,Player Goals,Adam Cerra,Carlton,0.5,3,NA,Sportsbet,Brisbane Lions,103,17131,11384036,418610340,1871104421,NA
Brisbane Lions v Carlton,Brisbane Lions,Carlton,Player Goals,Oliver Hollands,Carlton,0.5,3.8,NA,Sportsbet,Brisbane Lions,103,17131,11384036,418610340,1871104426,NA
Brisbane Lions v Carlton,Brisbane Lions,Carlton,Player Goals,Sam Docherty,Carlton,0.5,3.05,NA,Sportsbet,Brisbane Lions,103,17131,11384036,418610340,1871104419,NA
Brisbane Lions v Carlton,Brisbane Lions,Carlton,Player Goals,Tom De Koning,Carlton,0.5,3.05,NA,Sportsbet,Brisbane Lions,103,17131,11384036,418610340,1871104420,NA
Brisbane Lions v Carlton,Brisbane Lions,Carlton,Player Goals,Charlie Cameron,Brisbane Lions,1.5,1.45,NA,Sportsbet,Carlton,103,17131,11384036,418610345,1871102741,NA
Brisbane Lions v Carlton,Brisbane Lions,Carlton,Player Goals,Eric Hipwood,Brisbane Lions,1.5,1.91,NA,Sportsbet,Carlton,103,17131,11384036,418610345,1871102743,NA
Brisbane Lions v Carlton,Brisbane Lions,Carlton,Player Goals,Joe Daniher,Brisbane Lions,1.5,1.43,NA,Sportsbet,Carlton,103,17131,11384036,418610345,1871102748,NA
Brisbane Lions v Carlton,Brisbane Lions,Carlton,Player Goals,Lincoln McCarthy,Brisbane Lions,1.5,2.7,NA,Sportsbet,Carlton,103,17131,11384036,418610345,1871102750,NA
Brisbane Lions v Carlton,Brisbane Lions,Carlton,Player Goals,Zac Bailey,Brisbane Lions,1.5,2.55,NA,Sportsbet,Carlton,103,17131,11384036,418610345,1871102747,NA
Brisbane Lions v Carlton,Brisbane Lions,Carlton,Player Goals,Cam Rayner,Brisbane Lions,1.5,3.3,NA,Sportsbet,Carlton,103,17131,11384036,418610345,1871102749,NA
Brisbane Lions v Carlton,Brisbane Lions,Carlton,Player Goals,Dayne Zorko,Brisbane Lions,1.5,4.4,NA,Sportsbet,Carlton,103,17131,11384036,418610345,1871102742,NA
Brisbane Lions v Carlton,Brisbane Lions,Carlton,Player Goals,Hugh McCluggage,Brisbane Lions,1.5,5.8,NA,Sportsbet,Carlton,103,17131,11384036,418610345,1871102744,NA
Brisbane Lions v Carlton,Brisbane Lions,Carlton,Player Goals,Kai Lohmann,Brisbane Lions,1.5,6.75,NA,Sportsbet,Carlton,103,17131,11384036,418610345,1871102753,NA
Brisbane Lions v Carlton,Brisbane Lions,Carlton,Player Goals,Jaspa Fletcher,Brisbane Lions,1.5,7,NA,Sportsbet,Carlton,103,17131,11384036,418610345,1871102755,NA
Brisbane Lions v Carlton,Brisbane Lions,Carlton,Player Goals,Jarrod Berry,Brisbane Lions,1.5,13,NA,Sportsbet,Carlton,103,17131,11384036,418610345,1871102745,NA
Brisbane Lions v Carlton,Brisbane Lions,Carlton,Player Goals,Oscar McInerney,Brisbane Lions,1.5,16,NA,Sportsbet,Carlton,103,17131,11384036,418610345,1871102746,NA
Brisbane Lions v Carlton,Brisbane Lions,Carlton,Player Goals,Charlie Curnow,Carlton,1.5,1.25,NA,Sportsbet,Brisbane Lions,103,17131,11384036,418610345,1871104480,NA
Brisbane Lions v Carlton,Brisbane Lions,Carlton,Player Goals,Harry McKay,Carlton,1.5,1.97,NA,Sportsbet,Brisbane Lions,103,17131,11384036,418610345,1871104482,NA
Brisbane Lions v Carlton,Brisbane Lions,Carlton,Player Goals,Matt Owies,NA,1.5,2.6,NA,Sportsbet,NA,103,17131,11384036,418610345,1871540926,NA
Brisbane Lions v Carlton,Brisbane Lions,Carlton,Player Goals,Orazio Fantasia,Carlton,1.5,3.35,NA,Sportsbet,Brisbane Lions,103,17131,11384036,418610345,1871104492,NA
Brisbane Lions v Carlton,Brisbane Lions,Carlton,Player Goals,Matthew Cottrell,Carlton,1.5,7.75,NA,Sportsbet,Brisbane Lions,103,17131,11384036,418610345,1871104488,NA
Brisbane Lions v Carlton,Brisbane Lions,Carlton,Player Goals,Patrick Cripps,Carlton,1.5,8.25,NA,Sportsbet,Brisbane Lions,103,17131,11384036,418610345,1871104483,NA
Brisbane Lions v Carlton,Brisbane Lions,Carlton,Player Goals,David Cuningham,Carlton,1.5,9,NA,Sportsbet,Brisbane Lions,103,17131,11384036,418610345,1871104481,NA
Brisbane Lions v Carlton,Brisbane Lions,Carlton,Player Goals,Blake Acres,Carlton,1.5,10,NA,Sportsbet,Brisbane Lions,103,17131,11384036,418610345,1871104490,NA
Brisbane Lions v Carlton,Brisbane Lions,Carlton,Player Goals,Lachie Fogarty,Carlton,1.5,12,NA,Sportsbet,Brisbane Lions,103,17131,11384036,418610345,1871104487,NA
Brisbane Lions v Carlton,Brisbane Lions,Carlton,Player Goals,Sam Docherty,Carlton,1.5,13,NA,Sportsbet,Brisbane Lions,103,17131,11384036,418610345,1871104484,NA
Brisbane Lions v Carlton,Brisbane Lions,Carlton,Player Goals,Adam Cerra,Carlton,1.5,14,NA,Sportsbet,Brisbane Lions,103,17131,11384036,418610345,1871104486,NA
Brisbane Lions v Carlton,Brisbane Lions,Carlton,Player Goals,Tom De Koning,Carlton,1.5,16,NA,Sportsbet,Brisbane Lions,103,17131,11384036,418610345,1871104485,NA
Brisbane Lions v Carlton,Brisbane Lions,Carlton,Player Goals,Charlie Cameron,Brisbane Lions,2.5,2.4,NA,Sportsbet,Carlton,103,17131,11384036,418610341,1871102681,NA
Brisbane Lions v Carlton,Brisbane Lions,Carlton,Player Goals,Joe Daniher,Brisbane Lions,2.5,2.35,NA,Sportsbet,Carlton,103,17131,11384036,418610341,1871102688,NA
Brisbane Lions v Carlton,Brisbane Lions,Carlton,Player Goals,Eric Hipwood,Brisbane Lions,2.5,4,NA,Sportsbet,Carlton,103,17131,11384036,418610341,1871102683,NA
Brisbane Lions v Carlton,Brisbane Lions,Carlton,Player Goals,Zac Bailey,Brisbane Lions,2.5,6.75,NA,Sportsbet,Carlton,103,17131,11384036,418610341,1871102687,NA
Brisbane Lions v Carlton,Brisbane Lions,Carlton,Player Goals,Lincoln McCarthy,Brisbane Lions,2.5,7.5,NA,Sportsbet,Carlton,103,17131,11384036,418610341,1871102690,NA
Brisbane Lions v Carlton,Brisbane Lions,Carlton,Player Goals,Cam Rayner,Brisbane Lions,2.5,9.75,NA,Sportsbet,Carlton,103,17131,11384036,418610341,1871102689,NA
Brisbane Lions v Carlton,Brisbane Lions,Carlton,Player Goals,Dayne Zorko,Brisbane Lions,2.5,13,NA,Sportsbet,Carlton,103,17131,11384036,418610341,1871102682,NA
Brisbane Lions v Carlton,Brisbane Lions,Carlton,Player Goals,Hugh McCluggage,Brisbane Lions,2.5,19,NA,Sportsbet,Carlton,103,17131,11384036,418610341,1871102684,NA
Brisbane Lions v Carlton,Brisbane Lions,Carlton,Player Goals,Kai Lohmann,Brisbane Lions,2.5,23,NA,Sportsbet,Carlton,103,17131,11384036,418610341,1871102693,NA
Brisbane Lions v Carlton,Brisbane Lions,Carlton,Player Goals,Jaspa Fletcher,Brisbane Lions,2.5,29,NA,Sportsbet,Carlton,103,17131,11384036,418610341,1871102695,NA
Brisbane Lions v Carlton,Brisbane Lions,Carlton,Player Goals,Charlie Curnow,Carlton,2.5,1.85,NA,Sportsbet,Brisbane Lions,103,17131,11384036,418610341,1871104428,NA
Brisbane Lions v Carlton,Brisbane Lions,Carlton,Player Goals,Harry McKay,Carlton,2.5,4.25,NA,Sportsbet,Brisbane Lions,103,17131,11384036,418610341,1871104430,NA
Brisbane Lions v Carlton,Brisbane Lions,Carlton,Player Goals,Matt Owies,NA,2.5,6.75,NA,Sportsbet,NA,103,17131,11384036,418610341,1871540922,NA
Brisbane Lions v Carlton,Brisbane Lions,Carlton,Player Goals,Orazio Fantasia,Carlton,2.5,10,NA,Sportsbet,Brisbane Lions,103,17131,11384036,418610341,1871104440,NA
Brisbane Lions v Carlton,Brisbane Lions,Carlton,Player Goals,Matthew Cottrell,Carlton,2.5,31,NA,Sportsbet,Brisbane Lions,103,17131,11384036,418610341,1871104436,NA
Brisbane Lions v Carlton,Brisbane Lions,Carlton,Player Goals,David Cuningham,Carlton,2.5,46,NA,Sportsbet,Brisbane Lions,103,17131,11384036,418610341,1871104429,NA
Brisbane Lions v Carlton,Brisbane Lions,Carlton,Player Goals,Patrick Cripps,Carlton,2.5,46,NA,Sportsbet,Brisbane Lions,103,17131,11384036,418610341,1871104431,NA
Brisbane Lions v Carlton,Brisbane Lions,Carlton,Player Goals,Charlie Cameron,Brisbane Lions,3.5,4.9,NA,Sportsbet,Carlton,103,17131,11384036,418610342,1871102696,NA
Brisbane Lions v Carlton,Brisbane Lions,Carlton,Player Goals,Joe Daniher,Brisbane Lions,3.5,4.6,NA,Sportsbet,Carlton,103,17131,11384036,418610342,1871102703,NA
Brisbane Lions v Carlton,Brisbane Lions,Carlton,Player Goals,Eric Hipwood,Brisbane Lions,3.5,9.5,NA,Sportsbet,Carlton,103,17131,11384036,418610342,1871102698,NA
Brisbane Lions v Carlton,Brisbane Lions,Carlton,Player Goals,Zac Bailey,Brisbane Lions,3.5,19,NA,Sportsbet,Carlton,103,17131,11384036,418610342,1871102702,NA
Brisbane Lions v Carlton,Brisbane Lions,Carlton,Player Goals,Lincoln McCarthy,Brisbane Lions,3.5,21,NA,Sportsbet,Carlton,103,17131,11384036,418610342,1871102705,NA
Brisbane Lions v Carlton,Brisbane Lions,Carlton,Player Goals,Cam Rayner,Brisbane Lions,3.5,34,NA,Sportsbet,Carlton,103,17131,11384036,418610342,1871102704,NA
Brisbane Lions v Carlton,Brisbane Lions,Carlton,Player Goals,Dayne Zorko,Brisbane Lions,3.5,51,NA,Sportsbet,Carlton,103,17131,11384036,418610342,1871102697,NA
Brisbane Lions v Carlton,Brisbane Lions,Carlton,Player Goals,Charlie Curnow,Carlton,3.5,3.25,NA,Sportsbet,Brisbane Lions,103,17131,11384036,418610342,1871104441,NA
Brisbane Lions v Carlton,Brisbane Lions,Carlton,Player Goals,Harry McKay,Carlton,3.5,11.5,NA,Sportsbet,Brisbane Lions,103,17131,11384036,418610342,1871104443,NA
Brisbane Lions v Carlton,Brisbane Lions,Carlton,Player Goals,Matt Owies,NA,3.5,19,NA,Sportsbet,NA,103,17131,11384036,418610342,1871540923,NA
Brisbane Lions v Carlton,Brisbane Lions,Carlton,Player Goals,Orazio Fantasia,Carlton,3.5,29,NA,Sportsbet,Brisbane Lions,103,17131,11384036,418610342,1871104453,NA
Brisbane Lions v Carlton,Brisbane Lions,Carlton,Player Goals,Charlie Cameron,Brisbane Lions,4.5,11,NA,Sportsbet,Carlton,103,17131,11384036,418610343,1871102711,NA
Brisbane Lions v Carlton,Brisbane Lions,Carlton,Player Goals,Joe Daniher,Brisbane Lions,4.5,11,NA,Sportsbet,Carlton,103,17131,11384036,418610343,1871102718,NA
Brisbane Lions v Carlton,Brisbane Lions,Carlton,Player Goals,Eric Hipwood,Brisbane Lions,4.5,23,NA,Sportsbet,Carlton,103,17131,11384036,418610343,1871102713,NA
Brisbane Lions v Carlton,Brisbane Lions,Carlton,Player Goals,Zac Bailey,Brisbane Lions,4.5,61,NA,Sportsbet,Carlton,103,17131,11384036,418610343,1871102717,NA
Brisbane Lions v Carlton,Brisbane Lions,Carlton,Player Goals,Lincoln McCarthy,Brisbane Lions,4.5,91,NA,Sportsbet,Carlton,103,17131,11384036,418610343,1871102720,NA
Brisbane Lions v Carlton,Brisbane Lions,Carlton,Player Goals,Charlie Curnow,Carlton,4.5,6.25,NA,Sportsbet,Brisbane Lions,103,17131,11384036,418610343,1871104454,NA
Brisbane Lions v Carlton,Brisbane Lions,Carlton,Player Goals,Harry McKay,Carlton,4.5,23,NA,Sportsbet,Brisbane Lions,103,17131,11384036,418610343,1871104456,NA
Brisbane Lions v Carlton,Brisbane Lions,Carlton,Player Goals,Matt Owies,NA,4.5,81,NA,Sportsbet,NA,103,17131,11384036,418610343,1871540924,NA
Brisbane Lions v Carlton,Brisbane Lions,Carlton,Player Goals,Joe Daniher,Brisbane Lions,5.5,18,NA,Sportsbet,Carlton,103,17131,11384036,418610344,1871102733,NA
Brisbane Lions v Carlton,Brisbane Lions,Carlton,Player Goals,Charlie Cameron,Brisbane Lions,5.5,19,NA,Sportsbet,Carlton,103,17131,11384036,418610344,1871102726,NA
Brisbane Lions v Carlton,Brisbane Lions,Carlton,Player Goals,Eric Hipwood,Brisbane Lions,5.5,34,NA,Sportsbet,Carlton,103,17131,11384036,418610344,1871102728,NA
Brisbane Lions v Carlton,Brisbane Lions,Carlton,Player Goals,Charlie Curnow,Carlton,5.5,14,NA,Sportsbet,Brisbane Lions,103,17131,11384036,418610344,1871104467,NA
Brisbane Lions v Carlton,Brisbane Lions,Carlton,Player Goals,Harry McKay,Carlton,5.5,41,NA,Sportsbet,Brisbane Lions,103,17131,11384036,418610344,1871104469,NA
Gold Coast Suns v Richmond Tigers,Gold Coast Suns,Richmond Tigers,Player Goals,Bailey Humphrey,Gold Coast Suns,0.5,1.44,NA,Sportsbet,Richmond Tigers,103,17131,11384037,418611998,1871110497,NA
Gold Coast Suns v Richmond Tigers,Gold Coast Suns,Richmond Tigers,Player Goals,Ben Ainsworth,Gold Coast Suns,0.5,1.31,NA,Sportsbet,Richmond Tigers,103,17131,11384037,418611998,1871110485,NA
Gold Coast Suns v Richmond Tigers,Gold Coast Suns,Richmond Tigers,Player Goals,Ben King,Gold Coast Suns,0.5,1.08,NA,Sportsbet,Richmond Tigers,103,17131,11384037,418611998,1871110491,NA
Gold Coast Suns v Richmond Tigers,Gold Coast Suns,Richmond Tigers,Player Goals,Jack Lukosius,Gold Coast Suns,0.5,1.08,NA,Sportsbet,Richmond Tigers,103,17131,11384037,418611998,1871110490,NA
Gold Coast Suns v Richmond Tigers,Gold Coast Suns,Richmond Tigers,Player Goals,Nick Holman,Gold Coast Suns,0.5,1.48,NA,Sportsbet,Richmond Tigers,103,17131,11384037,418611998,1871110489,NA
Gold Coast Suns v Richmond Tigers,Gold Coast Suns,Richmond Tigers,Player Goals,Noah Anderson,Gold Coast Suns,0.5,1.77,NA,Sportsbet,Richmond Tigers,103,17131,11384037,418611998,1871110493,NA
Gold Coast Suns v Richmond Tigers,Gold Coast Suns,Richmond Tigers,Player Goals,Sam Flanders,Gold Coast Suns,0.5,1.84,NA,Sportsbet,Richmond Tigers,103,17131,11384037,418611998,1871110494,NA
Gold Coast Suns v Richmond Tigers,Gold Coast Suns,Richmond Tigers,Player Goals,Thomas Berry,Gold Coast Suns,0.5,1.77,NA,Sportsbet,Richmond Tigers,103,17131,11384037,418611998,1871110496,NA
Gold Coast Suns v Richmond Tigers,Gold Coast Suns,Richmond Tigers,Player Goals,Brandon Ellis,Gold Coast Suns,0.5,2.1,NA,Sportsbet,Richmond Tigers,103,17131,11384037,418611998,1871110495,NA
Gold Coast Suns v Richmond Tigers,Gold Coast Suns,Richmond Tigers,Player Goals,Matt Rowell,Gold Coast Suns,0.5,2.3,NA,Sportsbet,Richmond Tigers,103,17131,11384037,418611998,1871110492,NA
Gold Coast Suns v Richmond Tigers,Gold Coast Suns,Richmond Tigers,Player Goals,Touk Miller,Gold Coast Suns,0.5,2.25,NA,Sportsbet,Richmond Tigers,103,17131,11384037,418611998,1871110488,NA
Gold Coast Suns v Richmond Tigers,Gold Coast Suns,Richmond Tigers,Player Goals,Brayden Fiorini,Gold Coast Suns,0.5,3.35,NA,Sportsbet,Richmond Tigers,103,17131,11384037,418611998,1871110486,NA
Gold Coast Suns v Richmond Tigers,Gold Coast Suns,Richmond Tigers,Player Goals,Jarrod Witts,Gold Coast Suns,0.5,4,NA,Sportsbet,Richmond Tigers,103,17131,11384037,418611998,1871110487,NA
Gold Coast Suns v Richmond Tigers,Gold Coast Suns,Richmond Tigers,Player Goals,Jacob Koschitzke,Richmond Tigers,0.5,1.46,NA,Sportsbet,Gold Coast Suns,103,17131,11384037,418611998,1871118067,NA
Gold Coast Suns v Richmond Tigers,Gold Coast Suns,Richmond Tigers,Player Goals,Liam Baker,Richmond Tigers,0.5,1.87,NA,Sportsbet,Gold Coast Suns,103,17131,11384037,418611998,1871118059,NA
Gold Coast Suns v Richmond Tigers,Gold Coast Suns,Richmond Tigers,Player Goals,Noah Balta,Richmond Tigers,0.5,1.22,NA,Sportsbet,Gold Coast Suns,103,17131,11384037,418611998,1871118060,NA
Gold Coast Suns v Richmond Tigers,Gold Coast Suns,Richmond Tigers,Player Goals,Samson Ryan,Richmond Tigers,0.5,1.56,NA,Sportsbet,Gold Coast Suns,103,17131,11384037,418611998,1871118064,NA
Gold Coast Suns v Richmond Tigers,Gold Coast Suns,Richmond Tigers,Player Goals,Shai Bolton,Richmond Tigers,0.5,1.17,NA,Sportsbet,Gold Coast Suns,103,17131,11384037,418611998,1871118061,NA
Gold Coast Suns v Richmond Tigers,Gold Coast Suns,Richmond Tigers,Player Goals,Tim Taranto,Richmond Tigers,0.5,1.72,NA,Sportsbet,Gold Coast Suns,103,17131,11384037,418611998,1871118065,NA
Gold Coast Suns v Richmond Tigers,Gold Coast Suns,Richmond Tigers,Player Goals,Jacob Hopper,Richmond Tigers,0.5,2.6,NA,Sportsbet,Gold Coast Suns,103,17131,11384037,418611998,1871118066,NA
Gold Coast Suns v Richmond Tigers,Gold Coast Suns,Richmond Tigers,Player Goals,Jayden Short,Richmond Tigers,0.5,2.35,NA,Sportsbet,Gold Coast Suns,103,17131,11384037,418611998,1871118057,NA
Gold Coast Suns v Richmond Tigers,Gold Coast Suns,Richmond Tigers,Player Goals,Marlion Pickett,Richmond Tigers,0.5,2.4,NA,Sportsbet,Gold Coast Suns,103,17131,11384037,418611998,1871118062,NA
Gold Coast Suns v Richmond Tigers,Gold Coast Suns,Richmond Tigers,Player Goals,Dion Prestia,Richmond Tigers,0.5,3,NA,Sportsbet,Gold Coast Suns,103,17131,11384037,418611998,1871118055,NA
Gold Coast Suns v Richmond Tigers,Gold Coast Suns,Richmond Tigers,Player Goals,Kamdyn McIntosh,Richmond Tigers,0.5,3.25,NA,Sportsbet,Gold Coast Suns,103,17131,11384037,418611998,1871118058,NA
Gold Coast Suns v Richmond Tigers,Gold Coast Suns,Richmond Tigers,Player Goals,Thomson Dow,Richmond Tigers,0.5,3.9,NA,Sportsbet,Gold Coast Suns,103,17131,11384037,418611998,1871118063,NA
Gold Coast Suns v Richmond Tigers,Gold Coast Suns,Richmond Tigers,Player Goals,Ben King,Gold Coast Suns,1.5,1.42,NA,Sportsbet,Richmond Tigers,103,17131,11384037,418612003,1871110556,NA
Gold Coast Suns v Richmond Tigers,Gold Coast Suns,Richmond Tigers,Player Goals,Jack Lukosius,Gold Coast Suns,1.5,1.45,NA,Sportsbet,Richmond Tigers,103,17131,11384037,418612003,1871110555,NA
Gold Coast Suns v Richmond Tigers,Gold Coast Suns,Richmond Tigers,Player Goals,Ben Ainsworth,Gold Coast Suns,1.5,2.45,NA,Sportsbet,Richmond Tigers,103,17131,11384037,418612003,1871110550,NA
Gold Coast Suns v Richmond Tigers,Gold Coast Suns,Richmond Tigers,Player Goals,Bailey Humphrey,Gold Coast Suns,1.5,3.25,NA,Sportsbet,Richmond Tigers,103,17131,11384037,418612003,1871110562,NA
Gold Coast Suns v Richmond Tigers,Gold Coast Suns,Richmond Tigers,Player Goals,Nick Holman,Gold Coast Suns,1.5,3.35,NA,Sportsbet,Richmond Tigers,103,17131,11384037,418612003,1871110554,NA
Gold Coast Suns v Richmond Tigers,Gold Coast Suns,Richmond Tigers,Player Goals,Thomas Berry,Gold Coast Suns,1.5,4.9,NA,Sportsbet,Richmond Tigers,103,17131,11384037,418612003,1871110561,NA
Gold Coast Suns v Richmond Tigers,Gold Coast Suns,Richmond Tigers,Player Goals,Noah Anderson,Gold Coast Suns,1.5,5,NA,Sportsbet,Richmond Tigers,103,17131,11384037,418612003,1871110558,NA
Gold Coast Suns v Richmond Tigers,Gold Coast Suns,Richmond Tigers,Player Goals,Sam Flanders,Gold Coast Suns,1.5,5.7,NA,Sportsbet,Richmond Tigers,103,17131,11384037,418612003,1871110559,NA
Gold Coast Suns v Richmond Tigers,Gold Coast Suns,Richmond Tigers,Player Goals,Brandon Ellis,Gold Coast Suns,1.5,7,NA,Sportsbet,Richmond Tigers,103,17131,11384037,418612003,1871110560,NA
Gold Coast Suns v Richmond Tigers,Gold Coast Suns,Richmond Tigers,Player Goals,Matt Rowell,Gold Coast Suns,1.5,8.75,NA,Sportsbet,Richmond Tigers,103,17131,11384037,418612003,1871110557,NA
Gold Coast Suns v Richmond Tigers,Gold Coast Suns,Richmond Tigers,Player Goals,Touk Miller,Gold Coast Suns,1.5,9,NA,Sportsbet,Richmond Tigers,103,17131,11384037,418612003,1871110553,NA
Gold Coast Suns v Richmond Tigers,Gold Coast Suns,Richmond Tigers,Player Goals,Brayden Fiorini,Gold Coast Suns,1.5,19,NA,Sportsbet,Richmond Tigers,103,17131,11384037,418612003,1871110551,NA
Gold Coast Suns v Richmond Tigers,Gold Coast Suns,Richmond Tigers,Player Goals,Shai Bolton,Richmond Tigers,1.5,1.87,NA,Sportsbet,Gold Coast Suns,103,17131,11384037,418612003,1871118126,NA
Gold Coast Suns v Richmond Tigers,Gold Coast Suns,Richmond Tigers,Player Goals,Noah Balta,Richmond Tigers,1.5,2.12,NA,Sportsbet,Gold Coast Suns,103,17131,11384037,418612003,1871118125,NA
Gold Coast Suns v Richmond Tigers,Gold Coast Suns,Richmond Tigers,Player Goals,Jacob Koschitzke,Richmond Tigers,1.5,3.15,NA,Sportsbet,Gold Coast Suns,103,17131,11384037,418612003,1871118132,NA
Gold Coast Suns v Richmond Tigers,Gold Coast Suns,Richmond Tigers,Player Goals,Samson Ryan,Richmond Tigers,1.5,3.8,NA,Sportsbet,Gold Coast Suns,103,17131,11384037,418612003,1871118129,NA
Gold Coast Suns v Richmond Tigers,Gold Coast Suns,Richmond Tigers,Player Goals,Tim Taranto,Richmond Tigers,1.5,4.6,NA,Sportsbet,Gold Coast Suns,103,17131,11384037,418612003,1871118130,NA
Gold Coast Suns v Richmond Tigers,Gold Coast Suns,Richmond Tigers,Player Goals,Liam Baker,Richmond Tigers,1.5,5.6,NA,Sportsbet,Gold Coast Suns,103,17131,11384037,418612003,1871118124,NA
Gold Coast Suns v Richmond Tigers,Gold Coast Suns,Richmond Tigers,Player Goals,Jayden Short,Richmond Tigers,1.5,9.5,NA,Sportsbet,Gold Coast Suns,103,17131,11384037,418612003,1871118122,NA
Gold Coast Suns v Richmond Tigers,Gold Coast Suns,Richmond Tigers,Player Goals,Marlion Pickett,Richmond Tigers,1.5,9.75,NA,Sportsbet,Gold Coast Suns,103,17131,11384037,418612003,1871118127,NA
Gold Coast Suns v Richmond Tigers,Gold Coast Suns,Richmond Tigers,Player Goals,Jacob Hopper,Richmond Tigers,1.5,11.5,NA,Sportsbet,Gold Coast Suns,103,17131,11384037,418612003,1871118131,NA
Gold Coast Suns v Richmond Tigers,Gold Coast Suns,Richmond Tigers,Player Goals,Dion Prestia,Richmond Tigers,1.5,14,NA,Sportsbet,Gold Coast Suns,103,17131,11384037,418612003,1871118120,NA
Gold Coast Suns v Richmond Tigers,Gold Coast Suns,Richmond Tigers,Player Goals,Kamdyn McIntosh,Richmond Tigers,1.5,18,NA,Sportsbet,Gold Coast Suns,103,17131,11384037,418612003,1871118123,NA
Gold Coast Suns v Richmond Tigers,Gold Coast Suns,Richmond Tigers,Player Goals,Ben King,Gold Coast Suns,2.5,2.35,NA,Sportsbet,Richmond Tigers,103,17131,11384037,418611999,1871110504,NA
Gold Coast Suns v Richmond Tigers,Gold Coast Suns,Richmond Tigers,Player Goals,Jack Lukosius,Gold Coast Suns,2.5,2.4,NA,Sportsbet,Richmond Tigers,103,17131,11384037,418611999,1871110503,NA
Gold Coast Suns v Richmond Tigers,Gold Coast Suns,Richmond Tigers,Player Goals,Ben Ainsworth,Gold Coast Suns,2.5,6,NA,Sportsbet,Richmond Tigers,103,17131,11384037,418611999,1871110498,NA
Gold Coast Suns v Richmond Tigers,Gold Coast Suns,Richmond Tigers,Player Goals,Bailey Humphrey,Gold Coast Suns,2.5,9.75,NA,Sportsbet,Richmond Tigers,103,17131,11384037,418611999,1871110510,NA
Gold Coast Suns v Richmond Tigers,Gold Coast Suns,Richmond Tigers,Player Goals,Nick Holman,Gold Coast Suns,2.5,9.75,NA,Sportsbet,Richmond Tigers,103,17131,11384037,418611999,1871110502,NA
Gold Coast Suns v Richmond Tigers,Gold Coast Suns,Richmond Tigers,Player Goals,Thomas Berry,Gold Coast Suns,2.5,16,NA,Sportsbet,Richmond Tigers,103,17131,11384037,418611999,1871110509,NA
Gold Coast Suns v Richmond Tigers,Gold Coast Suns,Richmond Tigers,Player Goals,Noah Anderson,Gold Coast Suns,2.5,17,NA,Sportsbet,Richmond Tigers,103,17131,11384037,418611999,1871110506,NA
Gold Coast Suns v Richmond Tigers,Gold Coast Suns,Richmond Tigers,Player Goals,Sam Flanders,Gold Coast Suns,2.5,21,NA,Sportsbet,Richmond Tigers,103,17131,11384037,418611999,1871110507,NA
Gold Coast Suns v Richmond Tigers,Gold Coast Suns,Richmond Tigers,Player Goals,Brandon Ellis,Gold Coast Suns,2.5,29,NA,Sportsbet,Richmond Tigers,103,17131,11384037,418611999,1871110508,NA
Gold Coast Suns v Richmond Tigers,Gold Coast Suns,Richmond Tigers,Player Goals,Touk Miller,Gold Coast Suns,2.5,41,NA,Sportsbet,Richmond Tigers,103,17131,11384037,418611999,1871110501,NA
Gold Coast Suns v Richmond Tigers,Gold Coast Suns,Richmond Tigers,Player Goals,Matt Rowell,Gold Coast Suns,2.5,46,NA,Sportsbet,Richmond Tigers,103,17131,11384037,418611999,1871110505,NA
Gold Coast Suns v Richmond Tigers,Gold Coast Suns,Richmond Tigers,Player Goals,Shai Bolton,Richmond Tigers,2.5,3.8,NA,Sportsbet,Gold Coast Suns,103,17131,11384037,418611999,1871118074,NA
Gold Coast Suns v Richmond Tigers,Gold Coast Suns,Richmond Tigers,Player Goals,Noah Balta,Richmond Tigers,2.5,4.5,NA,Sportsbet,Gold Coast Suns,103,17131,11384037,418611999,1871118073,NA
Gold Coast Suns v Richmond Tigers,Gold Coast Suns,Richmond Tigers,Player Goals,Jacob Koschitzke,Richmond Tigers,2.5,8.5,NA,Sportsbet,Gold Coast Suns,103,17131,11384037,418611999,1871118080,NA
Gold Coast Suns v Richmond Tigers,Gold Coast Suns,Richmond Tigers,Player Goals,Samson Ryan,Richmond Tigers,2.5,12.5,NA,Sportsbet,Gold Coast Suns,103,17131,11384037,418611999,1871118077,NA
Gold Coast Suns v Richmond Tigers,Gold Coast Suns,Richmond Tigers,Player Goals,Tim Taranto,Richmond Tigers,2.5,13,NA,Sportsbet,Gold Coast Suns,103,17131,11384037,418611999,1871118078,NA
Gold Coast Suns v Richmond Tigers,Gold Coast Suns,Richmond Tigers,Player Goals,Liam Baker,Richmond Tigers,2.5,21,NA,Sportsbet,Gold Coast Suns,103,17131,11384037,418611999,1871118072,NA
Gold Coast Suns v Richmond Tigers,Gold Coast Suns,Richmond Tigers,Player Goals,Ben King,Gold Coast Suns,3.5,4.5,NA,Sportsbet,Richmond Tigers,103,17131,11384037,418612000,1871110517,NA
Gold Coast Suns v Richmond Tigers,Gold Coast Suns,Richmond Tigers,Player Goals,Jack Lukosius,Gold Coast Suns,3.5,4.7,NA,Sportsbet,Richmond Tigers,103,17131,11384037,418612000,1871110516,NA
Gold Coast Suns v Richmond Tigers,Gold Coast Suns,Richmond Tigers,Player Goals,Ben Ainsworth,Gold Coast Suns,3.5,17,NA,Sportsbet,Richmond Tigers,103,17131,11384037,418612000,1871110511,NA
Gold Coast Suns v Richmond Tigers,Gold Coast Suns,Richmond Tigers,Player Goals,Bailey Humphrey,Gold Coast Suns,3.5,34,NA,Sportsbet,Richmond Tigers,103,17131,11384037,418612000,1871110523,NA
Gold Coast Suns v Richmond Tigers,Gold Coast Suns,Richmond Tigers,Player Goals,Nick Holman,Gold Coast Suns,3.5,34,NA,Sportsbet,Richmond Tigers,103,17131,11384037,418612000,1871110515,NA
Gold Coast Suns v Richmond Tigers,Gold Coast Suns,Richmond Tigers,Player Goals,Thomas Berry,Gold Coast Suns,3.5,81,NA,Sportsbet,Richmond Tigers,103,17131,11384037,418612000,1871110522,NA
Gold Coast Suns v Richmond Tigers,Gold Coast Suns,Richmond Tigers,Player Goals,Noah Anderson,Gold Coast Suns,3.5,91,NA,Sportsbet,Richmond Tigers,103,17131,11384037,418612000,1871110519,NA
Gold Coast Suns v Richmond Tigers,Gold Coast Suns,Richmond Tigers,Player Goals,Shai Bolton,Richmond Tigers,3.5,9.25,NA,Sportsbet,Gold Coast Suns,103,17131,11384037,418612000,1871118087,NA
Gold Coast Suns v Richmond Tigers,Gold Coast Suns,Richmond Tigers,Player Goals,Noah Balta,Richmond Tigers,3.5,12,NA,Sportsbet,Gold Coast Suns,103,17131,11384037,418612000,1871118086,NA
Gold Coast Suns v Richmond Tigers,Gold Coast Suns,Richmond Tigers,Player Goals,Jacob Koschitzke,Richmond Tigers,3.5,26,NA,Sportsbet,Gold Coast Suns,103,17131,11384037,418612000,1871118093,NA
Gold Coast Suns v Richmond Tigers,Gold Coast Suns,Richmond Tigers,Player Goals,Samson Ryan,Richmond Tigers,3.5,51,NA,Sportsbet,Gold Coast Suns,103,17131,11384037,418612000,1871118090,NA
Gold Coast Suns v Richmond Tigers,Gold Coast Suns,Richmond Tigers,Player Goals,Tim Taranto,Richmond Tigers,3.5,67,NA,Sportsbet,Gold Coast Suns,103,17131,11384037,418612000,1871118091,NA
Gold Coast Suns v Richmond Tigers,Gold Coast Suns,Richmond Tigers,Player Goals,Ben King,Gold Coast Suns,4.5,10.5,NA,Sportsbet,Richmond Tigers,103,17131,11384037,418612001,1871110530,NA
Gold Coast Suns v Richmond Tigers,Gold Coast Suns,Richmond Tigers,Player Goals,Jack Lukosius,Gold Coast Suns,4.5,10,NA,Sportsbet,Richmond Tigers,103,17131,11384037,418612001,1871110529,NA
Gold Coast Suns v Richmond Tigers,Gold Coast Suns,Richmond Tigers,Player Goals,Ben Ainsworth,Gold Coast Suns,4.5,51,NA,Sportsbet,Richmond Tigers,103,17131,11384037,418612001,1871110524,NA
Gold Coast Suns v Richmond Tigers,Gold Coast Suns,Richmond Tigers,Player Goals,Shai Bolton,Richmond Tigers,4.5,19,NA,Sportsbet,Gold Coast Suns,103,17131,11384037,418612001,1871118100,NA
Gold Coast Suns v Richmond Tigers,Gold Coast Suns,Richmond Tigers,Player Goals,Noah Balta,Richmond Tigers,4.5,23,NA,Sportsbet,Gold Coast Suns,103,17131,11384037,418612001,1871118099,NA
Gold Coast Suns v Richmond Tigers,Gold Coast Suns,Richmond Tigers,Player Goals,Ben King,Gold Coast Suns,5.5,23,NA,Sportsbet,Richmond Tigers,103,17131,11384037,418612002,1871110543,NA
Gold Coast Suns v Richmond Tigers,Gold Coast Suns,Richmond Tigers,Player Goals,Jack Lukosius,Gold Coast Suns,5.5,23,NA,Sportsbet,Richmond Tigers,103,17131,11384037,418612002,1871110542,NA
Gold Coast Suns v Richmond Tigers,Gold Coast Suns,Richmond Tigers,Player Goals,Shai Bolton,Richmond Tigers,5.5,41,NA,Sportsbet,Gold Coast Suns,103,17131,11384037,418612002,1871118113,NA
Gold Coast Suns v Richmond Tigers,Gold Coast Suns,Richmond Tigers,Player Goals,Noah Balta,Richmond Tigers,5.5,46,NA,Sportsbet,Gold Coast Suns,103,17131,11384037,418612002,1871118112,NA
GWS Giants v Collingwood Magpies,GWS Giants,Collingwood Magpies,Player Goals,Aaron Cadman,GWS Giants,0.5,1.26,NA,Sportsbet,Collingwood Magpies,103,17131,11384038,418616890,1871136061,NA
GWS Giants v Collingwood Magpies,GWS Giants,Collingwood Magpies,Player Goals,Brent Daniels,GWS Giants,0.5,1.37,NA,Sportsbet,Collingwood Magpies,103,17131,11384038,418616890,1871136049,NA
GWS Giants v Collingwood Magpies,GWS Giants,Collingwood Magpies,Player Goals,Callum M. Brown (GWS),NA,0.5,1.47,NA,Sportsbet,NA,103,17131,11384038,418616890,1871136056,NA
GWS Giants v Collingwood Magpies,GWS Giants,Collingwood Magpies,Player Goals,Jake Riccardi,GWS Giants,0.5,1.19,NA,Sportsbet,Collingwood Magpies,103,17131,11384038,418616890,1871136058,NA
GWS Giants v Collingwood Magpies,GWS Giants,Collingwood Magpies,Player Goals,Jesse Hogan,GWS Giants,0.5,1.14,NA,Sportsbet,Collingwood Magpies,103,17131,11384038,418616890,1871136052,NA
GWS Giants v Collingwood Magpies,GWS Giants,Collingwood Magpies,Player Goals,Toby Greene,GWS Giants,0.5,1.06,NA,Sportsbet,Collingwood Magpies,103,17131,11384038,418616890,1871136051,NA
GWS Giants v Collingwood Magpies,GWS Giants,Collingwood Magpies,Player Goals,Jacob Wehr,GWS Giants,0.5,2.9,NA,Sportsbet,Collingwood Magpies,103,17131,11384038,418616890,1871136059,NA
GWS Giants v Collingwood Magpies,GWS Giants,Collingwood Magpies,Player Goals,Josh Kelly,GWS Giants,0.5,2.05,NA,Sportsbet,Collingwood Magpies,103,17131,11384038,418616890,1871136053,NA
GWS Giants v Collingwood Magpies,GWS Giants,Collingwood Magpies,Player Goals,Stephen Coniglio,GWS Giants,0.5,2.25,NA,Sportsbet,Collingwood Magpies,103,17131,11384038,418616890,1871136050,NA
GWS Giants v Collingwood Magpies,GWS Giants,Collingwood Magpies,Player Goals,Toby Bedford,GWS Giants,0.5,2.02,NA,Sportsbet,Collingwood Magpies,103,17131,11384038,418616890,1871136060,NA
GWS Giants v Collingwood Magpies,GWS Giants,Collingwood Magpies,Player Goals,Tom Green,GWS Giants,0.5,2.8,NA,Sportsbet,Collingwood Magpies,103,17131,11384038,418616890,1871136057,NA
GWS Giants v Collingwood Magpies,GWS Giants,Collingwood Magpies,Player Goals,Xavier O'Halloran,GWS Giants,0.5,2.05,NA,Sportsbet,Collingwood Magpies,103,17131,11384038,418616890,1871136054,NA
GWS Giants v Collingwood Magpies,GWS Giants,Collingwood Magpies,Player Goals,Kieren Briggs,GWS Giants,0.5,4.1,NA,Sportsbet,Collingwood Magpies,103,17131,11384038,418616890,1871136055,NA
GWS Giants v Collingwood Magpies,GWS Giants,Collingwood Magpies,Player Goals,Beau McCreery,Collingwood Magpies,0.5,1.97,NA,Sportsbet,GWS Giants,103,17131,11384038,418616890,1871136615,NA
GWS Giants v Collingwood Magpies,GWS Giants,Collingwood Magpies,Player Goals,Bobby Hill,Collingwood Magpies,0.5,1.38,NA,Sportsbet,GWS Giants,103,17131,11384038,418616890,1871136617,NA
GWS Giants v Collingwood Magpies,GWS Giants,Collingwood Magpies,Player Goals,Brody Mihocek,Collingwood Magpies,0.5,1.18,NA,Sportsbet,GWS Giants,103,17131,11384038,418616890,1871136604,NA
GWS Giants v Collingwood Magpies,GWS Giants,Collingwood Magpies,Player Goals,Jamie Elliott,Collingwood Magpies,0.5,1.21,NA,Sportsbet,GWS Giants,103,17131,11384038,418616890,1871136606,NA
GWS Giants v Collingwood Magpies,GWS Giants,Collingwood Magpies,Player Goals,Jordan De Goey,Collingwood Magpies,0.5,1.66,NA,Sportsbet,GWS Giants,103,17131,11384038,418616890,1871136613,NA
GWS Giants v Collingwood Magpies,GWS Giants,Collingwood Magpies,Player Goals,Lachie Schultz,Collingwood Magpies,0.5,1.26,NA,Sportsbet,GWS Giants,103,17131,11384038,418616890,1871136618,NA
GWS Giants v Collingwood Magpies,GWS Giants,Collingwood Magpies,Player Goals,Mason Cox,Collingwood Magpies,0.5,1.67,NA,Sportsbet,GWS Giants,103,17131,11384038,418616890,1871136608,NA
GWS Giants v Collingwood Magpies,GWS Giants,Collingwood Magpies,Player Goals,Nick Daicos,Collingwood Magpies,0.5,1.64,NA,Sportsbet,GWS Giants,103,17131,11384038,418616890,1871136616,NA
GWS Giants v Collingwood Magpies,GWS Giants,Collingwood Magpies,Player Goals,Josh Daicos,Collingwood Magpies,0.5,2.2,NA,Sportsbet,GWS Giants,103,17131,11384038,418616890,1871136607,NA
GWS Giants v Collingwood Magpies,GWS Giants,Collingwood Magpies,Player Goals,Patrick Lipinski,Collingwood Magpies,0.5,2.05,NA,Sportsbet,GWS Giants,103,17131,11384038,418616890,1871136611,NA
GWS Giants v Collingwood Magpies,GWS Giants,Collingwood Magpies,Player Goals,Will Hoskin-Elliott,Collingwood Magpies,0.5,2.85,NA,Sportsbet,GWS Giants,103,17131,11384038,418616890,1871136612,NA
GWS Giants v Collingwood Magpies,GWS Giants,Collingwood Magpies,Player Goals,Darcy Cameron,Collingwood Magpies,0.5,3.25,NA,Sportsbet,GWS Giants,103,17131,11384038,418616890,1871136614,NA
GWS Giants v Collingwood Magpies,GWS Giants,Collingwood Magpies,Player Goals,Jack Crisp,Collingwood Magpies,0.5,3.05,NA,Sportsbet,GWS Giants,103,17131,11384038,418616890,1871136605,NA
GWS Giants v Collingwood Magpies,GWS Giants,Collingwood Magpies,Player Goals,Scott Pendlebury,Collingwood Magpies,0.5,3.75,NA,Sportsbet,GWS Giants,103,17131,11384038,418616890,1871136609,NA
GWS Giants v Collingwood Magpies,GWS Giants,Collingwood Magpies,Player Goals,Steele Sidebottom,Collingwood Magpies,0.5,4.4,NA,Sportsbet,GWS Giants,103,17131,11384038,418616890,1871136610,NA
GWS Giants v Collingwood Magpies,GWS Giants,Collingwood Magpies,Player Goals,Jesse Hogan,GWS Giants,1.5,1.75,NA,Sportsbet,Collingwood Magpies,103,17131,11384038,418616895,1871136117,NA
GWS Giants v Collingwood Magpies,GWS Giants,Collingwood Magpies,Player Goals,Toby Greene,GWS Giants,1.5,1.47,NA,Sportsbet,Collingwood Magpies,103,17131,11384038,418616895,1871136116,NA
GWS Giants v Collingwood Magpies,GWS Giants,Collingwood Magpies,Player Goals,Aaron Cadman,GWS Giants,1.5,2.45,NA,Sportsbet,Collingwood Magpies,103,17131,11384038,418616895,1871136126,NA
GWS Giants v Collingwood Magpies,GWS Giants,Collingwood Magpies,Player Goals,Brent Daniels,GWS Giants,1.5,2.65,NA,Sportsbet,Collingwood Magpies,103,17131,11384038,418616895,1871136114,NA
GWS Giants v Collingwood Magpies,GWS Giants,Collingwood Magpies,Player Goals,Jake Riccardi,GWS Giants,1.5,2.12,NA,Sportsbet,Collingwood Magpies,103,17131,11384038,418616895,1871136123,NA
GWS Giants v Collingwood Magpies,GWS Giants,Collingwood Magpies,Player Goals,Callum M. Brown (GWS),NA,1.5,3.35,NA,Sportsbet,NA,103,17131,11384038,418616895,1871136121,NA
GWS Giants v Collingwood Magpies,GWS Giants,Collingwood Magpies,Player Goals,Josh Kelly,GWS Giants,1.5,6.75,NA,Sportsbet,Collingwood Magpies,103,17131,11384038,418616895,1871136118,NA
GWS Giants v Collingwood Magpies,GWS Giants,Collingwood Magpies,Player Goals,Toby Bedford,GWS Giants,1.5,6.5,NA,Sportsbet,Collingwood Magpies,103,17131,11384038,418616895,1871136125,NA
GWS Giants v Collingwood Magpies,GWS Giants,Collingwood Magpies,Player Goals,Xavier O'Halloran,GWS Giants,1.5,6,NA,Sportsbet,Collingwood Magpies,103,17131,11384038,418616895,1871136119,NA
GWS Giants v Collingwood Magpies,GWS Giants,Collingwood Magpies,Player Goals,Stephen Coniglio,GWS Giants,1.5,9.75,NA,Sportsbet,Collingwood Magpies,103,17131,11384038,418616895,1871136115,NA
GWS Giants v Collingwood Magpies,GWS Giants,Collingwood Magpies,Player Goals,Jacob Wehr,GWS Giants,1.5,13,NA,Sportsbet,Collingwood Magpies,103,17131,11384038,418616895,1871136124,NA
GWS Giants v Collingwood Magpies,GWS Giants,Collingwood Magpies,Player Goals,Tom Green,GWS Giants,1.5,13,NA,Sportsbet,Collingwood Magpies,103,17131,11384038,418616895,1871136122,NA
GWS Giants v Collingwood Magpies,GWS Giants,Collingwood Magpies,Player Goals,Brody Mihocek,Collingwood Magpies,1.5,1.88,NA,Sportsbet,GWS Giants,103,17131,11384038,418616895,1871136679,NA
GWS Giants v Collingwood Magpies,GWS Giants,Collingwood Magpies,Player Goals,Bobby Hill,Collingwood Magpies,1.5,2.85,NA,Sportsbet,GWS Giants,103,17131,11384038,418616895,1871136692,NA
GWS Giants v Collingwood Magpies,GWS Giants,Collingwood Magpies,Player Goals,Jamie Elliott,Collingwood Magpies,1.5,2.12,NA,Sportsbet,GWS Giants,103,17131,11384038,418616895,1871136681,NA
GWS Giants v Collingwood Magpies,GWS Giants,Collingwood Magpies,Player Goals,Lachie Schultz,Collingwood Magpies,1.5,2.4,NA,Sportsbet,GWS Giants,103,17131,11384038,418616895,1871136693,NA
GWS Giants v Collingwood Magpies,GWS Giants,Collingwood Magpies,Player Goals,Jordan De Goey,Collingwood Magpies,1.5,4.75,NA,Sportsbet,GWS Giants,103,17131,11384038,418616895,1871136688,NA
GWS Giants v Collingwood Magpies,GWS Giants,Collingwood Magpies,Player Goals,Mason Cox,Collingwood Magpies,1.5,4.3,NA,Sportsbet,GWS Giants,103,17131,11384038,418616895,1871136683,NA
GWS Giants v Collingwood Magpies,GWS Giants,Collingwood Magpies,Player Goals,Nick Daicos,Collingwood Magpies,1.5,4.6,NA,Sportsbet,GWS Giants,103,17131,11384038,418616895,1871136691,NA
GWS Giants v Collingwood Magpies,GWS Giants,Collingwood Magpies,Player Goals,Beau McCreery,Collingwood Magpies,1.5,6.25,NA,Sportsbet,GWS Giants,103,17131,11384038,418616895,1871136690,NA
GWS Giants v Collingwood Magpies,GWS Giants,Collingwood Magpies,Player Goals,Patrick Lipinski,Collingwood Magpies,1.5,7,NA,Sportsbet,GWS Giants,103,17131,11384038,418616895,1871136686,NA
GWS Giants v Collingwood Magpies,GWS Giants,Collingwood Magpies,Player Goals,Josh Daicos,Collingwood Magpies,1.5,9.25,NA,Sportsbet,GWS Giants,103,17131,11384038,418616895,1871136682,NA
GWS Giants v Collingwood Magpies,GWS Giants,Collingwood Magpies,Player Goals,Will Hoskin-Elliott,Collingwood Magpies,1.5,11.5,NA,Sportsbet,GWS Giants,103,17131,11384038,418616895,1871136687,NA
GWS Giants v Collingwood Magpies,GWS Giants,Collingwood Magpies,Player Goals,Darcy Cameron,Collingwood Magpies,1.5,16,NA,Sportsbet,GWS Giants,103,17131,11384038,418616895,1871136689,NA
GWS Giants v Collingwood Magpies,GWS Giants,Collingwood Magpies,Player Goals,Jack Crisp,Collingwood Magpies,1.5,16,NA,Sportsbet,GWS Giants,103,17131,11384038,418616895,1871136680,NA
GWS Giants v Collingwood Magpies,GWS Giants,Collingwood Magpies,Player Goals,Scott Pendlebury,Collingwood Magpies,1.5,18,NA,Sportsbet,GWS Giants,103,17131,11384038,418616895,1871136684,NA
GWS Giants v Collingwood Magpies,GWS Giants,Collingwood Magpies,Player Goals,Toby Greene,GWS Giants,2.5,2.5,NA,Sportsbet,Collingwood Magpies,103,17131,11384038,418616891,1871136064,NA
GWS Giants v Collingwood Magpies,GWS Giants,Collingwood Magpies,Player Goals,Jesse Hogan,GWS Giants,2.5,3.35,NA,Sportsbet,Collingwood Magpies,103,17131,11384038,418616891,1871136065,NA
GWS Giants v Collingwood Magpies,GWS Giants,Collingwood Magpies,Player Goals,Jake Riccardi,GWS Giants,2.5,4.6,NA,Sportsbet,Collingwood Magpies,103,17131,11384038,418616891,1871136071,NA
GWS Giants v Collingwood Magpies,GWS Giants,Collingwood Magpies,Player Goals,Aaron Cadman,GWS Giants,2.5,5.9,NA,Sportsbet,Collingwood Magpies,103,17131,11384038,418616891,1871136074,NA
GWS Giants v Collingwood Magpies,GWS Giants,Collingwood Magpies,Player Goals,Brent Daniels,GWS Giants,2.5,6.75,NA,Sportsbet,Collingwood Magpies,103,17131,11384038,418616891,1871136062,NA
GWS Giants v Collingwood Magpies,GWS Giants,Collingwood Magpies,Player Goals,Callum M. Brown (GWS),NA,2.5,8.5,NA,Sportsbet,NA,103,17131,11384038,418616891,1871136069,NA
GWS Giants v Collingwood Magpies,GWS Giants,Collingwood Magpies,Player Goals,Toby Bedford,GWS Giants,2.5,23,NA,Sportsbet,Collingwood Magpies,103,17131,11384038,418616891,1871136073,NA
GWS Giants v Collingwood Magpies,GWS Giants,Collingwood Magpies,Player Goals,Xavier O'Halloran,GWS Giants,2.5,23,NA,Sportsbet,Collingwood Magpies,103,17131,11384038,418616891,1871136067,NA
GWS Giants v Collingwood Magpies,GWS Giants,Collingwood Magpies,Player Goals,Josh Kelly,GWS Giants,2.5,26,NA,Sportsbet,Collingwood Magpies,103,17131,11384038,418616891,1871136066,NA
GWS Giants v Collingwood Magpies,GWS Giants,Collingwood Magpies,Player Goals,Brody Mihocek,Collingwood Magpies,2.5,3.9,NA,Sportsbet,GWS Giants,103,17131,11384038,418616891,1871136619,NA
GWS Giants v Collingwood Magpies,GWS Giants,Collingwood Magpies,Player Goals,Jamie Elliott,Collingwood Magpies,2.5,5.1,NA,Sportsbet,GWS Giants,103,17131,11384038,418616891,1871136621,NA
GWS Giants v Collingwood Magpies,GWS Giants,Collingwood Magpies,Player Goals,Lachie Schultz,Collingwood Magpies,2.5,5.6,NA,Sportsbet,GWS Giants,103,17131,11384038,418616891,1871136633,NA
GWS Giants v Collingwood Magpies,GWS Giants,Collingwood Magpies,Player Goals,Bobby Hill,Collingwood Magpies,2.5,7.25,NA,Sportsbet,GWS Giants,103,17131,11384038,418616891,1871136632,NA
GWS Giants v Collingwood Magpies,GWS Giants,Collingwood Magpies,Player Goals,Nick Daicos,Collingwood Magpies,2.5,14,NA,Sportsbet,GWS Giants,103,17131,11384038,418616891,1871136631,NA
GWS Giants v Collingwood Magpies,GWS Giants,Collingwood Magpies,Player Goals,Jordan De Goey,Collingwood Magpies,2.5,15,NA,Sportsbet,GWS Giants,103,17131,11384038,418616891,1871136628,NA
GWS Giants v Collingwood Magpies,GWS Giants,Collingwood Magpies,Player Goals,Mason Cox,Collingwood Magpies,2.5,15,NA,Sportsbet,GWS Giants,103,17131,11384038,418616891,1871136623,NA
GWS Giants v Collingwood Magpies,GWS Giants,Collingwood Magpies,Player Goals,Beau McCreery,Collingwood Magpies,2.5,26,NA,Sportsbet,GWS Giants,103,17131,11384038,418616891,1871136630,NA
GWS Giants v Collingwood Magpies,GWS Giants,Collingwood Magpies,Player Goals,Patrick Lipinski,Collingwood Magpies,2.5,29,NA,Sportsbet,GWS Giants,103,17131,11384038,418616891,1871136626,NA
GWS Giants v Collingwood Magpies,GWS Giants,Collingwood Magpies,Player Goals,Josh Daicos,Collingwood Magpies,2.5,41,NA,Sportsbet,GWS Giants,103,17131,11384038,418616891,1871136622,NA
GWS Giants v Collingwood Magpies,GWS Giants,Collingwood Magpies,Player Goals,Toby Greene,GWS Giants,3.5,4.9,NA,Sportsbet,Collingwood Magpies,103,17131,11384038,418616892,1871136077,NA
GWS Giants v Collingwood Magpies,GWS Giants,Collingwood Magpies,Player Goals,Jesse Hogan,GWS Giants,3.5,7.25,NA,Sportsbet,Collingwood Magpies,103,17131,11384038,418616892,1871136078,NA
GWS Giants v Collingwood Magpies,GWS Giants,Collingwood Magpies,Player Goals,Jake Riccardi,GWS Giants,3.5,13,NA,Sportsbet,Collingwood Magpies,103,17131,11384038,418616892,1871136084,NA
GWS Giants v Collingwood Magpies,GWS Giants,Collingwood Magpies,Player Goals,Aaron Cadman,GWS Giants,3.5,16,NA,Sportsbet,Collingwood Magpies,103,17131,11384038,418616892,1871136087,NA
GWS Giants v Collingwood Magpies,GWS Giants,Collingwood Magpies,Player Goals,Brent Daniels,GWS Giants,3.5,19,NA,Sportsbet,Collingwood Magpies,103,17131,11384038,418616892,1871136075,NA
GWS Giants v Collingwood Magpies,GWS Giants,Collingwood Magpies,Player Goals,Callum M. Brown (GWS),NA,3.5,23,NA,Sportsbet,NA,103,17131,11384038,418616892,1871136082,NA
GWS Giants v Collingwood Magpies,GWS Giants,Collingwood Magpies,Player Goals,Brody Mihocek,Collingwood Magpies,3.5,8.5,NA,Sportsbet,GWS Giants,103,17131,11384038,418616892,1871136634,NA
GWS Giants v Collingwood Magpies,GWS Giants,Collingwood Magpies,Player Goals,Jamie Elliott,Collingwood Magpies,3.5,12,NA,Sportsbet,GWS Giants,103,17131,11384038,418616892,1871136636,NA
GWS Giants v Collingwood Magpies,GWS Giants,Collingwood Magpies,Player Goals,Lachie Schultz,Collingwood Magpies,3.5,17,NA,Sportsbet,GWS Giants,103,17131,11384038,418616892,1871136648,NA
GWS Giants v Collingwood Magpies,GWS Giants,Collingwood Magpies,Player Goals,Bobby Hill,Collingwood Magpies,3.5,21,NA,Sportsbet,GWS Giants,103,17131,11384038,418616892,1871136647,NA
GWS Giants v Collingwood Magpies,GWS Giants,Collingwood Magpies,Player Goals,Jordan De Goey,Collingwood Magpies,3.5,51,NA,Sportsbet,GWS Giants,103,17131,11384038,418616892,1871136643,NA
GWS Giants v Collingwood Magpies,GWS Giants,Collingwood Magpies,Player Goals,Mason Cox,Collingwood Magpies,3.5,71,NA,Sportsbet,GWS Giants,103,17131,11384038,418616892,1871136638,NA
GWS Giants v Collingwood Magpies,GWS Giants,Collingwood Magpies,Player Goals,Nick Daicos,Collingwood Magpies,3.5,71,NA,Sportsbet,GWS Giants,103,17131,11384038,418616892,1871136646,NA
GWS Giants v Collingwood Magpies,GWS Giants,Collingwood Magpies,Player Goals,Toby Greene,GWS Giants,4.5,12,NA,Sportsbet,Collingwood Magpies,103,17131,11384038,418616893,1871136090,NA
GWS Giants v Collingwood Magpies,GWS Giants,Collingwood Magpies,Player Goals,Jesse Hogan,GWS Giants,4.5,19,NA,Sportsbet,Collingwood Magpies,103,17131,11384038,418616893,1871136091,NA
GWS Giants v Collingwood Magpies,GWS Giants,Collingwood Magpies,Player Goals,Jake Riccardi,GWS Giants,4.5,31,NA,Sportsbet,Collingwood Magpies,103,17131,11384038,418616893,1871136097,NA
GWS Giants v Collingwood Magpies,GWS Giants,Collingwood Magpies,Player Goals,Aaron Cadman,GWS Giants,4.5,51,NA,Sportsbet,Collingwood Magpies,103,17131,11384038,418616893,1871136100,NA
GWS Giants v Collingwood Magpies,GWS Giants,Collingwood Magpies,Player Goals,Brent Daniels,GWS Giants,4.5,81,NA,Sportsbet,Collingwood Magpies,103,17131,11384038,418616893,1871136088,NA
GWS Giants v Collingwood Magpies,GWS Giants,Collingwood Magpies,Player Goals,Brody Mihocek,Collingwood Magpies,4.5,26,NA,Sportsbet,GWS Giants,103,17131,11384038,418616893,1871136649,NA
GWS Giants v Collingwood Magpies,GWS Giants,Collingwood Magpies,Player Goals,Jamie Elliott,Collingwood Magpies,4.5,34,NA,Sportsbet,GWS Giants,103,17131,11384038,418616893,1871136651,NA
GWS Giants v Collingwood Magpies,GWS Giants,Collingwood Magpies,Player Goals,Lachie Schultz,Collingwood Magpies,4.5,41,NA,Sportsbet,GWS Giants,103,17131,11384038,418616893,1871136663,NA
GWS Giants v Collingwood Magpies,GWS Giants,Collingwood Magpies,Player Goals,Bobby Hill,Collingwood Magpies,4.5,81,NA,Sportsbet,GWS Giants,103,17131,11384038,418616893,1871136662,NA
GWS Giants v Collingwood Magpies,GWS Giants,Collingwood Magpies,Player Goals,Toby Greene,GWS Giants,5.5,26,NA,Sportsbet,Collingwood Magpies,103,17131,11384038,418616894,1871136103,NA
GWS Giants v Collingwood Magpies,GWS Giants,Collingwood Magpies,Player Goals,Jesse Hogan,GWS Giants,5.5,31,NA,Sportsbet,Collingwood Magpies,103,17131,11384038,418616894,1871136104,NA
GWS Giants v Collingwood Magpies,GWS Giants,Collingwood Magpies,Player Goals,Jake Riccardi,GWS Giants,5.5,46,NA,Sportsbet,Collingwood Magpies,103,17131,11384038,418616894,1871136110,NA
GWS Giants v Collingwood Magpies,GWS Giants,Collingwood Magpies,Player Goals,Brody Mihocek,Collingwood Magpies,5.5,67,NA,Sportsbet,GWS Giants,103,17131,11384038,418616894,1871136664,NA
