match,home_team,away_team,date,line,player_name,player_team,opposition_team,over_price,under_price,agency,market_name
Brisbane Lions v Carlton,Brisbane Lions,Carlton,2024-09-07,14.5,Adam Saad,Carlton,Brisbane Lions,1.15,NA,Unibet,Player Disposals
Brisbane Lions v Carlton,Brisbane Lions,Carlton,2024-09-07,19.5,Adam Saad,Carlton,Brisbane Lions,1.94,NA,Unibet,Player Disposals
Brisbane Lions v Carlton,Brisbane Lions,Carlton,2024-09-07,24.5,Adam Saad,Carlton,Brisbane Lions,4.4,NA,Unibet,Player Disposals
Brisbane Lions v Carlton,Brisbane Lions,Carlton,2024-09-07,29.5,Adam Saad,Carlton,Brisbane Lions,16,NA,Unibet,Player Disposals
Brisbane Lions v Carlton,Brisbane Lions,Carlton,2024-09-07,14.5,Alex Cincotta,Carlton,Brisbane Lions,2.45,NA,Unibet,Player Disposals
Brisbane Lions v Carlton,Brisbane Lions,Carlton,2024-09-07,19.5,Alex Cincotta,Carlton,Brisbane Lions,7.75,NA,Unibet,Player Disposals
Brisbane Lions v Carlton,Brisbane Lions,Carlton,2024-09-07,14.5,Blake Acres,Carlton,Brisbane Lions,1.06,NA,Unibet,Player Disposals
Brisbane Lions v Carlton,Brisbane Lions,Carlton,2024-09-07,19.5,Blake Acres,Carlton,Brisbane Lions,1.51,NA,Unibet,Player Disposals
Brisbane Lions v Carlton,Brisbane Lions,Carlton,2024-09-07,24.5,Blake Acres,Carlton,Brisbane Lions,3.4,NA,Unibet,Player Disposals
Brisbane Lions v Carlton,Brisbane Lions,Carlton,2024-09-07,29.5,Blake Acres,Carlton,Brisbane Lions,11,NA,Unibet,Player Disposals
Brisbane Lions v Carlton,Brisbane Lions,Carlton,2024-09-07,34.5,Blake Acres,Carlton,Brisbane Lions,34,NA,Unibet,Player Disposals
Brisbane Lions v Carlton,Brisbane Lions,Carlton,2024-09-07,14.5,Brandon Starcevich,Brisbane Lions,Carlton,3.6,NA,Unibet,Player Disposals
Brisbane Lions v Carlton,Brisbane Lions,Carlton,2024-09-07,14.5,Brodie Kemp,Carlton,Brisbane Lions,1.85,NA,Unibet,Player Disposals
Brisbane Lions v Carlton,Brisbane Lions,Carlton,2024-09-07,19.5,Brodie Kemp,Carlton,Brisbane Lions,5.75,NA,Unibet,Player Disposals
Brisbane Lions v Carlton,Brisbane Lions,Carlton,2024-09-07,14.5,Callum Ah Chee,Brisbane Lions,Carlton,2.05,NA,Unibet,Player Disposals
Brisbane Lions v Carlton,Brisbane Lions,Carlton,2024-09-07,19.5,Callum Ah Chee,Brisbane Lions,Carlton,5.75,NA,Unibet,Player Disposals
Brisbane Lions v Carlton,Brisbane Lions,Carlton,2024-09-07,24.5,Callum Ah Chee,Brisbane Lions,Carlton,16,NA,Unibet,Player Disposals
Brisbane Lions v Carlton,Brisbane Lions,Carlton,2024-09-07,14.5,Cam Rayner,Brisbane Lions,Carlton,1.44,NA,Unibet,Player Disposals
Brisbane Lions v Carlton,Brisbane Lions,Carlton,2024-09-07,19.5,Cam Rayner,Brisbane Lions,Carlton,2.75,NA,Unibet,Player Disposals
Brisbane Lions v Carlton,Brisbane Lions,Carlton,2024-09-07,24.5,Cam Rayner,Brisbane Lions,Carlton,7.5,NA,Unibet,Player Disposals
Brisbane Lions v Carlton,Brisbane Lions,Carlton,2024-09-07,29.5,Cam Rayner,Brisbane Lions,Carlton,21,NA,Unibet,Player Disposals
Brisbane Lions v Carlton,Brisbane Lions,Carlton,2024-09-07,14.5,Charlie Cameron,Brisbane Lions,Carlton,3.35,NA,Unibet,Player Disposals
Brisbane Lions v Carlton,Brisbane Lions,Carlton,2024-09-07,14.5,Charlie Curnow,Carlton,Brisbane Lions,2.5,NA,Unibet,Player Disposals
Brisbane Lions v Carlton,Brisbane Lions,Carlton,2024-09-07,14.5,Conor McKenna,Brisbane Lions,Carlton,1.5,NA,Unibet,Player Disposals
Brisbane Lions v Carlton,Brisbane Lions,Carlton,2024-09-07,19.5,Conor McKenna,Brisbane Lions,Carlton,3.8,NA,Unibet,Player Disposals
Brisbane Lions v Carlton,Brisbane Lions,Carlton,2024-09-07,24.5,Conor McKenna,Brisbane Lions,Carlton,15,NA,Unibet,Player Disposals
Brisbane Lions v Carlton,Brisbane Lions,Carlton,2024-09-07,14.5,Darcy Wilmot,Brisbane Lions,Carlton,1.1,NA,Unibet,Player Disposals
Brisbane Lions v Carlton,Brisbane Lions,Carlton,2024-09-07,19.5,Darcy Wilmot,Brisbane Lions,Carlton,1.68,NA,Unibet,Player Disposals
Brisbane Lions v Carlton,Brisbane Lions,Carlton,2024-09-07,24.5,Darcy Wilmot,Brisbane Lions,Carlton,3.2,NA,Unibet,Player Disposals
Brisbane Lions v Carlton,Brisbane Lions,Carlton,2024-09-07,29.5,Darcy Wilmot,Brisbane Lions,Carlton,12,NA,Unibet,Player Disposals
Brisbane Lions v Carlton,Brisbane Lions,Carlton,2024-09-07,34.5,Darcy Wilmot,Brisbane Lions,Carlton,34,NA,Unibet,Player Disposals
Brisbane Lions v Carlton,Brisbane Lions,Carlton,2024-09-07,14.5,Darragh Joyce,Brisbane Lions,Carlton,2.4,NA,Unibet,Player Disposals
Brisbane Lions v Carlton,Brisbane Lions,Carlton,2024-09-07,19.5,Darragh Joyce,Brisbane Lions,Carlton,7.5,NA,Unibet,Player Disposals
Brisbane Lions v Carlton,Brisbane Lions,Carlton,2024-09-07,19.5,Dayne Zorko,Brisbane Lions,Carlton,1.06,NA,Unibet,Player Disposals
Brisbane Lions v Carlton,Brisbane Lions,Carlton,2024-09-07,24.5,Dayne Zorko,Brisbane Lions,Carlton,1.51,NA,Unibet,Player Disposals
Brisbane Lions v Carlton,Brisbane Lions,Carlton,2024-09-07,29.5,Dayne Zorko,Brisbane Lions,Carlton,3,NA,Unibet,Player Disposals
Brisbane Lions v Carlton,Brisbane Lions,Carlton,2024-09-07,34.5,Dayne Zorko,Brisbane Lions,Carlton,8,NA,Unibet,Player Disposals
Brisbane Lions v Carlton,Brisbane Lions,Carlton,2024-09-07,39.5,Dayne Zorko,Brisbane Lions,Carlton,23,NA,Unibet,Player Disposals
Brisbane Lions v Carlton,Brisbane Lions,Carlton,2024-09-07,14.5,Elijah Hollands,Carlton,Brisbane Lions,1.16,NA,Unibet,Player Disposals
Brisbane Lions v Carlton,Brisbane Lions,Carlton,2024-09-07,19.5,Elijah Hollands,Carlton,Brisbane Lions,2.05,NA,Unibet,Player Disposals
Brisbane Lions v Carlton,Brisbane Lions,Carlton,2024-09-07,24.5,Elijah Hollands,Carlton,Brisbane Lions,5.25,NA,Unibet,Player Disposals
Brisbane Lions v Carlton,Brisbane Lions,Carlton,2024-09-07,29.5,Elijah Hollands,Carlton,Brisbane Lions,19,NA,Unibet,Player Disposals
Brisbane Lions v Carlton,Brisbane Lions,Carlton,2024-09-07,14.5,Eric Hipwood,Brisbane Lions,Carlton,3.55,NA,Unibet,Player Disposals
Brisbane Lions v Carlton,Brisbane Lions,Carlton,2024-09-07,19.5,George Hewett,Carlton,Brisbane Lions,1.17,NA,Unibet,Player Disposals
Brisbane Lions v Carlton,Brisbane Lions,Carlton,2024-09-07,24.5,George Hewett,Carlton,Brisbane Lions,2,NA,Unibet,Player Disposals
Brisbane Lions v Carlton,Brisbane Lions,Carlton,2024-09-07,29.5,George Hewett,Carlton,Brisbane Lions,4.5,NA,Unibet,Player Disposals
Brisbane Lions v Carlton,Brisbane Lions,Carlton,2024-09-07,34.5,George Hewett,Carlton,Brisbane Lions,14,NA,Unibet,Player Disposals
Brisbane Lions v Carlton,Brisbane Lions,Carlton,2024-09-07,39.5,George Hewett,Carlton,Brisbane Lions,67,NA,Unibet,Player Disposals
Brisbane Lions v Carlton,Brisbane Lions,Carlton,2024-09-07,14.5,Harris Andrews,Brisbane Lions,Carlton,2.2,NA,Unibet,Player Disposals
Brisbane Lions v Carlton,Brisbane Lions,Carlton,2024-09-07,19.5,Harris Andrews,Brisbane Lions,Carlton,7.5,NA,Unibet,Player Disposals
Brisbane Lions v Carlton,Brisbane Lions,Carlton,2024-09-07,14.5,Harry McKay,Carlton,Brisbane Lions,2.25,NA,Unibet,Player Disposals
Brisbane Lions v Carlton,Brisbane Lions,Carlton,2024-09-07,19.5,Hugh McCluggage,Brisbane Lions,Carlton,1.08,NA,Unibet,Player Disposals
Brisbane Lions v Carlton,Brisbane Lions,Carlton,2024-09-07,24.5,Hugh McCluggage,Brisbane Lions,Carlton,1.65,NA,Unibet,Player Disposals
Brisbane Lions v Carlton,Brisbane Lions,Carlton,2024-09-07,29.5,Hugh McCluggage,Brisbane Lions,Carlton,3.5,NA,Unibet,Player Disposals
Brisbane Lions v Carlton,Brisbane Lions,Carlton,2024-09-07,34.5,Hugh McCluggage,Brisbane Lions,Carlton,9.5,NA,Unibet,Player Disposals
Brisbane Lions v Carlton,Brisbane Lions,Carlton,2024-09-07,39.5,Hugh McCluggage,Brisbane Lions,Carlton,34,NA,Unibet,Player Disposals
Brisbane Lions v Carlton,Brisbane Lions,Carlton,2024-09-07,14.5,Jacob Weitering,Carlton,Brisbane Lions,1.85,NA,Unibet,Player Disposals
Brisbane Lions v Carlton,Brisbane Lions,Carlton,2024-09-07,19.5,Jacob Weitering,Carlton,Brisbane Lions,5.75,NA,Unibet,Player Disposals
Brisbane Lions v Carlton,Brisbane Lions,Carlton,2024-09-07,14.5,Jarrod Berry,Brisbane Lions,Carlton,1.15,NA,Unibet,Player Disposals
Brisbane Lions v Carlton,Brisbane Lions,Carlton,2024-09-07,19.5,Jarrod Berry,Brisbane Lions,Carlton,1.94,NA,Unibet,Player Disposals
Brisbane Lions v Carlton,Brisbane Lions,Carlton,2024-09-07,24.5,Jarrod Berry,Brisbane Lions,Carlton,4.6,NA,Unibet,Player Disposals
Brisbane Lions v Carlton,Brisbane Lions,Carlton,2024-09-07,29.5,Jarrod Berry,Brisbane Lions,Carlton,19,NA,Unibet,Player Disposals
Brisbane Lions v Carlton,Brisbane Lions,Carlton,2024-09-07,14.5,Jaspa Fletcher,Brisbane Lions,Carlton,1.72,NA,Unibet,Player Disposals
Brisbane Lions v Carlton,Brisbane Lions,Carlton,2024-09-07,19.5,Jaspa Fletcher,Brisbane Lions,Carlton,4.75,NA,Unibet,Player Disposals
Brisbane Lions v Carlton,Brisbane Lions,Carlton,2024-09-07,24.5,Jaspa Fletcher,Brisbane Lions,Carlton,15,NA,Unibet,Player Disposals
Brisbane Lions v Carlton,Brisbane Lions,Carlton,2024-09-07,14.5,Joe Daniher,Brisbane Lions,Carlton,1.53,NA,Unibet,Player Disposals
Brisbane Lions v Carlton,Brisbane Lions,Carlton,2024-09-07,19.5,Joe Daniher,Brisbane Lions,Carlton,3.75,NA,Unibet,Player Disposals
Brisbane Lions v Carlton,Brisbane Lions,Carlton,2024-09-07,24.5,Joe Daniher,Brisbane Lions,Carlton,12.5,NA,Unibet,Player Disposals
Brisbane Lions v Carlton,Brisbane Lions,Carlton,2024-09-07,19.5,Josh Dunkley,Brisbane Lions,Carlton,1.09,NA,Unibet,Player Disposals
Brisbane Lions v Carlton,Brisbane Lions,Carlton,2024-09-07,24.5,Josh Dunkley,Brisbane Lions,Carlton,1.57,NA,Unibet,Player Disposals
Brisbane Lions v Carlton,Brisbane Lions,Carlton,2024-09-07,29.5,Josh Dunkley,Brisbane Lions,Carlton,3.2,NA,Unibet,Player Disposals
Brisbane Lions v Carlton,Brisbane Lions,Carlton,2024-09-07,34.5,Josh Dunkley,Brisbane Lions,Carlton,9,NA,Unibet,Player Disposals
Brisbane Lions v Carlton,Brisbane Lions,Carlton,2024-09-07,39.5,Josh Dunkley,Brisbane Lions,Carlton,26,NA,Unibet,Player Disposals
Brisbane Lions v Carlton,Brisbane Lions,Carlton,2024-09-07,14.5,Kai Lohmann,Brisbane Lions,Carlton,3.05,NA,Unibet,Player Disposals
Brisbane Lions v Carlton,Brisbane Lions,Carlton,2024-09-07,24.5,Lachie Neale,Brisbane Lions,Carlton,1.32,NA,Unibet,Player Disposals
Brisbane Lions v Carlton,Brisbane Lions,Carlton,2024-09-07,29.5,Lachie Neale,Brisbane Lions,Carlton,2.18,NA,Unibet,Player Disposals
Brisbane Lions v Carlton,Brisbane Lions,Carlton,2024-09-07,34.5,Lachie Neale,Brisbane Lions,Carlton,5.25,NA,Unibet,Player Disposals
Brisbane Lions v Carlton,Brisbane Lions,Carlton,2024-09-07,39.5,Lachie Neale,Brisbane Lions,Carlton,13,NA,Unibet,Player Disposals
Brisbane Lions v Carlton,Brisbane Lions,Carlton,2024-09-07,14.5,Lachlan Cowan,Carlton,Brisbane Lions,2.35,NA,Unibet,Player Disposals
Brisbane Lions v Carlton,Brisbane Lions,Carlton,2024-09-07,14.5,Marc Pittonet,Carlton,Brisbane Lions,2.2,NA,Unibet,Player Disposals
Brisbane Lions v Carlton,Brisbane Lions,Carlton,2024-09-07,19.5,Marc Pittonet,Carlton,Brisbane Lions,7.5,NA,Unibet,Player Disposals
Brisbane Lions v Carlton,Brisbane Lions,Carlton,2024-09-07,14.5,Matthew Kennedy,Carlton,Brisbane Lions,1.07,NA,Unibet,Player Disposals
Brisbane Lions v Carlton,Brisbane Lions,Carlton,2024-09-07,19.5,Matthew Kennedy,Carlton,Brisbane Lions,1.57,NA,Unibet,Player Disposals
Brisbane Lions v Carlton,Brisbane Lions,Carlton,2024-09-07,24.5,Matthew Kennedy,Carlton,Brisbane Lions,3.25,NA,Unibet,Player Disposals
Brisbane Lions v Carlton,Brisbane Lions,Carlton,2024-09-07,29.5,Matthew Kennedy,Carlton,Brisbane Lions,9.5,NA,Unibet,Player Disposals
Brisbane Lions v Carlton,Brisbane Lions,Carlton,2024-09-07,34.5,Matthew Kennedy,Carlton,Brisbane Lions,23,NA,Unibet,Player Disposals
Brisbane Lions v Carlton,Brisbane Lions,Carlton,2024-09-07,14.5,Mitch McGovern,Carlton,Brisbane Lions,1.28,NA,Unibet,Player Disposals
Brisbane Lions v Carlton,Brisbane Lions,Carlton,2024-09-07,19.5,Mitch McGovern,Carlton,Brisbane Lions,2.95,NA,Unibet,Player Disposals
Brisbane Lions v Carlton,Brisbane Lions,Carlton,2024-09-07,24.5,Mitch McGovern,Carlton,Brisbane Lions,9,NA,Unibet,Player Disposals
Brisbane Lions v Carlton,Brisbane Lions,Carlton,2024-09-07,19.5,Nic Newman,Carlton,Brisbane Lions,1.11,NA,Unibet,Player Disposals
Brisbane Lions v Carlton,Brisbane Lions,Carlton,2024-09-07,24.5,Nic Newman,Carlton,Brisbane Lions,1.74,NA,Unibet,Player Disposals
Brisbane Lions v Carlton,Brisbane Lions,Carlton,2024-09-07,29.5,Nic Newman,Carlton,Brisbane Lions,3.75,NA,Unibet,Player Disposals
Brisbane Lions v Carlton,Brisbane Lions,Carlton,2024-09-07,34.5,Nic Newman,Carlton,Brisbane Lions,9,NA,Unibet,Player Disposals
Brisbane Lions v Carlton,Brisbane Lions,Carlton,2024-09-07,39.5,Nic Newman,Carlton,Brisbane Lions,31,NA,Unibet,Player Disposals
Brisbane Lions v Carlton,Brisbane Lions,Carlton,2024-09-07,14.5,Oliver Hollands,Carlton,Brisbane Lions,1.21,NA,Unibet,Player Disposals
Brisbane Lions v Carlton,Brisbane Lions,Carlton,2024-09-07,19.5,Oliver Hollands,Carlton,Brisbane Lions,2.2,NA,Unibet,Player Disposals
Brisbane Lions v Carlton,Brisbane Lions,Carlton,2024-09-07,24.5,Oliver Hollands,Carlton,Brisbane Lions,7.25,NA,Unibet,Player Disposals
Brisbane Lions v Carlton,Brisbane Lions,Carlton,2024-09-07,29.5,Oliver Hollands,Carlton,Brisbane Lions,29,NA,Unibet,Player Disposals
Brisbane Lions v Carlton,Brisbane Lions,Carlton,2024-09-07,14.5,Oscar McInerney,Brisbane Lions,Carlton,1.8,NA,Unibet,Player Disposals
Brisbane Lions v Carlton,Brisbane Lions,Carlton,2024-09-07,19.5,Oscar McInerney,Brisbane Lions,Carlton,4.4,NA,Unibet,Player Disposals
Brisbane Lions v Carlton,Brisbane Lions,Carlton,2024-09-07,24.5,Oscar McInerney,Brisbane Lions,Carlton,13,NA,Unibet,Player Disposals
Brisbane Lions v Carlton,Brisbane Lions,Carlton,2024-09-07,24.5,Patrick Cripps,Carlton,Brisbane Lions,1.36,NA,Unibet,Player Disposals
Brisbane Lions v Carlton,Brisbane Lions,Carlton,2024-09-07,29.5,Patrick Cripps,Carlton,Brisbane Lions,2.35,NA,Unibet,Player Disposals
Brisbane Lions v Carlton,Brisbane Lions,Carlton,2024-09-07,34.5,Patrick Cripps,Carlton,Brisbane Lions,5.75,NA,Unibet,Player Disposals
Brisbane Lions v Carlton,Brisbane Lions,Carlton,2024-09-07,39.5,Patrick Cripps,Carlton,Brisbane Lions,16,NA,Unibet,Player Disposals
Brisbane Lions v Carlton,Brisbane Lions,Carlton,2024-09-07,14.5,Ryan Lester,Brisbane Lions,Carlton,1.77,NA,Unibet,Player Disposals
Brisbane Lions v Carlton,Brisbane Lions,Carlton,2024-09-07,19.5,Ryan Lester,Brisbane Lions,Carlton,5,NA,Unibet,Player Disposals
Brisbane Lions v Carlton,Brisbane Lions,Carlton,2024-09-07,14.5,Sam Docherty,Carlton,Brisbane Lions,1.1,NA,Unibet,Player Disposals
Brisbane Lions v Carlton,Brisbane Lions,Carlton,2024-09-07,19.5,Sam Docherty,Carlton,Brisbane Lions,1.75,NA,Unibet,Player Disposals
Brisbane Lions v Carlton,Brisbane Lions,Carlton,2024-09-07,24.5,Sam Docherty,Carlton,Brisbane Lions,3.5,NA,Unibet,Player Disposals
Brisbane Lions v Carlton,Brisbane Lions,Carlton,2024-09-07,29.5,Sam Docherty,Carlton,Brisbane Lions,11,NA,Unibet,Player Disposals
Brisbane Lions v Carlton,Brisbane Lions,Carlton,2024-09-07,24.5,Sam Walsh,Carlton,Brisbane Lions,1.28,NA,Unibet,Player Disposals
Brisbane Lions v Carlton,Brisbane Lions,Carlton,2024-09-07,29.5,Sam Walsh,Carlton,Brisbane Lions,2.15,NA,Unibet,Player Disposals
Brisbane Lions v Carlton,Brisbane Lions,Carlton,2024-09-07,34.5,Sam Walsh,Carlton,Brisbane Lions,4.5,NA,Unibet,Player Disposals
Brisbane Lions v Carlton,Brisbane Lions,Carlton,2024-09-07,39.5,Sam Walsh,Carlton,Brisbane Lions,13,NA,Unibet,Player Disposals
Brisbane Lions v Carlton,Brisbane Lions,Carlton,2024-09-07,19.5,Will Ashcroft,Brisbane Lions,Carlton,1.2,NA,Unibet,Player Disposals
Brisbane Lions v Carlton,Brisbane Lions,Carlton,2024-09-07,24.5,Will Ashcroft,Brisbane Lions,Carlton,2.05,NA,Unibet,Player Disposals
Brisbane Lions v Carlton,Brisbane Lions,Carlton,2024-09-07,29.5,Will Ashcroft,Brisbane Lions,Carlton,4.6,NA,Unibet,Player Disposals
Brisbane Lions v Carlton,Brisbane Lions,Carlton,2024-09-07,34.5,Will Ashcroft,Brisbane Lions,Carlton,12.5,NA,Unibet,Player Disposals
Brisbane Lions v Carlton,Brisbane Lions,Carlton,2024-09-07,14.5,Zac Bailey,Brisbane Lions,Carlton,1.43,NA,Unibet,Player Disposals
Brisbane Lions v Carlton,Brisbane Lions,Carlton,2024-09-07,19.5,Zac Bailey,Brisbane Lions,Carlton,3.2,NA,Unibet,Player Disposals
Brisbane Lions v Carlton,Brisbane Lions,Carlton,2024-09-07,24.5,Zac Bailey,Brisbane Lions,Carlton,10,NA,Unibet,Player Disposals
Brisbane Lions v Carlton,Brisbane Lions,Carlton,2024-09-07,14.5,Zac Williams,Carlton,Brisbane Lions,2,NA,Unibet,Player Disposals
Brisbane Lions v Carlton,Brisbane Lions,Carlton,2024-09-07,19.5,Zac Williams,Carlton,Brisbane Lions,5.6,NA,Unibet,Player Disposals
Brisbane Lions v Carlton,Brisbane Lions,Carlton,2024-09-07,24.5,Zac Williams,Carlton,Brisbane Lions,17,NA,Unibet,Player Disposals
Sydney Swans v GWS Giants,Sydney Swans,GWS Giants,2024-09-07,14.5,Aaron Cadman,GWS Giants,Sydney Swans,4.4,NA,Unibet,Player Disposals
Sydney Swans v GWS Giants,Sydney Swans,GWS Giants,2024-09-07,14.5,Braeden Campbell,Sydney Swans,GWS Giants,2.23,NA,Unibet,Player Disposals
Sydney Swans v GWS Giants,Sydney Swans,GWS Giants,2024-09-07,19.5,Braeden Campbell,Sydney Swans,GWS Giants,7.5,NA,Unibet,Player Disposals
Sydney Swans v GWS Giants,Sydney Swans,GWS Giants,2024-09-07,14.5,Brent Daniels,GWS Giants,Sydney Swans,1.23,NA,Unibet,Player Disposals
Sydney Swans v GWS Giants,Sydney Swans,GWS Giants,2024-09-07,19.5,Brent Daniels,GWS Giants,Sydney Swans,2,NA,Unibet,Player Disposals
Sydney Swans v GWS Giants,Sydney Swans,GWS Giants,2024-09-07,24.5,Brent Daniels,GWS Giants,Sydney Swans,3.5,NA,Unibet,Player Disposals
Sydney Swans v GWS Giants,Sydney Swans,GWS Giants,2024-09-07,29.5,Brent Daniels,GWS Giants,Sydney Swans,9,NA,Unibet,Player Disposals
Sydney Swans v GWS Giants,Sydney Swans,GWS Giants,2024-09-07,34.5,Brent Daniels,GWS Giants,Sydney Swans,23,NA,Unibet,Player Disposals
Sydney Swans v GWS Giants,Sydney Swans,GWS Giants,2024-09-07,14.5,Brodie Grundy,Sydney Swans,GWS Giants,1.41,NA,Unibet,Player Disposals
Sydney Swans v GWS Giants,Sydney Swans,GWS Giants,2024-09-07,19.5,Brodie Grundy,Sydney Swans,GWS Giants,2.8,NA,Unibet,Player Disposals
Sydney Swans v GWS Giants,Sydney Swans,GWS Giants,2024-09-07,24.5,Brodie Grundy,Sydney Swans,GWS Giants,10,NA,Unibet,Player Disposals
Sydney Swans v GWS Giants,Sydney Swans,GWS Giants,2024-09-07,14.5,Callan Ward,GWS Giants,Sydney Swans,1.27,NA,Unibet,Player Disposals
Sydney Swans v GWS Giants,Sydney Swans,GWS Giants,2024-09-07,19.5,Callan Ward,GWS Giants,Sydney Swans,2.25,NA,Unibet,Player Disposals
Sydney Swans v GWS Giants,Sydney Swans,GWS Giants,2024-09-07,24.5,Callan Ward,GWS Giants,Sydney Swans,6.25,NA,Unibet,Player Disposals
Sydney Swans v GWS Giants,Sydney Swans,GWS Giants,2024-09-07,29.5,Callan Ward,GWS Giants,Sydney Swans,17,NA,Unibet,Player Disposals
Sydney Swans v GWS Giants,Sydney Swans,GWS Giants,2024-09-07,34.5,Callan Ward,GWS Giants,Sydney Swans,31,NA,Unibet,Player Disposals
Sydney Swans v GWS Giants,Sydney Swans,GWS Giants,2024-09-07,19.5,Callum Mills,Sydney Swans,GWS Giants,1.25,NA,Unibet,Player Disposals
Sydney Swans v GWS Giants,Sydney Swans,GWS Giants,2024-09-07,24.5,Callum Mills,Sydney Swans,GWS Giants,1.94,NA,Unibet,Player Disposals
Sydney Swans v GWS Giants,Sydney Swans,GWS Giants,2024-09-07,29.5,Callum Mills,Sydney Swans,GWS Giants,4.1,NA,Unibet,Player Disposals
Sydney Swans v GWS Giants,Sydney Swans,GWS Giants,2024-09-07,34.5,Callum Mills,Sydney Swans,GWS Giants,11.5,NA,Unibet,Player Disposals
Sydney Swans v GWS Giants,Sydney Swans,GWS Giants,2024-09-07,39.5,Callum Mills,Sydney Swans,GWS Giants,41,NA,Unibet,Player Disposals
Sydney Swans v GWS Giants,Sydney Swans,GWS Giants,2024-09-07,19.5,Chad Warner,Sydney Swans,GWS Giants,1.27,NA,Unibet,Player Disposals
Sydney Swans v GWS Giants,Sydney Swans,GWS Giants,2024-09-07,24.5,Chad Warner,Sydney Swans,GWS Giants,2.05,NA,Unibet,Player Disposals
Sydney Swans v GWS Giants,Sydney Swans,GWS Giants,2024-09-07,29.5,Chad Warner,Sydney Swans,GWS Giants,5.5,NA,Unibet,Player Disposals
Sydney Swans v GWS Giants,Sydney Swans,GWS Giants,2024-09-07,34.5,Chad Warner,Sydney Swans,GWS Giants,15,NA,Unibet,Player Disposals
Sydney Swans v GWS Giants,Sydney Swans,GWS Giants,2024-09-07,14.5,Connor Idun,GWS Giants,Sydney Swans,1.18,NA,Unibet,Player Disposals
Sydney Swans v GWS Giants,Sydney Swans,GWS Giants,2024-09-07,19.5,Connor Idun,GWS Giants,Sydney Swans,2.05,NA,Unibet,Player Disposals
Sydney Swans v GWS Giants,Sydney Swans,GWS Giants,2024-09-07,24.5,Connor Idun,GWS Giants,Sydney Swans,5.25,NA,Unibet,Player Disposals
Sydney Swans v GWS Giants,Sydney Swans,GWS Giants,2024-09-07,29.5,Connor Idun,GWS Giants,Sydney Swans,18,NA,Unibet,Player Disposals
Sydney Swans v GWS Giants,Sydney Swans,GWS Giants,2024-09-07,14.5,Dane Rampe,Sydney Swans,GWS Giants,3.05,NA,Unibet,Player Disposals
Sydney Swans v GWS Giants,Sydney Swans,GWS Giants,2024-09-07,14.5,Darcy Jones,GWS Giants,Sydney Swans,1.73,NA,Unibet,Player Disposals
Sydney Swans v GWS Giants,Sydney Swans,GWS Giants,2024-09-07,19.5,Darcy Jones,GWS Giants,Sydney Swans,4.75,NA,Unibet,Player Disposals
Sydney Swans v GWS Giants,Sydney Swans,GWS Giants,2024-09-07,19.5,Errol Gulden,Sydney Swans,GWS Giants,1.07,NA,Unibet,Player Disposals
Sydney Swans v GWS Giants,Sydney Swans,GWS Giants,2024-09-07,24.5,Errol Gulden,Sydney Swans,GWS Giants,1.38,NA,Unibet,Player Disposals
Sydney Swans v GWS Giants,Sydney Swans,GWS Giants,2024-09-07,29.5,Errol Gulden,Sydney Swans,GWS Giants,2.4,NA,Unibet,Player Disposals
Sydney Swans v GWS Giants,Sydney Swans,GWS Giants,2024-09-07,34.5,Errol Gulden,Sydney Swans,GWS Giants,6.25,NA,Unibet,Player Disposals
Sydney Swans v GWS Giants,Sydney Swans,GWS Giants,2024-09-07,39.5,Errol Gulden,Sydney Swans,GWS Giants,19,NA,Unibet,Player Disposals
Sydney Swans v GWS Giants,Sydney Swans,GWS Giants,2024-09-07,19.5,Finn Callaghan,GWS Giants,Sydney Swans,1.26,NA,Unibet,Player Disposals
Sydney Swans v GWS Giants,Sydney Swans,GWS Giants,2024-09-07,24.5,Finn Callaghan,GWS Giants,Sydney Swans,2.05,NA,Unibet,Player Disposals
Sydney Swans v GWS Giants,Sydney Swans,GWS Giants,2024-09-07,29.5,Finn Callaghan,GWS Giants,Sydney Swans,5,NA,Unibet,Player Disposals
Sydney Swans v GWS Giants,Sydney Swans,GWS Giants,2024-09-07,34.5,Finn Callaghan,GWS Giants,Sydney Swans,15,NA,Unibet,Player Disposals
Sydney Swans v GWS Giants,Sydney Swans,GWS Giants,2024-09-07,19.5,Harry Cunningham,Sydney Swans,GWS Giants,3.7,NA,Unibet,Player Disposals
Sydney Swans v GWS Giants,Sydney Swans,GWS Giants,2024-09-07,24.5,Harry Cunningham,Sydney Swans,GWS Giants,11,NA,Unibet,Player Disposals
Sydney Swans v GWS Giants,Sydney Swans,GWS Giants,2024-09-07,19.5,Harry Himmelberg,GWS Giants,Sydney Swans,1.56,NA,Unibet,Player Disposals
Sydney Swans v GWS Giants,Sydney Swans,GWS Giants,2024-09-07,24.5,Harry Himmelberg,GWS Giants,Sydney Swans,3.25,NA,Unibet,Player Disposals
Sydney Swans v GWS Giants,Sydney Swans,GWS Giants,2024-09-07,29.5,Harry Himmelberg,GWS Giants,Sydney Swans,9.5,NA,Unibet,Player Disposals
Sydney Swans v GWS Giants,Sydney Swans,GWS Giants,2024-09-07,14.5,Harry Perryman,GWS Giants,Sydney Swans,1.25,NA,Unibet,Player Disposals
Sydney Swans v GWS Giants,Sydney Swans,GWS Giants,2024-09-07,19.5,Harry Perryman,GWS Giants,Sydney Swans,2.2,NA,Unibet,Player Disposals
Sydney Swans v GWS Giants,Sydney Swans,GWS Giants,2024-09-07,24.5,Harry Perryman,GWS Giants,Sydney Swans,6.4,NA,Unibet,Player Disposals
Sydney Swans v GWS Giants,Sydney Swans,GWS Giants,2024-09-07,29.5,Harry Perryman,GWS Giants,Sydney Swans,21,NA,Unibet,Player Disposals
Sydney Swans v GWS Giants,Sydney Swans,GWS Giants,2024-09-07,14.5,Harvey Thomas,GWS Giants,Sydney Swans,2.35,NA,Unibet,Player Disposals
Sydney Swans v GWS Giants,Sydney Swans,GWS Giants,2024-09-07,14.5,Hayden McLean,Sydney Swans,GWS Giants,2.85,NA,Unibet,Player Disposals
Sydney Swans v GWS Giants,Sydney Swans,GWS Giants,2024-09-07,19.5,Isaac Heeney,Sydney Swans,GWS Giants,1.26,NA,Unibet,Player Disposals
Sydney Swans v GWS Giants,Sydney Swans,GWS Giants,2024-09-07,24.5,Isaac Heeney,Sydney Swans,GWS Giants,1.94,NA,Unibet,Player Disposals
Sydney Swans v GWS Giants,Sydney Swans,GWS Giants,2024-09-07,29.5,Isaac Heeney,Sydney Swans,GWS Giants,4.75,NA,Unibet,Player Disposals
Sydney Swans v GWS Giants,Sydney Swans,GWS Giants,2024-09-07,34.5,Isaac Heeney,Sydney Swans,GWS Giants,15,NA,Unibet,Player Disposals
Sydney Swans v GWS Giants,Sydney Swans,GWS Giants,2024-09-07,39.5,Isaac Heeney,Sydney Swans,GWS Giants,41,NA,Unibet,Player Disposals
Sydney Swans v GWS Giants,Sydney Swans,GWS Giants,2024-09-07,14.5,Jack Buckley,GWS Giants,Sydney Swans,2,NA,Unibet,Player Disposals
Sydney Swans v GWS Giants,Sydney Swans,GWS Giants,2024-09-07,19.5,Jack Buckley,GWS Giants,Sydney Swans,7,NA,Unibet,Player Disposals
Sydney Swans v GWS Giants,Sydney Swans,GWS Giants,2024-09-07,14.5,Jake Lloyd,Sydney Swans,GWS Giants,1.22,NA,Unibet,Player Disposals
Sydney Swans v GWS Giants,Sydney Swans,GWS Giants,2024-09-07,19.5,Jake Lloyd,Sydney Swans,GWS Giants,2.08,NA,Unibet,Player Disposals
Sydney Swans v GWS Giants,Sydney Swans,GWS Giants,2024-09-07,24.5,Jake Lloyd,Sydney Swans,GWS Giants,5.9,NA,Unibet,Player Disposals
Sydney Swans v GWS Giants,Sydney Swans,GWS Giants,2024-09-07,29.5,Jake Lloyd,Sydney Swans,GWS Giants,19,NA,Unibet,Player Disposals
Sydney Swans v GWS Giants,Sydney Swans,GWS Giants,2024-09-07,14.5,James Jordon,Sydney Swans,GWS Giants,1.67,NA,Unibet,Player Disposals
Sydney Swans v GWS Giants,Sydney Swans,GWS Giants,2024-09-07,19.5,James Jordon,Sydney Swans,GWS Giants,5.75,NA,Unibet,Player Disposals
Sydney Swans v GWS Giants,Sydney Swans,GWS Giants,2024-09-07,14.5,James Peatling,GWS Giants,Sydney Swans,1.38,NA,Unibet,Player Disposals
Sydney Swans v GWS Giants,Sydney Swans,GWS Giants,2024-09-07,19.5,James Peatling,GWS Giants,Sydney Swans,2.3,NA,Unibet,Player Disposals
Sydney Swans v GWS Giants,Sydney Swans,GWS Giants,2024-09-07,24.5,James Peatling,GWS Giants,Sydney Swans,7.25,NA,Unibet,Player Disposals
Sydney Swans v GWS Giants,Sydney Swans,GWS Giants,2024-09-07,29.5,James Peatling,GWS Giants,Sydney Swans,17,NA,Unibet,Player Disposals
Sydney Swans v GWS Giants,Sydney Swans,GWS Giants,2024-09-07,14.5,James Rowbottom,Sydney Swans,GWS Giants,1.18,NA,Unibet,Player Disposals
Sydney Swans v GWS Giants,Sydney Swans,GWS Giants,2024-09-07,19.5,James Rowbottom,Sydney Swans,GWS Giants,2.05,NA,Unibet,Player Disposals
Sydney Swans v GWS Giants,Sydney Swans,GWS Giants,2024-09-07,24.5,James Rowbottom,Sydney Swans,GWS Giants,5.4,NA,Unibet,Player Disposals
Sydney Swans v GWS Giants,Sydney Swans,GWS Giants,2024-09-07,29.5,James Rowbottom,Sydney Swans,GWS Giants,19,NA,Unibet,Player Disposals
Sydney Swans v GWS Giants,Sydney Swans,GWS Giants,2024-09-07,14.5,Jesse Hogan,GWS Giants,Sydney Swans,2.1,NA,Unibet,Player Disposals
Sydney Swans v GWS Giants,Sydney Swans,GWS Giants,2024-09-07,19.5,Jesse Hogan,GWS Giants,Sydney Swans,7.5,NA,Unibet,Player Disposals
Sydney Swans v GWS Giants,Sydney Swans,GWS Giants,2024-09-07,14.5,Joel Amartey,Sydney Swans,GWS Giants,4.3,NA,Unibet,Player Disposals
Sydney Swans v GWS Giants,Sydney Swans,GWS Giants,2024-09-07,19.5,Josh Kelly,GWS Giants,Sydney Swans,1.2,NA,Unibet,Player Disposals
Sydney Swans v GWS Giants,Sydney Swans,GWS Giants,2024-09-07,24.5,Josh Kelly,GWS Giants,Sydney Swans,1.89,NA,Unibet,Player Disposals
Sydney Swans v GWS Giants,Sydney Swans,GWS Giants,2024-09-07,29.5,Josh Kelly,GWS Giants,Sydney Swans,4.5,NA,Unibet,Player Disposals
Sydney Swans v GWS Giants,Sydney Swans,GWS Giants,2024-09-07,34.5,Josh Kelly,GWS Giants,Sydney Swans,14,NA,Unibet,Player Disposals
Sydney Swans v GWS Giants,Sydney Swans,GWS Giants,2024-09-07,14.5,Kieren Briggs,GWS Giants,Sydney Swans,1.6,NA,Unibet,Player Disposals
Sydney Swans v GWS Giants,Sydney Swans,GWS Giants,2024-09-07,19.5,Kieren Briggs,GWS Giants,Sydney Swans,5.25,NA,Unibet,Player Disposals
Sydney Swans v GWS Giants,Sydney Swans,GWS Giants,2024-09-07,19.5,Lachie Whitfield,GWS Giants,Sydney Swans,1.04,NA,Unibet,Player Disposals
Sydney Swans v GWS Giants,Sydney Swans,GWS Giants,2024-09-07,24.5,Lachie Whitfield,GWS Giants,Sydney Swans,1.25,NA,Unibet,Player Disposals
Sydney Swans v GWS Giants,Sydney Swans,GWS Giants,2024-09-07,29.5,Lachie Whitfield,GWS Giants,Sydney Swans,1.92,NA,Unibet,Player Disposals
Sydney Swans v GWS Giants,Sydney Swans,GWS Giants,2024-09-07,34.5,Lachie Whitfield,GWS Giants,Sydney Swans,3.2,NA,Unibet,Player Disposals
Sydney Swans v GWS Giants,Sydney Swans,GWS Giants,2024-09-07,39.5,Lachie Whitfield,GWS Giants,Sydney Swans,7.25,NA,Unibet,Player Disposals
Sydney Swans v GWS Giants,Sydney Swans,GWS Giants,2024-09-07,14.5,Lachie Ash,GWS Giants,Sydney Swans,1.07,NA,Unibet,Player Disposals
Sydney Swans v GWS Giants,Sydney Swans,GWS Giants,2024-09-07,19.5,Lachie Ash,GWS Giants,Sydney Swans,1.42,NA,Unibet,Player Disposals
Sydney Swans v GWS Giants,Sydney Swans,GWS Giants,2024-09-07,24.5,Lachie Ash,GWS Giants,Sydney Swans,2.45,NA,Unibet,Player Disposals
Sydney Swans v GWS Giants,Sydney Swans,GWS Giants,2024-09-07,29.5,Lachie Ash,GWS Giants,Sydney Swans,8.25,NA,Unibet,Player Disposals
Sydney Swans v GWS Giants,Sydney Swans,GWS Giants,2024-09-07,14.5,Logan McDonald,Sydney Swans,GWS Giants,3.1,NA,Unibet,Player Disposals
Sydney Swans v GWS Giants,Sydney Swans,GWS Giants,2024-09-07,14.5,Luke Parker,Sydney Swans,GWS Giants,1.22,NA,Unibet,Player Disposals
Sydney Swans v GWS Giants,Sydney Swans,GWS Giants,2024-09-07,19.5,Luke Parker,Sydney Swans,GWS Giants,2.1,NA,Unibet,Player Disposals
Sydney Swans v GWS Giants,Sydney Swans,GWS Giants,2024-09-07,24.5,Luke Parker,Sydney Swans,GWS Giants,5.75,NA,Unibet,Player Disposals
Sydney Swans v GWS Giants,Sydney Swans,GWS Giants,2024-09-07,29.5,Luke Parker,Sydney Swans,GWS Giants,18,NA,Unibet,Player Disposals
Sydney Swans v GWS Giants,Sydney Swans,GWS Giants,2024-09-07,19.5,Matt Roberts,Sydney Swans,GWS Giants,1.36,NA,Unibet,Player Disposals
Sydney Swans v GWS Giants,Sydney Swans,GWS Giants,2024-09-07,24.5,Matt Roberts,Sydney Swans,GWS Giants,2.35,NA,Unibet,Player Disposals
Sydney Swans v GWS Giants,Sydney Swans,GWS Giants,2024-09-07,29.5,Matt Roberts,Sydney Swans,GWS Giants,6.25,NA,Unibet,Player Disposals
Sydney Swans v GWS Giants,Sydney Swans,GWS Giants,2024-09-07,34.5,Matt Roberts,Sydney Swans,GWS Giants,18,NA,Unibet,Player Disposals
Sydney Swans v GWS Giants,Sydney Swans,GWS Giants,2024-09-07,14.5,Nick Blakey,Sydney Swans,GWS Giants,1.06,NA,Unibet,Player Disposals
Sydney Swans v GWS Giants,Sydney Swans,GWS Giants,2024-09-07,19.5,Nick Blakey,Sydney Swans,GWS Giants,1.43,NA,Unibet,Player Disposals
Sydney Swans v GWS Giants,Sydney Swans,GWS Giants,2024-09-07,24.5,Nick Blakey,Sydney Swans,GWS Giants,2.62,NA,Unibet,Player Disposals
Sydney Swans v GWS Giants,Sydney Swans,GWS Giants,2024-09-07,29.5,Nick Blakey,Sydney Swans,GWS Giants,7,NA,Unibet,Player Disposals
Sydney Swans v GWS Giants,Sydney Swans,GWS Giants,2024-09-07,34.5,Nick Blakey,Sydney Swans,GWS Giants,21,NA,Unibet,Player Disposals
Sydney Swans v GWS Giants,Sydney Swans,GWS Giants,2024-09-07,14.5,Oliver Florent,Sydney Swans,GWS Giants,1.11,NA,Unibet,Player Disposals
Sydney Swans v GWS Giants,Sydney Swans,GWS Giants,2024-09-07,19.5,Oliver Florent,Sydney Swans,GWS Giants,1.77,NA,Unibet,Player Disposals
Sydney Swans v GWS Giants,Sydney Swans,GWS Giants,2024-09-07,24.5,Oliver Florent,Sydney Swans,GWS Giants,3.25,NA,Unibet,Player Disposals
Sydney Swans v GWS Giants,Sydney Swans,GWS Giants,2024-09-07,29.5,Oliver Florent,Sydney Swans,GWS Giants,13,NA,Unibet,Player Disposals
Sydney Swans v GWS Giants,Sydney Swans,GWS Giants,2024-09-07,14.5,Sam Taylor,GWS Giants,Sydney Swans,2.25,NA,Unibet,Player Disposals
Sydney Swans v GWS Giants,Sydney Swans,GWS Giants,2024-09-07,19.5,Sam Taylor,GWS Giants,Sydney Swans,7.75,NA,Unibet,Player Disposals
Sydney Swans v GWS Giants,Sydney Swans,GWS Giants,2024-09-07,19.5,Stephen Coniglio,GWS Giants,Sydney Swans,1.23,NA,Unibet,Player Disposals
Sydney Swans v GWS Giants,Sydney Swans,GWS Giants,2024-09-07,24.5,Stephen Coniglio,GWS Giants,Sydney Swans,1.96,NA,Unibet,Player Disposals
Sydney Swans v GWS Giants,Sydney Swans,GWS Giants,2024-09-07,29.5,Stephen Coniglio,GWS Giants,Sydney Swans,4.15,NA,Unibet,Player Disposals
Sydney Swans v GWS Giants,Sydney Swans,GWS Giants,2024-09-07,34.5,Stephen Coniglio,GWS Giants,Sydney Swans,15,NA,Unibet,Player Disposals
Sydney Swans v GWS Giants,Sydney Swans,GWS Giants,2024-09-07,39.5,Stephen Coniglio,GWS Giants,Sydney Swans,41,NA,Unibet,Player Disposals
Sydney Swans v GWS Giants,Sydney Swans,GWS Giants,2024-09-07,14.5,Toby Bedford,GWS Giants,Sydney Swans,2.18,NA,Unibet,Player Disposals
Sydney Swans v GWS Giants,Sydney Swans,GWS Giants,2024-09-07,19.5,Toby Bedford,GWS Giants,Sydney Swans,7.75,NA,Unibet,Player Disposals
Sydney Swans v GWS Giants,Sydney Swans,GWS Giants,2024-09-07,14.5,Toby Greene,GWS Giants,Sydney Swans,1.44,NA,Unibet,Player Disposals
Sydney Swans v GWS Giants,Sydney Swans,GWS Giants,2024-09-07,19.5,Toby Greene,GWS Giants,Sydney Swans,3.25,NA,Unibet,Player Disposals
Sydney Swans v GWS Giants,Sydney Swans,GWS Giants,2024-09-07,24.5,Toby Greene,GWS Giants,Sydney Swans,13,NA,Unibet,Player Disposals
Sydney Swans v GWS Giants,Sydney Swans,GWS Giants,2024-09-07,24.5,Tom Green,GWS Giants,Sydney Swans,1.12,NA,Unibet,Player Disposals
Sydney Swans v GWS Giants,Sydney Swans,GWS Giants,2024-09-07,29.5,Tom Green,GWS Giants,Sydney Swans,1.51,NA,Unibet,Player Disposals
Sydney Swans v GWS Giants,Sydney Swans,GWS Giants,2024-09-07,34.5,Tom Green,GWS Giants,Sydney Swans,2.55,NA,Unibet,Player Disposals
Sydney Swans v GWS Giants,Sydney Swans,GWS Giants,2024-09-07,39.5,Tom Green,GWS Giants,Sydney Swans,6.5,NA,Unibet,Player Disposals
Sydney Swans v GWS Giants,Sydney Swans,GWS Giants,2024-09-07,14.5,Tom Papley,Sydney Swans,GWS Giants,1.4,NA,Unibet,Player Disposals
Sydney Swans v GWS Giants,Sydney Swans,GWS Giants,2024-09-07,19.5,Tom Papley,Sydney Swans,GWS Giants,2.88,NA,Unibet,Player Disposals
Sydney Swans v GWS Giants,Sydney Swans,GWS Giants,2024-09-07,24.5,Tom Papley,Sydney Swans,GWS Giants,11.5,NA,Unibet,Player Disposals
Sydney Swans v GWS Giants,Sydney Swans,GWS Giants,2024-09-07,14.5,Will Hayward,Sydney Swans,GWS Giants,2.6,NA,Unibet,Player Disposals
Western Bulldogs v Hawthorn Hawks,Western Bulldogs,Hawthorn Hawks,2024-09-06,14.5,Aaron Naughton,Western Bulldogs,Hawthorn Hawks,2.35,NA,Unibet,Player Disposals
Western Bulldogs v Hawthorn Hawks,Western Bulldogs,Hawthorn Hawks,2024-09-06,19.5,Adam Treloar,Western Bulldogs,Hawthorn Hawks,1.02,NA,Unibet,Player Disposals
Western Bulldogs v Hawthorn Hawks,Western Bulldogs,Hawthorn Hawks,2024-09-06,24.5,Adam Treloar,Western Bulldogs,Hawthorn Hawks,1.2,NA,Unibet,Player Disposals
Western Bulldogs v Hawthorn Hawks,Western Bulldogs,Hawthorn Hawks,2024-09-06,29.5,Adam Treloar,Western Bulldogs,Hawthorn Hawks,1.77,NA,Unibet,Player Disposals
Western Bulldogs v Hawthorn Hawks,Western Bulldogs,Hawthorn Hawks,2024-09-06,34.5,Adam Treloar,Western Bulldogs,Hawthorn Hawks,3.4,NA,Unibet,Player Disposals
Western Bulldogs v Hawthorn Hawks,Western Bulldogs,Hawthorn Hawks,2024-09-06,39.5,Adam Treloar,Western Bulldogs,Hawthorn Hawks,8.5,NA,Unibet,Player Disposals
Western Bulldogs v Hawthorn Hawks,Western Bulldogs,Hawthorn Hawks,2024-09-06,19.5,Bailey Dale,Western Bulldogs,Hawthorn Hawks,1.18,NA,Unibet,Player Disposals
Western Bulldogs v Hawthorn Hawks,Western Bulldogs,Hawthorn Hawks,2024-09-06,24.5,Bailey Dale,Western Bulldogs,Hawthorn Hawks,1.83,NA,Unibet,Player Disposals
Western Bulldogs v Hawthorn Hawks,Western Bulldogs,Hawthorn Hawks,2024-09-06,29.5,Bailey Dale,Western Bulldogs,Hawthorn Hawks,4,NA,Unibet,Player Disposals
Western Bulldogs v Hawthorn Hawks,Western Bulldogs,Hawthorn Hawks,2024-09-06,34.5,Bailey Dale,Western Bulldogs,Hawthorn Hawks,11,NA,Unibet,Player Disposals
Western Bulldogs v Hawthorn Hawks,Western Bulldogs,Hawthorn Hawks,2024-09-06,39.5,Bailey Dale,Western Bulldogs,Hawthorn Hawks,34,NA,Unibet,Player Disposals
Western Bulldogs v Hawthorn Hawks,Western Bulldogs,Hawthorn Hawks,2024-09-06,14.5,Bailey Williams,Western Bulldogs,Hawthorn Hawks,1.19,NA,Unibet,Player Disposals
Western Bulldogs v Hawthorn Hawks,Western Bulldogs,Hawthorn Hawks,2024-09-06,19.5,Bailey Williams,Western Bulldogs,Hawthorn Hawks,1.94,NA,Unibet,Player Disposals
Western Bulldogs v Hawthorn Hawks,Western Bulldogs,Hawthorn Hawks,2024-09-06,24.5,Bailey Williams,Western Bulldogs,Hawthorn Hawks,5.4,NA,Unibet,Player Disposals
Western Bulldogs v Hawthorn Hawks,Western Bulldogs,Hawthorn Hawks,2024-09-06,29.5,Bailey Williams,Western Bulldogs,Hawthorn Hawks,16,NA,Unibet,Player Disposals
Western Bulldogs v Hawthorn Hawks,Western Bulldogs,Hawthorn Hawks,2024-09-06,14.5,Blake Hardwick,Hawthorn Hawks,Western Bulldogs,1.25,NA,Unibet,Player Disposals
Western Bulldogs v Hawthorn Hawks,Western Bulldogs,Hawthorn Hawks,2024-09-06,19.5,Blake Hardwick,Hawthorn Hawks,Western Bulldogs,2.45,NA,Unibet,Player Disposals
Western Bulldogs v Hawthorn Hawks,Western Bulldogs,Hawthorn Hawks,2024-09-06,24.5,Blake Hardwick,Hawthorn Hawks,Western Bulldogs,7.75,NA,Unibet,Player Disposals
Western Bulldogs v Hawthorn Hawks,Western Bulldogs,Hawthorn Hawks,2024-09-06,14.5,Caleb Daniel,Western Bulldogs,Hawthorn Hawks,1.08,NA,Unibet,Player Disposals
Western Bulldogs v Hawthorn Hawks,Western Bulldogs,Hawthorn Hawks,2024-09-06,19.5,Caleb Daniel,Western Bulldogs,Hawthorn Hawks,1.55,NA,Unibet,Player Disposals
Western Bulldogs v Hawthorn Hawks,Western Bulldogs,Hawthorn Hawks,2024-09-06,24.5,Caleb Daniel,Western Bulldogs,Hawthorn Hawks,3.3,NA,Unibet,Player Disposals
Western Bulldogs v Hawthorn Hawks,Western Bulldogs,Hawthorn Hawks,2024-09-06,29.5,Caleb Daniel,Western Bulldogs,Hawthorn Hawks,9,NA,Unibet,Player Disposals
Western Bulldogs v Hawthorn Hawks,Western Bulldogs,Hawthorn Hawks,2024-09-06,34.5,Caleb Daniel,Western Bulldogs,Hawthorn Hawks,21,NA,Unibet,Player Disposals
Western Bulldogs v Hawthorn Hawks,Western Bulldogs,Hawthorn Hawks,2024-09-06,14.5,Cody Weightman,Western Bulldogs,Hawthorn Hawks,3.2,NA,Unibet,Player Disposals
Western Bulldogs v Hawthorn Hawks,Western Bulldogs,Hawthorn Hawks,2024-09-06,14.5,Connor MacDonald,NA,NA,1.13,NA,Unibet,Player Disposals
Western Bulldogs v Hawthorn Hawks,Western Bulldogs,Hawthorn Hawks,2024-09-06,19.5,Connor MacDonald,NA,NA,2,NA,Unibet,Player Disposals
Western Bulldogs v Hawthorn Hawks,Western Bulldogs,Hawthorn Hawks,2024-09-06,24.5,Connor MacDonald,NA,NA,3.6,NA,Unibet,Player Disposals
Western Bulldogs v Hawthorn Hawks,Western Bulldogs,Hawthorn Hawks,2024-09-06,29.5,Connor MacDonald,NA,NA,10,NA,Unibet,Player Disposals
Western Bulldogs v Hawthorn Hawks,Western Bulldogs,Hawthorn Hawks,2024-09-06,34.5,Connor MacDonald,NA,NA,26,NA,Unibet,Player Disposals
Western Bulldogs v Hawthorn Hawks,Western Bulldogs,Hawthorn Hawks,2024-09-06,14.5,Conor Nash,Hawthorn Hawks,Western Bulldogs,1.13,NA,Unibet,Player Disposals
Western Bulldogs v Hawthorn Hawks,Western Bulldogs,Hawthorn Hawks,2024-09-06,19.5,Conor Nash,Hawthorn Hawks,Western Bulldogs,1.75,NA,Unibet,Player Disposals
Western Bulldogs v Hawthorn Hawks,Western Bulldogs,Hawthorn Hawks,2024-09-06,24.5,Conor Nash,Hawthorn Hawks,Western Bulldogs,4,NA,Unibet,Player Disposals
Western Bulldogs v Hawthorn Hawks,Western Bulldogs,Hawthorn Hawks,2024-09-06,29.5,Conor Nash,Hawthorn Hawks,Western Bulldogs,12,NA,Unibet,Player Disposals
Western Bulldogs v Hawthorn Hawks,Western Bulldogs,Hawthorn Hawks,2024-09-06,14.5,Dylan Moore,Hawthorn Hawks,Western Bulldogs,1.1,NA,Unibet,Player Disposals
Western Bulldogs v Hawthorn Hawks,Western Bulldogs,Hawthorn Hawks,2024-09-06,19.5,Dylan Moore,Hawthorn Hawks,Western Bulldogs,1.56,NA,Unibet,Player Disposals
Western Bulldogs v Hawthorn Hawks,Western Bulldogs,Hawthorn Hawks,2024-09-06,24.5,Dylan Moore,Hawthorn Hawks,Western Bulldogs,3.05,NA,Unibet,Player Disposals
Western Bulldogs v Hawthorn Hawks,Western Bulldogs,Hawthorn Hawks,2024-09-06,29.5,Dylan Moore,Hawthorn Hawks,Western Bulldogs,10,NA,Unibet,Player Disposals
Western Bulldogs v Hawthorn Hawks,Western Bulldogs,Hawthorn Hawks,2024-09-06,34.5,Dylan Moore,Hawthorn Hawks,Western Bulldogs,29,NA,Unibet,Player Disposals
Western Bulldogs v Hawthorn Hawks,Western Bulldogs,Hawthorn Hawks,2024-09-06,19.5,Ed Richards,Western Bulldogs,Hawthorn Hawks,1.32,NA,Unibet,Player Disposals
Western Bulldogs v Hawthorn Hawks,Western Bulldogs,Hawthorn Hawks,2024-09-06,24.5,Ed Richards,Western Bulldogs,Hawthorn Hawks,2.23,NA,Unibet,Player Disposals
Western Bulldogs v Hawthorn Hawks,Western Bulldogs,Hawthorn Hawks,2024-09-06,29.5,Ed Richards,Western Bulldogs,Hawthorn Hawks,5.75,NA,Unibet,Player Disposals
Western Bulldogs v Hawthorn Hawks,Western Bulldogs,Hawthorn Hawks,2024-09-06,34.5,Ed Richards,Western Bulldogs,Hawthorn Hawks,17,NA,Unibet,Player Disposals
Western Bulldogs v Hawthorn Hawks,Western Bulldogs,Hawthorn Hawks,2024-09-06,14.5,Harvey Gallagher,Western Bulldogs,Hawthorn Hawks,2.5,NA,Unibet,Player Disposals
Western Bulldogs v Hawthorn Hawks,Western Bulldogs,Hawthorn Hawks,2024-09-06,19.5,Harvey Gallagher,Western Bulldogs,Hawthorn Hawks,7,NA,Unibet,Player Disposals
Western Bulldogs v Hawthorn Hawks,Western Bulldogs,Hawthorn Hawks,2024-09-06,14.5,Jack Ginnivan,Hawthorn Hawks,Western Bulldogs,1.36,NA,Unibet,Player Disposals
Western Bulldogs v Hawthorn Hawks,Western Bulldogs,Hawthorn Hawks,2024-09-06,19.5,Jack Ginnivan,Hawthorn Hawks,Western Bulldogs,2.5,NA,Unibet,Player Disposals
Western Bulldogs v Hawthorn Hawks,Western Bulldogs,Hawthorn Hawks,2024-09-06,24.5,Jack Ginnivan,Hawthorn Hawks,Western Bulldogs,5.75,NA,Unibet,Player Disposals
Western Bulldogs v Hawthorn Hawks,Western Bulldogs,Hawthorn Hawks,2024-09-06,29.5,Jack Ginnivan,Hawthorn Hawks,Western Bulldogs,13,NA,Unibet,Player Disposals
Western Bulldogs v Hawthorn Hawks,Western Bulldogs,Hawthorn Hawks,2024-09-06,14.5,Jack Gunston,Hawthorn Hawks,Western Bulldogs,3.5,NA,Unibet,Player Disposals
Western Bulldogs v Hawthorn Hawks,Western Bulldogs,Hawthorn Hawks,2024-09-06,14.5,Jack Macrae,Western Bulldogs,Hawthorn Hawks,1.11,NA,Unibet,Player Disposals
Western Bulldogs v Hawthorn Hawks,Western Bulldogs,Hawthorn Hawks,2024-09-06,19.5,Jack Macrae,Western Bulldogs,Hawthorn Hawks,1.65,NA,Unibet,Player Disposals
Western Bulldogs v Hawthorn Hawks,Western Bulldogs,Hawthorn Hawks,2024-09-06,24.5,Jack Macrae,Western Bulldogs,Hawthorn Hawks,3.75,NA,Unibet,Player Disposals
Western Bulldogs v Hawthorn Hawks,Western Bulldogs,Hawthorn Hawks,2024-09-06,29.5,Jack Macrae,Western Bulldogs,Hawthorn Hawks,13,NA,Unibet,Player Disposals
Western Bulldogs v Hawthorn Hawks,Western Bulldogs,Hawthorn Hawks,2024-09-06,34.5,Jack Macrae,Western Bulldogs,Hawthorn Hawks,31,NA,Unibet,Player Disposals
Western Bulldogs v Hawthorn Hawks,Western Bulldogs,Hawthorn Hawks,2024-09-06,14.5,Jack Scrimshaw,Hawthorn Hawks,Western Bulldogs,1.24,NA,Unibet,Player Disposals
Western Bulldogs v Hawthorn Hawks,Western Bulldogs,Hawthorn Hawks,2024-09-06,19.5,Jack Scrimshaw,Hawthorn Hawks,Western Bulldogs,2.23,NA,Unibet,Player Disposals
Western Bulldogs v Hawthorn Hawks,Western Bulldogs,Hawthorn Hawks,2024-09-06,24.5,Jack Scrimshaw,Hawthorn Hawks,Western Bulldogs,8.25,NA,Unibet,Player Disposals
Western Bulldogs v Hawthorn Hawks,Western Bulldogs,Hawthorn Hawks,2024-09-06,19.5,Jai Newcombe,Hawthorn Hawks,Western Bulldogs,1.17,NA,Unibet,Player Disposals
Western Bulldogs v Hawthorn Hawks,Western Bulldogs,Hawthorn Hawks,2024-09-06,24.5,Jai Newcombe,Hawthorn Hawks,Western Bulldogs,1.76,NA,Unibet,Player Disposals
Western Bulldogs v Hawthorn Hawks,Western Bulldogs,Hawthorn Hawks,2024-09-06,29.5,Jai Newcombe,Hawthorn Hawks,Western Bulldogs,3.5,NA,Unibet,Player Disposals
Western Bulldogs v Hawthorn Hawks,Western Bulldogs,Hawthorn Hawks,2024-09-06,34.5,Jai Newcombe,Hawthorn Hawks,Western Bulldogs,9.5,NA,Unibet,Player Disposals
Western Bulldogs v Hawthorn Hawks,Western Bulldogs,Hawthorn Hawks,2024-09-06,39.5,Jai Newcombe,Hawthorn Hawks,Western Bulldogs,21,NA,Unibet,Player Disposals
Western Bulldogs v Hawthorn Hawks,Western Bulldogs,Hawthorn Hawks,2024-09-06,14.5,Jamarra Ugle-Hagan,Western Bulldogs,Hawthorn Hawks,2.6,NA,Unibet,Player Disposals
Western Bulldogs v Hawthorn Hawks,Western Bulldogs,Hawthorn Hawks,2024-09-06,14.5,James O'Donnell,Western Bulldogs,Hawthorn Hawks,2.5,NA,Unibet,Player Disposals
Western Bulldogs v Hawthorn Hawks,Western Bulldogs,Hawthorn Hawks,2024-09-06,14.5,James Sicily,Hawthorn Hawks,Western Bulldogs,1.06,NA,Unibet,Player Disposals
Western Bulldogs v Hawthorn Hawks,Western Bulldogs,Hawthorn Hawks,2024-09-06,19.5,James Sicily,Hawthorn Hawks,Western Bulldogs,1.36,NA,Unibet,Player Disposals
Western Bulldogs v Hawthorn Hawks,Western Bulldogs,Hawthorn Hawks,2024-09-06,24.5,James Sicily,Hawthorn Hawks,Western Bulldogs,2.5,NA,Unibet,Player Disposals
Western Bulldogs v Hawthorn Hawks,Western Bulldogs,Hawthorn Hawks,2024-09-06,29.5,James Sicily,Hawthorn Hawks,Western Bulldogs,6,NA,Unibet,Player Disposals
Western Bulldogs v Hawthorn Hawks,Western Bulldogs,Hawthorn Hawks,2024-09-06,34.5,James Sicily,Hawthorn Hawks,Western Bulldogs,18,NA,Unibet,Player Disposals
Western Bulldogs v Hawthorn Hawks,Western Bulldogs,Hawthorn Hawks,2024-09-06,19.5,James Worpel,Hawthorn Hawks,Western Bulldogs,1.23,NA,Unibet,Player Disposals
Western Bulldogs v Hawthorn Hawks,Western Bulldogs,Hawthorn Hawks,2024-09-06,24.5,James Worpel,Hawthorn Hawks,Western Bulldogs,1.85,NA,Unibet,Player Disposals
Western Bulldogs v Hawthorn Hawks,Western Bulldogs,Hawthorn Hawks,2024-09-06,29.5,James Worpel,Hawthorn Hawks,Western Bulldogs,4.4,NA,Unibet,Player Disposals
Western Bulldogs v Hawthorn Hawks,Western Bulldogs,Hawthorn Hawks,2024-09-06,34.5,James Worpel,Hawthorn Hawks,Western Bulldogs,12,NA,Unibet,Player Disposals
Western Bulldogs v Hawthorn Hawks,Western Bulldogs,Hawthorn Hawks,2024-09-06,39.5,James Worpel,Hawthorn Hawks,Western Bulldogs,26,NA,Unibet,Player Disposals
Western Bulldogs v Hawthorn Hawks,Western Bulldogs,Hawthorn Hawks,2024-09-06,14.5,Jarman Impey,Hawthorn Hawks,Western Bulldogs,1.18,NA,Unibet,Player Disposals
Western Bulldogs v Hawthorn Hawks,Western Bulldogs,Hawthorn Hawks,2024-09-06,19.5,Jarman Impey,Hawthorn Hawks,Western Bulldogs,1.89,NA,Unibet,Player Disposals
Western Bulldogs v Hawthorn Hawks,Western Bulldogs,Hawthorn Hawks,2024-09-06,24.5,Jarman Impey,Hawthorn Hawks,Western Bulldogs,5.25,NA,Unibet,Player Disposals
Western Bulldogs v Hawthorn Hawks,Western Bulldogs,Hawthorn Hawks,2024-09-06,29.5,Jarman Impey,Hawthorn Hawks,Western Bulldogs,18,NA,Unibet,Player Disposals
Western Bulldogs v Hawthorn Hawks,Western Bulldogs,Hawthorn Hawks,2024-09-06,14.5,Joel Freijah,Western Bulldogs,Hawthorn Hawks,1.36,NA,Unibet,Player Disposals
Western Bulldogs v Hawthorn Hawks,Western Bulldogs,Hawthorn Hawks,2024-09-06,19.5,Joel Freijah,Western Bulldogs,Hawthorn Hawks,2.85,NA,Unibet,Player Disposals
Western Bulldogs v Hawthorn Hawks,Western Bulldogs,Hawthorn Hawks,2024-09-06,24.5,Joel Freijah,Western Bulldogs,Hawthorn Hawks,6.25,NA,Unibet,Player Disposals
Western Bulldogs v Hawthorn Hawks,Western Bulldogs,Hawthorn Hawks,2024-09-06,29.5,Joel Freijah,Western Bulldogs,Hawthorn Hawks,16,NA,Unibet,Player Disposals
Western Bulldogs v Hawthorn Hawks,Western Bulldogs,Hawthorn Hawks,2024-09-06,14.5,Josh Weddle,Hawthorn Hawks,Western Bulldogs,1.63,NA,Unibet,Player Disposals
Western Bulldogs v Hawthorn Hawks,Western Bulldogs,Hawthorn Hawks,2024-09-06,19.5,Josh Weddle,Hawthorn Hawks,Western Bulldogs,4.8,NA,Unibet,Player Disposals
Western Bulldogs v Hawthorn Hawks,Western Bulldogs,Hawthorn Hawks,2024-09-06,24.5,Josh Weddle,Hawthorn Hawks,Western Bulldogs,16,NA,Unibet,Player Disposals
Western Bulldogs v Hawthorn Hawks,Western Bulldogs,Hawthorn Hawks,2024-09-06,19.5,Karl Amon,Hawthorn Hawks,Western Bulldogs,1.38,NA,Unibet,Player Disposals
Western Bulldogs v Hawthorn Hawks,Western Bulldogs,Hawthorn Hawks,2024-09-06,24.5,Karl Amon,Hawthorn Hawks,Western Bulldogs,2.4,NA,Unibet,Player Disposals
Western Bulldogs v Hawthorn Hawks,Western Bulldogs,Hawthorn Hawks,2024-09-06,29.5,Karl Amon,Hawthorn Hawks,Western Bulldogs,7,NA,Unibet,Player Disposals
Western Bulldogs v Hawthorn Hawks,Western Bulldogs,Hawthorn Hawks,2024-09-06,34.5,Karl Amon,Hawthorn Hawks,Western Bulldogs,21,NA,Unibet,Player Disposals
Western Bulldogs v Hawthorn Hawks,Western Bulldogs,Hawthorn Hawks,2024-09-06,14.5,Lachlan Bramble,Western Bulldogs,Hawthorn Hawks,1.25,NA,Unibet,Player Disposals
Western Bulldogs v Hawthorn Hawks,Western Bulldogs,Hawthorn Hawks,2024-09-06,19.5,Lachlan Bramble,Western Bulldogs,Hawthorn Hawks,2.12,NA,Unibet,Player Disposals
Western Bulldogs v Hawthorn Hawks,Western Bulldogs,Hawthorn Hawks,2024-09-06,24.5,Lachlan Bramble,Western Bulldogs,Hawthorn Hawks,5.75,NA,Unibet,Player Disposals
Western Bulldogs v Hawthorn Hawks,Western Bulldogs,Hawthorn Hawks,2024-09-06,29.5,Lachlan Bramble,Western Bulldogs,Hawthorn Hawks,21,NA,Unibet,Player Disposals
Western Bulldogs v Hawthorn Hawks,Western Bulldogs,Hawthorn Hawks,2024-09-06,14.5,Lachlan McNeil,Western Bulldogs,Hawthorn Hawks,2.23,NA,Unibet,Player Disposals
Western Bulldogs v Hawthorn Hawks,Western Bulldogs,Hawthorn Hawks,2024-09-06,19.5,Lachlan McNeil,Western Bulldogs,Hawthorn Hawks,7.25,NA,Unibet,Player Disposals
Western Bulldogs v Hawthorn Hawks,Western Bulldogs,Hawthorn Hawks,2024-09-06,14.5,Lloyd Meek,Hawthorn Hawks,Western Bulldogs,1.8,NA,Unibet,Player Disposals
Western Bulldogs v Hawthorn Hawks,Western Bulldogs,Hawthorn Hawks,2024-09-06,19.5,Lloyd Meek,Hawthorn Hawks,Western Bulldogs,5.5,NA,Unibet,Player Disposals
Western Bulldogs v Hawthorn Hawks,Western Bulldogs,Hawthorn Hawks,2024-09-06,24.5,Lloyd Meek,Hawthorn Hawks,Western Bulldogs,19,NA,Unibet,Player Disposals
Western Bulldogs v Hawthorn Hawks,Western Bulldogs,Hawthorn Hawks,2024-09-06,19.5,Marcus Bontempelli,Western Bulldogs,Hawthorn Hawks,1.14,NA,Unibet,Player Disposals
Western Bulldogs v Hawthorn Hawks,Western Bulldogs,Hawthorn Hawks,2024-09-06,24.5,Marcus Bontempelli,Western Bulldogs,Hawthorn Hawks,1.65,NA,Unibet,Player Disposals
Western Bulldogs v Hawthorn Hawks,Western Bulldogs,Hawthorn Hawks,2024-09-06,29.5,Marcus Bontempelli,Western Bulldogs,Hawthorn Hawks,3.25,NA,Unibet,Player Disposals
Western Bulldogs v Hawthorn Hawks,Western Bulldogs,Hawthorn Hawks,2024-09-06,34.5,Marcus Bontempelli,Western Bulldogs,Hawthorn Hawks,8.25,NA,Unibet,Player Disposals
Western Bulldogs v Hawthorn Hawks,Western Bulldogs,Hawthorn Hawks,2024-09-06,39.5,Marcus Bontempelli,Western Bulldogs,Hawthorn Hawks,23,NA,Unibet,Player Disposals
Western Bulldogs v Hawthorn Hawks,Western Bulldogs,Hawthorn Hawks,2024-09-06,19.5,Massimo D'Ambrosio,Hawthorn Hawks,Western Bulldogs,1.33,NA,Unibet,Player Disposals
Western Bulldogs v Hawthorn Hawks,Western Bulldogs,Hawthorn Hawks,2024-09-06,24.5,Massimo D'Ambrosio,Hawthorn Hawks,Western Bulldogs,2.3,NA,Unibet,Player Disposals
Western Bulldogs v Hawthorn Hawks,Western Bulldogs,Hawthorn Hawks,2024-09-06,29.5,Massimo D'Ambrosio,Hawthorn Hawks,Western Bulldogs,5.6,NA,Unibet,Player Disposals
Western Bulldogs v Hawthorn Hawks,Western Bulldogs,Hawthorn Hawks,2024-09-06,34.5,Massimo D'Ambrosio,Hawthorn Hawks,Western Bulldogs,19,NA,Unibet,Player Disposals
Western Bulldogs v Hawthorn Hawks,Western Bulldogs,Hawthorn Hawks,2024-09-06,39.5,Massimo D'Ambrosio,Hawthorn Hawks,Western Bulldogs,26,NA,Unibet,Player Disposals
Western Bulldogs v Hawthorn Hawks,Western Bulldogs,Hawthorn Hawks,2024-09-06,14.5,Nick Watson,Hawthorn Hawks,Western Bulldogs,3.6,NA,Unibet,Player Disposals
Western Bulldogs v Hawthorn Hawks,Western Bulldogs,Hawthorn Hawks,2024-09-06,14.5,Rory Lobb,Western Bulldogs,Hawthorn Hawks,1.47,NA,Unibet,Player Disposals
Western Bulldogs v Hawthorn Hawks,Western Bulldogs,Hawthorn Hawks,2024-09-06,19.5,Rory Lobb,Western Bulldogs,Hawthorn Hawks,3.85,NA,Unibet,Player Disposals
Western Bulldogs v Hawthorn Hawks,Western Bulldogs,Hawthorn Hawks,2024-09-06,24.5,Rory Lobb,Western Bulldogs,Hawthorn Hawks,8,NA,Unibet,Player Disposals
Western Bulldogs v Hawthorn Hawks,Western Bulldogs,Hawthorn Hawks,2024-09-06,14.5,Sam Darcy,Western Bulldogs,Hawthorn Hawks,1.61,NA,Unibet,Player Disposals
Western Bulldogs v Hawthorn Hawks,Western Bulldogs,Hawthorn Hawks,2024-09-06,19.5,Sam Darcy,Western Bulldogs,Hawthorn Hawks,4.25,NA,Unibet,Player Disposals
Western Bulldogs v Hawthorn Hawks,Western Bulldogs,Hawthorn Hawks,2024-09-06,24.5,Sam Darcy,Western Bulldogs,Hawthorn Hawks,14,NA,Unibet,Player Disposals
Western Bulldogs v Hawthorn Hawks,Western Bulldogs,Hawthorn Hawks,2024-09-06,14.5,Taylor Duryea,Western Bulldogs,Hawthorn Hawks,1.6,NA,Unibet,Player Disposals
Western Bulldogs v Hawthorn Hawks,Western Bulldogs,Hawthorn Hawks,2024-09-06,19.5,Taylor Duryea,Western Bulldogs,Hawthorn Hawks,3.95,NA,Unibet,Player Disposals
Western Bulldogs v Hawthorn Hawks,Western Bulldogs,Hawthorn Hawks,2024-09-06,24.5,Taylor Duryea,Western Bulldogs,Hawthorn Hawks,13,NA,Unibet,Player Disposals
Western Bulldogs v Hawthorn Hawks,Western Bulldogs,Hawthorn Hawks,2024-09-06,14.5,Timothy English,NA,NA,1.42,NA,Unibet,Player Disposals
Western Bulldogs v Hawthorn Hawks,Western Bulldogs,Hawthorn Hawks,2024-09-06,19.5,Timothy English,NA,NA,3.25,NA,Unibet,Player Disposals
Western Bulldogs v Hawthorn Hawks,Western Bulldogs,Hawthorn Hawks,2024-09-06,24.5,Timothy English,NA,NA,11,NA,Unibet,Player Disposals
Western Bulldogs v Hawthorn Hawks,Western Bulldogs,Hawthorn Hawks,2024-09-06,19.5,Tom Liberatore,Western Bulldogs,Hawthorn Hawks,1.21,NA,Unibet,Player Disposals
Western Bulldogs v Hawthorn Hawks,Western Bulldogs,Hawthorn Hawks,2024-09-06,24.5,Tom Liberatore,Western Bulldogs,Hawthorn Hawks,1.89,NA,Unibet,Player Disposals
Western Bulldogs v Hawthorn Hawks,Western Bulldogs,Hawthorn Hawks,2024-09-06,29.5,Tom Liberatore,Western Bulldogs,Hawthorn Hawks,4.5,NA,Unibet,Player Disposals
Western Bulldogs v Hawthorn Hawks,Western Bulldogs,Hawthorn Hawks,2024-09-06,34.5,Tom Liberatore,Western Bulldogs,Hawthorn Hawks,13,NA,Unibet,Player Disposals
