Pos,Opponent,games,dvp,market_name
Key Defender,West Coast Eagles,17,1.7240227196792532,Player Disposals
Key Defender,Melbourne Demons,17,1.5384615384615388,Player Disposals
Key Defender,Richmond Tigers,24,1.4836875592256662,Player Disposals
Key Defender,Hawthorn Hawks,15,1.3199426111908181,Player Disposals
Key Defender,GWS Giants,19,1.262626262626263,Player Disposals
Key Defender,Port Adelaide Power,19,0.8,Player Disposals
Key Defender,Brisbane Lions,17,0.6570048309178745,Player Disposals
Key Defender,Collingwood Magpies,18,0.5569326542161861,Player Disposals
Key Defender,Sydney Swans,16,0.45847862585561217,Player Disposals
Key Defender,St Kilda Saints,14,0.41356687224440736,Player Disposals
Key Defender,Western Bulldogs,8,0.28118279569892407,Player Disposals
Key Defender,Essendon Bombers,16,0.1870071957028479,Player Disposals
Key Defender,Geelong Cats,16,-0.07097941252476403,Player Disposals
Key Defender,Gold Coast Suns,15,-0.2940148615721313,Player Disposals
Key Defender,Fremantle Dockers,11,-1.2666666666666673,Player Disposals
Key Defender,North Melbourne Kangaroos,19,-1.7562856322546254,Player Disposals
Key Defender,Adelaide Crows,14,-1.8606411128068858,Player Disposals
Key Defender,Carlton,17,-2.6338185890257564,Player Disposals
Small Defender,Hawthorn Hawks,8,2.75,Player Disposals
Small Defender,Melbourne Demons,18,2.30551590677024,Player Disposals
Small Defender,Fremantle Dockers,11,2.028985507246375,Player Disposals
Small Defender,Western Bulldogs,10,1.5471085120207932,Player Disposals
Small Defender,Collingwood Magpies,12,1.5016383211109385,Player Disposals
Small Defender,North Melbourne Kangaroos,13,0.6201550387596882,Player Disposals
Small Defender,St Kilda Saints,10,0.58992603982758,Player Disposals
Small Defender,GWS Giants,12,0.2425753781865595,Player Disposals
Small Defender,Adelaide Crows,13,-0.0802042335921712,Player Disposals
Small Defender,Essendon Bombers,12,-0.5427620620145781,Player Disposals
Small Defender,Richmond Tigers,18,-0.8645116116232927,Player Disposals
Small Defender,Geelong Cats,8,-1.3852761827478028,Player Disposals
Small Defender,Gold Coast Suns,16,-1.4215284481764145,Player Disposals
Small Defender,Sydney Swans,10,-1.7383312218992963,Player Disposals
Small Defender,West Coast Eagles,8,-1.9340938181517886,Player Disposals
Small Defender,Port Adelaide Power,11,-2.6655356379100357,Player Disposals
Small Defender,Carlton,12,-3.5879126697722494,Player Disposals
Small Defender,Brisbane Lions,4,-4.877760429872726,Player Disposals
Offensive Defender,St Kilda Saints,18,2.9028850235627277,Player Disposals
Offensive Defender,Collingwood Magpies,21,2.144439521488701,Player Disposals
Offensive Defender,Richmond Tigers,37,2.112773271190264,Player Disposals
Offensive Defender,Sydney Swans,15,1.722277722277724,Player Disposals
Offensive Defender,Hawthorn Hawks,22,0.7785232970066822,Player Disposals
Offensive Defender,GWS Giants,20,0.3472799430391774,Player Disposals
Offensive Defender,Melbourne Demons,19,0.2647739857042183,Player Disposals
Offensive Defender,Essendon Bombers,23,0.10217113665389661,Player Disposals
Offensive Defender,Carlton,12,-0.10346307937238493,Player Disposals
Offensive Defender,Gold Coast Suns,33,-0.15943562610229095,Player Disposals
Offensive Defender,Fremantle Dockers,19,-0.49948682860075166,Player Disposals
Offensive Defender,Western Bulldogs,18,-0.547754402658346,Player Disposals
Offensive Defender,Port Adelaide Power,27,-1.032258064516131,Player Disposals
Offensive Defender,Geelong Cats,22,-1.0939412890632412,Player Disposals
Offensive Defender,Brisbane Lions,17,-1.6779597214379807,Player Disposals
Offensive Defender,West Coast Eagles,22,-2.126078785944759,Player Disposals
Offensive Defender,Adelaide Crows,24,-2.409313022948645,Player Disposals
Offensive Defender,North Melbourne Kangaroos,20,-3.8520942838211916,Player Disposals
CBA > 50%,Geelong Cats,23,4.975847226189223,Player Disposals
CBA > 50%,Richmond Tigers,31,1.8558374025853697,Player Disposals
CBA > 50%,GWS Giants,24,1.4916918010465439,Player Disposals
CBA > 50%,Collingwood Magpies,25,1.4349928945651074,Player Disposals
CBA > 50%,West Coast Eagles,22,0.7612586230616529,Player Disposals
CBA > 50%,Melbourne Demons,23,0.5853658536585385,Player Disposals
CBA > 50%,Hawthorn Hawks,20,0.4693524665246116,Player Disposals
CBA > 50%,Carlton,20,0.17188423161452848,Player Disposals
CBA > 50%,Gold Coast Suns,31,0.03038936372269632,Player Disposals
CBA > 50%,St Kilda Saints,20,-0.23689242006442443,Player Disposals
CBA > 50%,North Melbourne Kangaroos,24,-0.3740240990830188,Player Disposals
CBA > 50%,Fremantle Dockers,18,-0.5187385976798325,Player Disposals
CBA > 50%,Port Adelaide Power,29,-0.9193870752831459,Player Disposals
CBA > 50%,Western Bulldogs,19,-1.4165535956580755,Player Disposals
CBA > 50%,Adelaide Crows,26,-1.5082995371145729,Player Disposals
CBA > 50%,Essendon Bombers,25,-1.6701298701298697,Player Disposals
CBA > 50%,Sydney Swans,17,-2.0560224089635883,Player Disposals
CBA > 50%,Brisbane Lions,18,-2.1059865806787843,Player Disposals
CBA < 50%,St Kilda Saints,8,3.509661752713369,Player Disposals
CBA < 50%,GWS Giants,9,2.805584148224395,Player Disposals
CBA < 50%,Richmond Tigers,15,2.6638766614925107,Player Disposals
CBA < 50%,Hawthorn Hawks,8,1.9478693027532685,Player Disposals
CBA < 50%,Adelaide Crows,8,1.8937183704848537,Player Disposals
CBA < 50%,North Melbourne Kangaroos,9,1.8151260504201645,Player Disposals
CBA < 50%,Melbourne Demons,12,1.1023357644625307,Player Disposals
CBA < 50%,Carlton,8,0.7723258373070735,Player Disposals
CBA < 50%,Geelong Cats,7,0.7017543859649096,Player Disposals
CBA < 50%,Gold Coast Suns,12,0.04055616731041596,Player Disposals
CBA < 50%,Western Bulldogs,11,-0.5807962529273993,Player Disposals
CBA < 50%,Collingwood Magpies,10,-1.0394597283297486,Player Disposals
CBA < 50%,Sydney Swans,8,-1.4063886381918467,Player Disposals
CBA < 50%,Essendon Bombers,13,-1.7315735388024565,Player Disposals
CBA < 50%,Fremantle Dockers,8,-1.7449768530381462,Player Disposals
CBA < 50%,Port Adelaide Power,13,-2.3086021796642884,Player Disposals
CBA < 50%,West Coast Eagles,10,-2.8415785764622985,Player Disposals
CBA < 50%,Brisbane Lions,12,-3.358710606372522,Player Disposals
Wing,Richmond Tigers,21,3.7260273972602733,Player Disposals
Wing,Geelong Cats,20,2.114297450773313,Player Disposals
Wing,Collingwood Magpies,14,2.0809318870754328,Player Disposals
Wing,North Melbourne Kangaroos,14,1.7896882316214815,Player Disposals
Wing,Hawthorn Hawks,17,1.4026632847178178,Player Disposals
Wing,Gold Coast Suns,13,1.202893033878948,Player Disposals
Wing,Melbourne Demons,16,0.7387390228136298,Player Disposals
Wing,Fremantle Dockers,11,0.4212338593974181,Player Disposals
Wing,Carlton,12,-0.006591824212618747,Player Disposals
Wing,Brisbane Lions,15,-0.3209876543209873,Player Disposals
Wing,Sydney Swans,11,-0.45230631437527935,Player Disposals
Wing,St Kilda Saints,14,-0.5115326708822636,Player Disposals
Wing,GWS Giants,16,-0.8299601040262389,Player Disposals
Wing,Adelaide Crows,16,-1.2450823184972237,Player Disposals
Wing,West Coast Eagles,21,-2.1422101166528593,Player Disposals
Wing,Western Bulldogs,11,-2.3211968276856525,Player Disposals
Wing,Port Adelaide Power,16,-2.4394603126923706,Player Disposals
Wing,Essendon Bombers,17,-2.882519779071504,Player Disposals
Ruck,Geelong Cats,8,3.071481364164292,Player Disposals
Ruck,Hawthorn Hawks,8,2.5591539986781218,Player Disposals
Ruck,Richmond Tigers,11,2.3827766726724238,Player Disposals
Ruck,Fremantle Dockers,6,1.5731209718551484,Player Disposals
Ruck,Gold Coast Suns,9,1.2962193601994187,Player Disposals
Ruck,St Kilda Saints,7,1.2501614361358635,Player Disposals
Ruck,Port Adelaide Power,10,1.1318251249559375,Player Disposals
Ruck,Western Bulldogs,7,0.6883116883116884,Player Disposals
Ruck,Collingwood Magpies,10,0.32562913878465455,Player Disposals
Ruck,Sydney Swans,7,0.23859649122807128,Player Disposals
Ruck,North Melbourne Kangaroos,9,-0.5643738977072303,Player Disposals
Ruck,Essendon Bombers,9,-0.5990867579908695,Player Disposals
Ruck,Carlton,7,-1.2962193601994187,Player Disposals
Ruck,Brisbane Lions,6,-1.634827558514148,Player Disposals
Ruck,West Coast Eagles,8,-1.9293739641117875,Player Disposals
Ruck,GWS Giants,8,-2.1106382978723404,Player Disposals
Ruck,Adelaide Crows,10,-2.640891242146619,Player Disposals
Ruck,Melbourne Demons,9,-2.8455988455988463,Player Disposals
Key Forward,Western Bulldogs,14,1.962841453767043,Player Disposals
Key Forward,North Melbourne Kangaroos,15,1.8295452672523198,Player Disposals
Key Forward,West Coast Eagles,21,1.1951219512195124,Player Disposals
Key Forward,Richmond Tigers,32,1.1675353685778107,Player Disposals
Key Forward,Gold Coast Suns,24,0.6333333333333343,Player Disposals
Key Forward,Melbourne Demons,21,0.4898443026761058,Player Disposals
Key Forward,Fremantle Dockers,17,0.4863206968470138,Player Disposals
Key Forward,Sydney Swans,15,0.48348106365833843,Player Disposals
Key Forward,Geelong Cats,19,0.31134173461823456,Player Disposals
Key Forward,Carlton,18,-0.0316089537436298,Player Disposals
Key Forward,Adelaide Crows,20,-0.08681497558328816,Player Disposals
Key Forward,Port Adelaide Power,26,-0.11344307954759075,Player Disposals
Key Forward,GWS Giants,24,-0.19042384440688664,Player Disposals
Key Forward,St Kilda Saints,18,-0.27010992947516427,Player Disposals
Key Forward,Collingwood Magpies,17,-1.256882124666506,Player Disposals
Key Forward,Brisbane Lions,15,-1.4723483559881076,Player Disposals
Key Forward,Essendon Bombers,20,-1.6829721632225707,Player Disposals
Key Forward,Hawthorn Hawks,18,-2.2003042738444694,Player Disposals
Small Forward,Melbourne Demons,27,2.2725294509312337,Player Disposals
Small Forward,North Melbourne Kangaroos,28,1.9944416750640366,Player Disposals
Small Forward,Fremantle Dockers,20,1.0008455135347702,Player Disposals
Small Forward,West Coast Eagles,21,0.891891891891892,Player Disposals
Small Forward,Richmond Tigers,38,0.7925949389364022,Player Disposals
Small Forward,Collingwood Magpies,24,0.45236774800940727,Player Disposals
Small Forward,Sydney Swans,23,0.19330565646081938,Player Disposals
Small Forward,Brisbane Lions,20,0.160002045946662,Player Disposals
Small Forward,Gold Coast Suns,35,0.06827880512091014,Player Disposals
Small Forward,Western Bulldogs,21,-0.4711779448621556,Player Disposals
Small Forward,Carlton,28,-0.5999090245425428,Player Disposals
Small Forward,St Kilda Saints,22,-0.746728610143245,Player Disposals
Small Forward,Adelaide Crows,20,-0.8077180170203406,Player Disposals
Small Forward,Port Adelaide Power,27,-0.9090909090909094,Player Disposals
Small Forward,GWS Giants,24,-0.9519754507096281,Player Disposals
Small Forward,Geelong Cats,22,-1.0212579641875763,Player Disposals
Small Forward,Hawthorn Hawks,23,-1.0941746425617382,Player Disposals
Small Forward,Essendon Bombers,24,-1.52767140096731,Player Disposals
Key Defender,West Coast Eagles,17,0.9861592371368417,Player Marks
Key Defender,St Kilda Saints,14,0.9287887075416521,Player Marks
Key Defender,Melbourne Demons,17,0.8988764044943814,Player Marks
Key Defender,Collingwood Magpies,18,0.587238286241435,Player Marks
Key Defender,Richmond Tigers,24,0.35511166597308874,Player Marks
Key Defender,Port Adelaide Power,19,0.33469192040278134,Player Marks
Key Defender,Geelong Cats,16,0.23350003095504804,Player Marks
Key Defender,Sydney Swans,16,0.1142857142857146,Player Marks
Key Defender,Hawthorn Hawks,15,-0.2192381474376539,Player Marks
Key Defender,Adelaide Crows,14,-0.2573000899903448,Player Marks
Key Defender,Western Bulldogs,8,-0.26901294489333394,Player Marks
Key Defender,GWS Giants,19,-0.2700192642925515,Player Marks
Key Defender,North Melbourne Kangaroos,19,-0.3735497464582288,Player Marks
Key Defender,Gold Coast Suns,15,-0.6022471910112359,Player Marks
Key Defender,Essendon Bombers,16,-0.6651113467656415,Player Marks
Key Defender,Fremantle Dockers,11,-0.6764739951349473,Player Marks
Key Defender,Carlton,17,-0.7506172839506171,Player Marks
Key Defender,Brisbane Lions,17,-1.6,Player Marks
Small Defender,Collingwood Magpies,12,1.2103803230302164,Player Marks
Small Defender,Fremantle Dockers,11,1.0961498582981961,Player Marks
Small Defender,Hawthorn Hawks,8,0.9779116465863453,Player Marks
Small Defender,GWS Giants,12,0.6941127973139036,Player Marks
Small Defender,Sydney Swans,10,0.38041632833837724,Player Marks
Small Defender,Melbourne Demons,18,0.27336409284675656,Player Marks
Small Defender,St Kilda Saints,10,0.2706469010816836,Player Marks
Small Defender,Essendon Bombers,12,0.19852325718792338,Player Marks
Small Defender,Richmond Tigers,18,0.12777919754663927,Player Marks
Small Defender,West Coast Eagles,8,-0.12723342298846632,Player Marks
Small Defender,Carlton,12,-0.23479615192963818,Player Marks
Small Defender,Gold Coast Suns,16,-0.39660590145108227,Player Marks
Small Defender,Port Adelaide Power,11,-0.396760985515769,Player Marks
Small Defender,Adelaide Crows,13,-0.48449612403100706,Player Marks
Small Defender,North Melbourne Kangaroos,13,-0.894736842105263,Player Marks
Small Defender,Western Bulldogs,10,-1.1537796096562354,Player Marks
Small Defender,Geelong Cats,8,-1.7999451954694927,Player Marks
Small Defender,Brisbane Lions,4,-2.4048861557751096,Player Marks
Offensive Defender,Richmond Tigers,37,1.888276947285602,Player Marks
Offensive Defender,Melbourne Demons,19,1.2332086968563916,Player Marks
Offensive Defender,Sydney Swans,15,0.6755333020393259,Player Marks
Offensive Defender,Collingwood Magpies,21,0.45287030474840506,Player Marks
Offensive Defender,Essendon Bombers,23,0.27514710002801906,Player Marks
Offensive Defender,West Coast Eagles,22,0.2540025581087633,Player Marks
Offensive Defender,Fremantle Dockers,19,0.17279514775930097,Player Marks
Offensive Defender,Hawthorn Hawks,22,0.08470137649323811,Player Marks
Offensive Defender,St Kilda Saints,18,0.024044580724856247,Player Marks
Offensive Defender,Western Bulldogs,18,0.01653550235183232,Player Marks
Offensive Defender,Carlton,12,-0.3355293719618761,Player Marks
Offensive Defender,Geelong Cats,22,-0.4082572758243183,Player Marks
Offensive Defender,North Melbourne Kangaroos,20,-0.4172920232145099,Player Marks
Offensive Defender,Gold Coast Suns,33,-0.6516290726817044,Player Marks
Offensive Defender,Adelaide Crows,24,-0.7072365763684957,Player Marks
Offensive Defender,Port Adelaide Power,27,-0.9064830751577738,Player Marks
Offensive Defender,Brisbane Lions,17,-1.1178694722998521,Player Marks
Offensive Defender,GWS Giants,20,-1.7239391969202977,Player Marks
CBA > 50%,Fremantle Dockers,18,1.7829206997746323,Player Marks
CBA > 50%,Richmond Tigers,31,1.0562809928944898,Player Marks
CBA > 50%,West Coast Eagles,22,0.9666020254255548,Player Marks
CBA > 50%,Geelong Cats,23,0.5053732547734182,Player Marks
CBA > 50%,Hawthorn Hawks,20,0.4814898089411397,Player Marks
CBA > 50%,Carlton,20,0.30920927905446,Player Marks
CBA > 50%,Melbourne Demons,23,0.13449145418884853,Player Marks
CBA > 50%,St Kilda Saints,20,0.07449139280125197,Player Marks
CBA > 50%,Gold Coast Suns,31,0.06644518272425266,Player Marks
CBA > 50%,Brisbane Lions,18,-0.09312731898402565,Player Marks
CBA > 50%,Essendon Bombers,25,-0.11213905242500709,Player Marks
CBA > 50%,Adelaide Crows,26,-0.1340649725889243,Player Marks
CBA > 50%,Collingwood Magpies,25,-0.15392015392015423,Player Marks
CBA > 50%,Western Bulldogs,19,-0.1773639286110182,Player Marks
CBA > 50%,Sydney Swans,17,-0.3255947487243738,Player Marks
CBA > 50%,North Melbourne Kangaroos,24,-0.4534433201519143,Player Marks
CBA > 50%,Port Adelaide Power,29,-0.6296083806123968,Player Marks
CBA > 50%,GWS Giants,24,-0.9496275594474405,Player Marks
CBA < 50%,St Kilda Saints,8,1.2682539682539682,Player Marks
CBA < 50%,GWS Giants,9,1,Player Marks
CBA < 50%,Sydney Swans,8,0.8639946418037454,Player Marks
CBA < 50%,Geelong Cats,7,0.802005012531329,Player Marks
CBA < 50%,Fremantle Dockers,8,0.7886094480195018,Player Marks
CBA < 50%,Richmond Tigers,15,0.5581506390068477,Player Marks
CBA < 50%,Hawthorn Hawks,8,0.48932492530053545,Player Marks
CBA < 50%,Carlton,8,0.3704284004733636,Player Marks
CBA < 50%,Adelaide Crows,8,0.32388989351014674,Player Marks
CBA < 50%,Collingwood Magpies,10,0.3110465514900829,Player Marks
CBA < 50%,Western Bulldogs,11,0.023021354290704468,Player Marks
CBA < 50%,North Melbourne Kangaroos,9,-0.09337068160597575,Player Marks
CBA < 50%,Brisbane Lions,12,-0.7045215438799809,Player Marks
CBA < 50%,Gold Coast Suns,12,-0.7971277370364588,Player Marks
CBA < 50%,Port Adelaide Power,13,-0.9725547983053972,Player Marks
CBA < 50%,Essendon Bombers,13,-1.0452961672473866,Player Marks
CBA < 50%,Melbourne Demons,12,-1.144609128638268,Player Marks
CBA < 50%,West Coast Eagles,10,-1.395801923924406,Player Marks
Wing,Western Bulldogs,11,2.3309300648882476,Player Marks
Wing,Sydney Swans,11,1.8703384968445211,Player Marks
Wing,Richmond Tigers,21,1.424148606811145,Player Marks
Wing,St Kilda Saints,14,1.38523167742736,Player Marks
Wing,Collingwood Magpies,14,0.8489022153393301,Player Marks
Wing,Fremantle Dockers,11,0.5263157894736843,Player Marks
Wing,Gold Coast Suns,13,0.24251610458507075,Player Marks
Wing,Hawthorn Hawks,17,-0.01480932987782282,Player Marks
Wing,Essendon Bombers,17,-0.07839038411288257,Player Marks
Wing,Carlton,12,-0.0797531289611973,Player Marks
Wing,Melbourne Demons,16,-0.1374681866307814,Player Marks
Wing,North Melbourne Kangaroos,14,-0.45682032288828367,Player Marks
Wing,Geelong Cats,20,-0.6829213874468062,Player Marks
Wing,GWS Giants,16,-0.7657312235478022,Player Marks
Wing,West Coast Eagles,21,-0.8553593722133046,Player Marks
Wing,Port Adelaide Power,16,-1.033846642573409,Player Marks
Wing,Brisbane Lions,15,-1.1243399130926164,Player Marks
Wing,Adelaide Crows,16,-1.7121472988890152,Player Marks
Ruck,Richmond Tigers,11,1.1110016957193036,Player Marks
Ruck,St Kilda Saints,7,1.001805278222102,Player Marks
Ruck,Sydney Swans,7,0.8748114630467572,Player Marks
Ruck,Western Bulldogs,7,0.8571428571428572,Player Marks
Ruck,Collingwood Magpies,10,0.7269952085729129,Player Marks
Ruck,GWS Giants,8,0.6756756756756759,Player Marks
Ruck,Geelong Cats,8,0.1827094474153298,Player Marks
Ruck,Hawthorn Hawks,8,0.09253738948763016,Player Marks
Ruck,Essendon Bombers,9,0.08651766402307111,Player Marks
Ruck,West Coast Eagles,8,0.06546906337017262,Player Marks
Ruck,North Melbourne Kangaroos,9,0.0512820512820511,Player Marks
Ruck,Gold Coast Suns,9,-0.3364703317466662,Player Marks
Ruck,Adelaide Crows,10,-0.44663827590656835,Player Marks
Ruck,Port Adelaide Power,10,-0.7851435813601193,Player Marks
Ruck,Melbourne Demons,9,-0.955391640323147,Player Marks
Ruck,Carlton,7,-1.051282051282051,Player Marks
Ruck,Brisbane Lions,6,-1.45142399233001,Player Marks
Ruck,Fremantle Dockers,6,-1.5867446393762181,Player Marks
Key Forward,Western Bulldogs,14,1.7872832946693606,Player Marks
Key Forward,North Melbourne Kangaroos,15,1.6626506024096388,Player Marks
Key Forward,Fremantle Dockers,17,0.892344497607656,Player Marks
Key Forward,Richmond Tigers,32,0.273876518164013,Player Marks
Key Forward,Melbourne Demons,21,0.16078083407275942,Player Marks
Key Forward,Essendon Bombers,20,0.1328460695930577,Player Marks
Key Forward,Sydney Swans,15,0.07480130902290796,Player Marks
Key Forward,St Kilda Saints,18,0.019111323459149433,Player Marks
Key Forward,Carlton,18,-0.043272481406355826,Player Marks
Key Forward,West Coast Eagles,21,-0.05490734385723997,Player Marks
Key Forward,GWS Giants,24,-0.07794514063570653,Player Marks
Key Forward,Gold Coast Suns,24,-0.1480624638519373,Player Marks
Key Forward,Port Adelaide Power,26,-0.4074378444479919,Player Marks
Key Forward,Geelong Cats,19,-0.4737492456679796,Player Marks
Key Forward,Collingwood Magpies,17,-0.67919289679892,Player Marks
Key Forward,Hawthorn Hawks,18,-0.7775712069641916,Player Marks
Key Forward,Adelaide Crows,20,-1.0048872157406703,Player Marks
Key Forward,Brisbane Lions,15,-1.0164835164835162,Player Marks
Small Forward,Melbourne Demons,27,1.4844600983451872,Player Marks
Small Forward,North Melbourne Kangaroos,28,0.93517608797596,Player Marks
Small Forward,GWS Giants,24,0.3107131129512428,Player Marks
Small Forward,Fremantle Dockers,20,0.29638752052545175,Player Marks
Small Forward,St Kilda Saints,22,0.22496852919554497,Player Marks
Small Forward,Gold Coast Suns,35,-0.03248862897985712,Player Marks
Small Forward,Carlton,28,-0.0493779486548771,Player Marks
Small Forward,Geelong Cats,22,-0.07996295152824935,Player Marks
Small Forward,Richmond Tigers,38,-0.12244294183823996,Player Marks
Small Forward,Sydney Swans,23,-0.1580246913580247,Player Marks
Small Forward,Hawthorn Hawks,23,-0.20012507817385838,Player Marks
Small Forward,Essendon Bombers,24,-0.30780798149219174,Player Marks
Small Forward,Port Adelaide Power,27,-0.3287123835069039,Player Marks
Small Forward,Collingwood Magpies,24,-0.4274067887626542,Player Marks
Small Forward,Brisbane Lions,20,-0.5269189935813458,Player Marks
Small Forward,West Coast Eagles,21,-0.7201877934272304,Player Marks
Small Forward,Adelaide Crows,20,-0.858543417366947,Player Marks
Small Forward,Western Bulldogs,21,-1.2413793103448274,Player Marks
Key Defender,West Coast Eagles,17,0.859365353747376,Player Tackles
Key Defender,Hawthorn Hawks,15,0.7836734693877553,Player Tackles
Key Defender,Carlton,17,0.764670296430732,Player Tackles
Key Defender,Brisbane Lions,17,0.7578947368421054,Player Tackles
Key Defender,Collingwood Magpies,18,0.24250586202310376,Player Tackles
Key Defender,North Melbourne Kangaroos,19,0.06956521739130431,Player Tackles
Key Defender,Western Bulldogs,8,0.043236962719044675,Player Tackles
Key Defender,Adelaide Crows,14,0,Player Tackles
Key Defender,Richmond Tigers,24,0,Player Tackles
Key Defender,Essendon Bombers,16,0,Player Tackles
Key Defender,Geelong Cats,16,0,Player Tackles
Key Defender,Port Adelaide Power,19,0,Player Tackles
Key Defender,St Kilda Saints,14,-0.0283855706682437,Player Tackles
Key Defender,Fremantle Dockers,11,-0.096680816268454,Player Tackles
Key Defender,Sydney Swans,16,-0.36734693877551017,Player Tackles
Key Defender,GWS Giants,19,-0.4,Player Tackles
Key Defender,Melbourne Demons,17,-0.4,Player Tackles
Key Defender,Gold Coast Suns,15,-0.4163265306122448,Player Tackles
Small Defender,Carlton,12,1.0143808035759327,Player Tackles
Small Defender,Brisbane Lions,4,0.8993280330241078,Player Tackles
Small Defender,Geelong Cats,8,0.7494185826147212,Player Tackles
Small Defender,Port Adelaide Power,11,0.30567223867425053,Player Tackles
Small Defender,GWS Giants,12,0.07369942524689854,Player Tackles
Small Defender,Melbourne Demons,18,0.05132227337504141,Player Tackles
Small Defender,Sydney Swans,10,0.03628091937846225,Player Tackles
Small Defender,Fremantle Dockers,11,-0.00573723465289735,Player Tackles
Small Defender,St Kilda Saints,10,-0.01347086407508149,Player Tackles
Small Defender,Hawthorn Hawks,8,-0.025414929210686846,Player Tackles
Small Defender,Gold Coast Suns,16,-0.027890337978845284,Player Tackles
Small Defender,Richmond Tigers,18,-0.033618154462681814,Player Tackles
Small Defender,Adelaide Crows,13,-0.03614457831325293,Player Tackles
Small Defender,Collingwood Magpies,12,-0.03941663381947169,Player Tackles
Small Defender,North Melbourne Kangaroos,13,-0.21978021978021936,Player Tackles
Small Defender,West Coast Eagles,8,-0.23202661674186756,Player Tackles
Small Defender,Essendon Bombers,12,-0.7799374392403358,Player Tackles
Small Defender,Western Bulldogs,10,-0.887088367020445,Player Tackles
Offensive Defender,Brisbane Lions,17,0.9376465072667604,Player Tackles
Offensive Defender,North Melbourne Kangaroos,20,0.43907732530733096,Player Tackles
Offensive Defender,Carlton,12,0.3743748101650298,Player Tackles
Offensive Defender,Sydney Swans,15,0.15686274509803938,Player Tackles
Offensive Defender,Richmond Tigers,37,0.12321012321012326,Player Tackles
Offensive Defender,GWS Giants,20,0.08416389811738655,Player Tackles
Offensive Defender,Fremantle Dockers,19,0.050031269543464596,Player Tackles
Offensive Defender,Hawthorn Hawks,22,0.04111580025161565,Player Tackles
Offensive Defender,Essendon Bombers,23,0.037048471750540206,Player Tackles
Offensive Defender,Melbourne Demons,19,0.03362286354721213,Player Tackles
Offensive Defender,St Kilda Saints,18,0.02009290728983242,Player Tackles
Offensive Defender,Western Bulldogs,18,0.019747516138855392,Player Tackles
Offensive Defender,Gold Coast Suns,33,-0.03793481202039644,Player Tackles
Offensive Defender,Port Adelaide Power,27,-0.06886657101865126,Player Tackles
Offensive Defender,West Coast Eagles,22,-0.07147324220494947,Player Tackles
Offensive Defender,Collingwood Magpies,21,-0.10222335803731185,Player Tackles
Offensive Defender,Adelaide Crows,24,-0.4083431241901188,Player Tackles
Offensive Defender,Geelong Cats,22,-0.9188977916748094,Player Tackles
CBA > 50%,West Coast Eagles,22,1.229065702749913,Player Tackles
CBA > 50%,Geelong Cats,23,1.0573907240573914,Player Tackles
CBA > 50%,Carlton,20,0.7992268318437497,Player Tackles
CBA > 50%,Port Adelaide Power,29,0.6754221388367739,Player Tackles
CBA > 50%,Adelaide Crows,26,0.26588607322440366,Player Tackles
CBA > 50%,Melbourne Demons,23,0.25339366515837086,Player Tackles
CBA > 50%,Western Bulldogs,19,0.1764705882352942,Player Tackles
CBA > 50%,North Melbourne Kangaroos,24,0.08612156753461093,Player Tackles
CBA > 50%,St Kilda Saints,20,0.08370583716050534,Player Tackles
CBA > 50%,Sydney Swans,17,0.08158883521202327,Player Tackles
CBA > 50%,Essendon Bombers,25,-0.07711962833914043,Player Tackles
CBA > 50%,Collingwood Magpies,25,-0.09876543209876516,Player Tackles
CBA > 50%,Brisbane Lions,18,-0.32852000939377146,Player Tackles
CBA > 50%,Fremantle Dockers,18,-0.39102884696175483,Player Tackles
CBA > 50%,Hawthorn Hawks,20,-0.5428143627991073,Player Tackles
CBA > 50%,Gold Coast Suns,31,-0.595573440643863,Player Tackles
CBA > 50%,Richmond Tigers,31,-0.6436176648517847,Player Tackles
CBA > 50%,GWS Giants,24,-1.188868501149482,Player Tackles
CBA < 50%,Geelong Cats,7,3.352826510721248,Player Tackles
CBA < 50%,Hawthorn Hawks,8,1.508530469526662,Player Tackles
CBA < 50%,Port Adelaide Power,13,1.5066941172170993,Player Tackles
CBA < 50%,Melbourne Demons,12,1.1151038750288385,Player Tackles
CBA < 50%,St Kilda Saints,8,1.06478461627322,Player Tackles
CBA < 50%,Gold Coast Suns,12,0.9834763381161825,Player Tackles
CBA < 50%,West Coast Eagles,10,0.7468496498032366,Player Tackles
CBA < 50%,Sydney Swans,8,0.34399702142284333,Player Tackles
CBA < 50%,Carlton,8,-0.1275010421720916,Player Tackles
CBA < 50%,Richmond Tigers,15,-0.5714930861701898,Player Tackles
CBA < 50%,Brisbane Lions,12,-0.6467485442666195,Player Tackles
CBA < 50%,Essendon Bombers,13,-0.7472527472527475,Player Tackles
CBA < 50%,Collingwood Magpies,10,-0.843570858265527,Player Tackles
CBA < 50%,GWS Giants,9,-0.8597168597168597,Player Tackles
CBA < 50%,Adelaide Crows,8,-0.865167668922142,Player Tackles
CBA < 50%,Fremantle Dockers,8,-0.9784931230714364,Player Tackles
CBA < 50%,North Melbourne Kangaroos,9,-1.0722891566265058,Player Tackles
CBA < 50%,Western Bulldogs,11,-1.2705882352941182,Player Tackles
Wing,Hawthorn Hawks,17,0.8927381745502996,Player Tackles
Wing,Brisbane Lions,15,0.8530819026175064,Player Tackles
Wing,Adelaide Crows,16,0.7750560179332239,Player Tackles
Wing,Sydney Swans,11,0.7383627608346711,Player Tackles
Wing,St Kilda Saints,14,0.5833583520011085,Player Tackles
Wing,West Coast Eagles,21,0.42508524523898006,Player Tackles
Wing,Collingwood Magpies,14,0.2745433625508579,Player Tackles
Wing,Gold Coast Suns,13,0.10843373493975897,Player Tackles
Wing,Port Adelaide Power,16,0.09203021511126873,Player Tackles
Wing,Western Bulldogs,11,-0.010692328254477523,Player Tackles
Wing,GWS Giants,16,-0.02847108997875907,Player Tackles
Wing,Melbourne Demons,16,-0.06066734074823064,Player Tackles
Wing,Fremantle Dockers,11,-0.09406846093545873,Player Tackles
Wing,Geelong Cats,20,-0.17001245399717357,Player Tackles
Wing,Carlton,12,-0.26202805637099047,Player Tackles
Wing,Richmond Tigers,21,-0.4867525197729453,Player Tackles
Wing,North Melbourne Kangaroos,14,-0.6334782511344778,Player Tackles
Wing,Essendon Bombers,17,-0.8048079435589237,Player Tackles
Ruck,Brisbane Lions,6,1.9801433801345123,Player Tackles
Ruck,St Kilda Saints,7,1.7971758664955069,Player Tackles
Ruck,Fremantle Dockers,6,1.4893269992430938,Player Tackles
Ruck,Essendon Bombers,9,0.9191279887482424,Player Tackles
Ruck,Carlton,7,0.9191279887482424,Player Tackles
Ruck,Port Adelaide Power,10,0.7184517322568443,Player Tackles
Ruck,Melbourne Demons,9,0.41935483870967727,Player Tackles
Ruck,Sydney Swans,7,0.3461841070023603,Player Tackles
Ruck,Geelong Cats,8,0.3137653280135531,Player Tackles
Ruck,Hawthorn Hawks,8,0.27337676643691183,Player Tackles
Ruck,Adelaide Crows,10,0.15176402544823608,Player Tackles
Ruck,Collingwood Magpies,10,0.1324928710121526,Player Tackles
Ruck,Gold Coast Suns,9,-0.18045112781954878,Player Tackles
Ruck,West Coast Eagles,8,-0.2409185017880674,Player Tackles
Ruck,Richmond Tigers,11,-0.8046835155526927,Player Tackles
Ruck,Western Bulldogs,7,-0.9268292682926831,Player Tackles
Ruck,North Melbourne Kangaroos,9,-1.2600732600732603,Player Tackles
Ruck,GWS Giants,8,-1.436123579284458,Player Tackles
Key Forward,Brisbane Lions,15,0.4760601915184679,Player Tackles
Key Forward,Adelaide Crows,20,0.33862029426033846,Player Tackles
Key Forward,St Kilda Saints,18,0.3256430033923642,Player Tackles
Key Forward,GWS Giants,24,0.1060723409342911,Player Tackles
Key Forward,Carlton,18,0.05709010364628586,Player Tackles
Key Forward,West Coast Eagles,21,0.04878048780487809,Player Tackles
Key Forward,Geelong Cats,19,0.03623188405797091,Player Tackles
Key Forward,Fremantle Dockers,17,0.036219581211092235,Player Tackles
Key Forward,Port Adelaide Power,26,0.01883817656731477,Player Tackles
Key Forward,North Melbourne Kangaroos,15,0.004479283314669758,Player Tackles
Key Forward,Collingwood Magpies,17,-0.00826452762046106,Player Tackles
Key Forward,Sydney Swans,15,-0.04398799297702425,Player Tackles
Key Forward,Gold Coast Suns,24,-0.17518968601566806,Player Tackles
Key Forward,Richmond Tigers,32,-0.20033474300169943,Player Tackles
Key Forward,Western Bulldogs,14,-0.30740824728006066,Player Tackles
Key Forward,Melbourne Demons,21,-0.8603145235892692,Player Tackles
Key Forward,Essendon Bombers,20,-0.8704908338261383,Player Tackles
Key Forward,Hawthorn Hawks,18,-0.8905381854858485,Player Tackles
Small Forward,Geelong Cats,22,1.0132534132534132,Player Tackles
Small Forward,Carlton,28,0.9403508771929826,Player Tackles
Small Forward,Brisbane Lions,20,0.8650458611941372,Player Tackles
Small Forward,West Coast Eagles,21,0.7508319118806007,Player Tackles
Small Forward,North Melbourne Kangaroos,28,0.6749556718177061,Player Tackles
Small Forward,Fremantle Dockers,20,0.6017018212140164,Player Tackles
Small Forward,Sydney Swans,23,0.4439756211908108,Player Tackles
Small Forward,GWS Giants,24,0.03890047660904177,Player Tackles
Small Forward,Western Bulldogs,21,0.028070175438596225,Player Tackles
Small Forward,Adelaide Crows,20,-0.042308450092154185,Player Tackles
Small Forward,Essendon Bombers,24,-0.1089608221288529,Player Tackles
Small Forward,Collingwood Magpies,24,-0.1374098631482597,Player Tackles
Small Forward,Hawthorn Hawks,23,-0.24224908120039218,Player Tackles
Small Forward,Port Adelaide Power,27,-0.2535211267605636,Player Tackles
Small Forward,St Kilda Saints,22,-0.34250631997110886,Player Tackles
Small Forward,Melbourne Demons,27,-0.45484885407206727,Player Tackles
Small Forward,Richmond Tigers,38,-0.8348624235537141,Player Tackles
Small Forward,Gold Coast Suns,35,-0.965165355409258,Player Tackles
Key Defender,Western Bulldogs,8,7.118576159174694,Player Fantasy Points
Key Defender,Richmond Tigers,24,7.037203047960549,Player Fantasy Points
Key Defender,West Coast Eagles,17,6.475267983985538,Player Fantasy Points
Key Defender,Melbourne Demons,17,5.5794898903132095,Player Fantasy Points
Key Defender,Hawthorn Hawks,15,3.337086903304771,Player Fantasy Points
Key Defender,St Kilda Saints,14,2.089894950542083,Player Fantasy Points
Key Defender,Collingwood Magpies,18,1.8633694955285138,Player Fantasy Points
Key Defender,Port Adelaide Power,19,1.5555555555555545,Player Fantasy Points
Key Defender,Sydney Swans,16,0.561403508771923,Player Fantasy Points
Key Defender,Gold Coast Suns,15,0.05430191610013253,Player Fantasy Points
Key Defender,GWS Giants,19,-1.3858585858585855,Player Fantasy Points
Key Defender,Fremantle Dockers,11,-2.950537634408602,Player Fantasy Points
Key Defender,Brisbane Lions,17,-3.6257309941520477,Player Fantasy Points
Key Defender,Geelong Cats,16,-5.314883760167743,Player Fantasy Points
Key Defender,Adelaide Crows,14,-5.5946421643632025,Player Fantasy Points
Key Defender,North Melbourne Kangaroos,19,-5.64733044733045,Player Fantasy Points
Key Defender,Essendon Bombers,16,-6.371023417875375,Player Fantasy Points
Key Defender,Carlton,17,-10.644838490173322,Player Fantasy Points
Small Defender,St Kilda Saints,10,9.747343849604864,Player Fantasy Points
Small Defender,Melbourne Demons,18,9.1044016085112,Player Fantasy Points
Small Defender,Hawthorn Hawks,8,8.215053763440864,Player Fantasy Points
Small Defender,Fremantle Dockers,11,5.793497702078298,Player Fantasy Points
Small Defender,Richmond Tigers,18,4.812861228555824,Player Fantasy Points
Small Defender,GWS Giants,12,2.9674447080629136,Player Fantasy Points
Small Defender,Collingwood Magpies,12,2.4572982604370424,Player Fantasy Points
Small Defender,Sydney Swans,10,-2.9151950086622294,Player Fantasy Points
Small Defender,North Melbourne Kangaroos,13,-3.751221100618693,Player Fantasy Points
Small Defender,Carlton,12,-4.587700509922445,Player Fantasy Points
Small Defender,Essendon Bombers,12,-4.629270719741794,Player Fantasy Points
Small Defender,Western Bulldogs,10,-5.834251977325178,Player Fantasy Points
Small Defender,West Coast Eagles,8,-6.19366262014969,Player Fantasy Points
Small Defender,Port Adelaide Power,11,-7.370808009080531,Player Fantasy Points
Small Defender,Gold Coast Suns,16,-8.307646356033457,Player Fantasy Points
Small Defender,Adelaide Crows,13,-11.919583023082646,Player Fantasy Points
Small Defender,Geelong Cats,8,-12.119922886005732,Player Fantasy Points
Small Defender,Brisbane Lions,4,-22.65516569091759,Player Fantasy Points
Offensive Defender,Richmond Tigers,37,14.152806258069427,Player Fantasy Points
Offensive Defender,St Kilda Saints,18,11.616138276643307,Player Fantasy Points
Offensive Defender,Sydney Swans,15,5.475296647739061,Player Fantasy Points
Offensive Defender,Collingwood Magpies,21,4.170886879487654,Player Fantasy Points
Offensive Defender,Essendon Bombers,23,3.6519907687481807,Player Fantasy Points
Offensive Defender,Hawthorn Hawks,22,3.6114499310447346,Player Fantasy Points
Offensive Defender,Fremantle Dockers,19,3.4291865899936287,Player Fantasy Points
Offensive Defender,Western Bulldogs,18,0.7982445402618112,Player Fantasy Points
Offensive Defender,Melbourne Demons,19,-0.7235142118862996,Player Fantasy Points
Offensive Defender,Gold Coast Suns,33,-1.007277488505224,Player Fantasy Points
Offensive Defender,GWS Giants,20,-2.751376473040745,Player Fantasy Points
Offensive Defender,Port Adelaide Power,27,-4.071400533574615,Player Fantasy Points
Offensive Defender,Carlton,12,-4.920074253596664,Player Fantasy Points
Offensive Defender,West Coast Eagles,22,-6.924188099223307,Player Fantasy Points
Offensive Defender,Brisbane Lions,17,-9.162217736610762,Player Fantasy Points
Offensive Defender,Geelong Cats,22,-10.730990863906875,Player Fantasy Points
Offensive Defender,North Melbourne Kangaroos,20,-12.501552888544763,Player Fantasy Points
Offensive Defender,Adelaide Crows,24,-14.007709779965934,Player Fantasy Points
CBA > 50%,Geelong Cats,23,13.989380268818923,Player Fantasy Points
CBA > 50%,Melbourne Demons,23,10.510826150935465,Player Fantasy Points
CBA > 50%,Carlton,20,8.63642770450988,Player Fantasy Points
CBA > 50%,West Coast Eagles,22,7.79304458629353,Player Fantasy Points
CBA > 50%,Richmond Tigers,31,4.200500108719291,Player Fantasy Points
CBA > 50%,St Kilda Saints,20,1.302727589647418,Player Fantasy Points
CBA > 50%,Hawthorn Hawks,20,0.9054394215036781,Player Fantasy Points
CBA > 50%,Gold Coast Suns,31,-0.27874564459931434,Player Fantasy Points
CBA > 50%,Collingwood Magpies,25,-1.2225705329153471,Player Fantasy Points
CBA > 50%,Port Adelaide Power,29,-2.0253164556962022,Player Fantasy Points
CBA > 50%,Sydney Swans,17,-3.4578313253012087,Player Fantasy Points
CBA > 50%,North Melbourne Kangaroos,24,-3.698170721579345,Player Fantasy Points
CBA > 50%,Fremantle Dockers,18,-6.693964610035227,Player Fantasy Points
CBA > 50%,Essendon Bombers,25,-7.628707750825822,Player Fantasy Points
CBA > 50%,Brisbane Lions,18,-7.8807675005378774,Player Fantasy Points
CBA > 50%,Adelaide Crows,26,-7.9152228763667045,Player Fantasy Points
CBA > 50%,Western Bulldogs,19,-12.58730158730159,Player Fantasy Points
CBA > 50%,GWS Giants,24,-13.578959170390261,Player Fantasy Points
CBA < 50%,Geelong Cats,7,19.192626361301063,Player Fantasy Points
CBA < 50%,St Kilda Saints,8,17.12527828374823,Player Fantasy Points
CBA < 50%,GWS Giants,9,8.890247040658778,Player Fantasy Points
CBA < 50%,Melbourne Demons,12,5.338393254878418,Player Fantasy Points
CBA < 50%,Hawthorn Hawks,8,4.4876373626373605,Player Fantasy Points
CBA < 50%,Richmond Tigers,15,4.122054922554122,Player Fantasy Points
CBA < 50%,Fremantle Dockers,8,3.7848491538583175,Player Fantasy Points
CBA < 50%,Adelaide Crows,8,3.5589403909308146,Player Fantasy Points
CBA < 50%,Gold Coast Suns,12,2.71979272721747,Player Fantasy Points
CBA < 50%,Sydney Swans,8,2.061660733717378,Player Fantasy Points
CBA < 50%,North Melbourne Kangaroos,9,1.3781512605041826,Player Fantasy Points
CBA < 50%,Port Adelaide Power,13,-0.9079004801396651,Player Fantasy Points
CBA < 50%,Carlton,8,-0.961905145666276,Player Fantasy Points
CBA < 50%,Essendon Bombers,13,-5.139731682146532,Player Fantasy Points
CBA < 50%,Collingwood Magpies,10,-5.721843627502347,Player Fantasy Points
CBA < 50%,West Coast Eagles,10,-6.753695631547444,Player Fantasy Points
CBA < 50%,Western Bulldogs,11,-10,Player Fantasy Points
CBA < 50%,Brisbane Lions,12,-16.07395089102406,Player Fantasy Points
Wing,Collingwood Magpies,14,14.90644020053319,Player Fantasy Points
Wing,Richmond Tigers,21,13.939393939393938,Player Fantasy Points
Wing,Gold Coast Suns,13,12.098765432098766,Player Fantasy Points
Wing,Hawthorn Hawks,17,8.33031946955997,Player Fantasy Points
Wing,St Kilda Saints,14,6.5323308270676765,Player Fantasy Points
Wing,Melbourne Demons,16,4.419725621060445,Player Fantasy Points
Wing,Sydney Swans,11,4.152427199772967,Player Fantasy Points
Wing,Geelong Cats,20,2.455182072829132,Player Fantasy Points
Wing,North Melbourne Kangaroos,14,-1.5078197946432255,Player Fantasy Points
Wing,Western Bulldogs,11,-1.5928639694170101,Player Fantasy Points
Wing,Brisbane Lions,15,-1.9700122399020756,Player Fantasy Points
Wing,Port Adelaide Power,16,-3.678821178821181,Player Fantasy Points
Wing,Fremantle Dockers,11,-4.152427199772967,Player Fantasy Points
Wing,Adelaide Crows,16,-4.279701779701784,Player Fantasy Points
Wing,Carlton,12,-5.85090127142272,Player Fantasy Points
Wing,West Coast Eagles,21,-8.424040583883963,Player Fantasy Points
Wing,GWS Giants,16,-8.76035022087871,Player Fantasy Points
Wing,Essendon Bombers,17,-9.867252260272625,Player Fantasy Points
Ruck,Hawthorn Hawks,8,17.11140144586708,Player Fantasy Points
Ruck,St Kilda Saints,7,14.62592571766893,Player Fantasy Points
Ruck,GWS Giants,8,10.739064856711913,Player Fantasy Points
Ruck,Geelong Cats,8,10.458443854995574,Player Fantasy Points
Ruck,Port Adelaide Power,10,7.427742143548213,Player Fantasy Points
Ruck,Fremantle Dockers,6,7.107023934028149,Player Fantasy Points
Ruck,Collingwood Magpies,10,3.802677838418714,Player Fantasy Points
Ruck,Western Bulldogs,7,2.481694234337954,Player Fantasy Points
Ruck,Essendon Bombers,9,1.5757990867579794,Player Fantasy Points
Ruck,North Melbourne Kangaroos,9,0.8376362593230056,Player Fantasy Points
Ruck,Carlton,7,-0.8376362593230056,Player Fantasy Points
Ruck,Richmond Tigers,11,-3.2977311485720464,Player Fantasy Points
Ruck,Sydney Swans,7,-4.856711915535437,Player Fantasy Points
Ruck,Adelaide Crows,10,-4.877174158469066,Player Fantasy Points
Ruck,West Coast Eagles,8,-5.7349354375896615,Player Fantasy Points
Ruck,Melbourne Demons,9,-7.53658536585366,Player Fantasy Points
Ruck,Brisbane Lions,6,-11.656336352810365,Player Fantasy Points
Ruck,Gold Coast Suns,9,-15.138943248532293,Player Fantasy Points
Key Forward,Western Bulldogs,14,13.141044716111058,Player Fantasy Points
Key Forward,North Melbourne Kangaroos,15,9.096385542168674,Player Fantasy Points
Key Forward,Fremantle Dockers,17,6.736842105263157,Player Fantasy Points
Key Forward,Richmond Tigers,32,6.504057124310293,Player Fantasy Points
Key Forward,West Coast Eagles,21,6.344395087535935,Player Fantasy Points
Key Forward,St Kilda Saints,18,4.384850553387125,Player Fantasy Points
Key Forward,Gold Coast Suns,24,3.446752098983649,Player Fantasy Points
Key Forward,Port Adelaide Power,26,0.6925891198054472,Player Fantasy Points
Key Forward,Carlton,18,0.20449400306048915,Player Fantasy Points
Key Forward,GWS Giants,24,-0.11312894880874752,Player Fantasy Points
Key Forward,Geelong Cats,19,-1.7081158085840116,Player Fantasy Points
Key Forward,Melbourne Demons,21,-1.7690951024284347,Player Fantasy Points
Key Forward,Adelaide Crows,20,-3.2740487690176923,Player Fantasy Points
Key Forward,Collingwood Magpies,17,-5.857296403062995,Player Fantasy Points
Key Forward,Sydney Swans,15,-6.736842105263157,Player Fantasy Points
Key Forward,Essendon Bombers,20,-7.08752828090498,Player Fantasy Points
Key Forward,Brisbane Lions,15,-9.210084033613441,Player Fantasy Points
Key Forward,Hawthorn Hawks,18,-17.09965825470732,Player Fantasy Points
Small Forward,North Melbourne Kangaroos,28,8.737996183312095,Player Fantasy Points
Small Forward,Melbourne Demons,27,4.207075422761699,Player Fantasy Points
Small Forward,Fremantle Dockers,20,3.4815139784241467,Player Fantasy Points
Small Forward,Brisbane Lions,20,2.818057455540361,Player Fantasy Points
Small Forward,Richmond Tigers,38,2.537661837154502,Player Fantasy Points
Small Forward,Gold Coast Suns,35,1.7633424374400193,Player Fantasy Points
Small Forward,Geelong Cats,22,1.4324786324786318,Player Fantasy Points
Small Forward,Sydney Swans,23,-0.18604651162791017,Player Fantasy Points
Small Forward,Carlton,28,-0.23485589986723882,Player Fantasy Points
Small Forward,Western Bulldogs,21,-0.6325581395348877,Player Fantasy Points
Small Forward,Collingwood Magpies,24,-0.7444082078665304,Player Fantasy Points
Small Forward,West Coast Eagles,21,-1.2751212751212735,Player Fantasy Points
Small Forward,St Kilda Saints,22,-1.7270102539905907,Player Fantasy Points
Small Forward,Hawthorn Hawks,23,-5.446459117345194,Player Fantasy Points
Small Forward,GWS Giants,24,-5.687021655907074,Player Fantasy Points
Small Forward,Port Adelaide Power,27,-6.029411764705879,Player Fantasy Points
Small Forward,Adelaide Crows,20,-6.389326880906674,Player Fantasy Points
Small Forward,Essendon Bombers,24,-8.885777854198912,Player Fantasy Points
Key Defender,GWS Giants,19,0,Player Goals
Key Defender,North Melbourne Kangaroos,19,0,Player Goals
Key Defender,Adelaide Crows,14,0,Player Goals
Key Defender,Sydney Swans,16,0,Player Goals
Key Defender,Richmond Tigers,24,0,Player Goals
Key Defender,Fremantle Dockers,11,0,Player Goals
Key Defender,Western Bulldogs,8,0,Player Goals
Key Defender,Brisbane Lions,17,0,Player Goals
Key Defender,St Kilda Saints,14,0,Player Goals
Key Defender,Collingwood Magpies,18,0,Player Goals
Key Defender,Essendon Bombers,16,0,Player Goals
Key Defender,Geelong Cats,16,0,Player Goals
Key Defender,West Coast Eagles,17,0,Player Goals
Key Defender,Hawthorn Hawks,15,0,Player Goals
Key Defender,Gold Coast Suns,15,0,Player Goals
Key Defender,Melbourne Demons,17,0,Player Goals
Key Defender,Port Adelaide Power,19,0,Player Goals
Key Defender,Carlton,17,0,Player Goals
Small Defender,GWS Giants,12,0,Player Goals
Small Defender,North Melbourne Kangaroos,13,0,Player Goals
Small Defender,Adelaide Crows,13,0,Player Goals
Small Defender,Richmond Tigers,18,0,Player Goals
Small Defender,Fremantle Dockers,11,0,Player Goals
Small Defender,St Kilda Saints,10,0,Player Goals
Small Defender,Collingwood Magpies,12,0,Player Goals
Small Defender,Essendon Bombers,12,0,Player Goals
Small Defender,Hawthorn Hawks,8,0,Player Goals
Small Defender,Gold Coast Suns,16,0,Player Goals
Small Defender,Melbourne Demons,18,0,Player Goals
Small Defender,Port Adelaide Power,11,0,Player Goals
Small Defender,Carlton,12,0,Player Goals
Small Defender,Western Bulldogs,10,-0.05108556832694764,Player Goals
Small Defender,West Coast Eagles,8,-0.05108556832694764,Player Goals
Small Defender,Sydney Swans,10,-0.054945054945054944,Player Goals
Small Defender,Geelong Cats,8,-0.054945054945054944,Player Goals
Small Defender,Brisbane Lions,4,-0.2012469040205172,Player Goals
Offensive Defender,North Melbourne Kangaroos,20,0,Player Goals
Offensive Defender,Sydney Swans,15,0,Player Goals
Offensive Defender,Richmond Tigers,37,0,Player Goals
Offensive Defender,Fremantle Dockers,19,0,Player Goals
Offensive Defender,Western Bulldogs,18,0,Player Goals
Offensive Defender,Brisbane Lions,17,0,Player Goals
Offensive Defender,St Kilda Saints,18,0,Player Goals
Offensive Defender,Collingwood Magpies,21,0,Player Goals
Offensive Defender,Essendon Bombers,23,0,Player Goals
Offensive Defender,Geelong Cats,22,0,Player Goals
Offensive Defender,West Coast Eagles,22,0,Player Goals
Offensive Defender,Hawthorn Hawks,22,0,Player Goals
Offensive Defender,Gold Coast Suns,33,0,Player Goals
Offensive Defender,Melbourne Demons,19,0,Player Goals
Offensive Defender,Port Adelaide Power,27,0,Player Goals
Offensive Defender,Adelaide Crows,24,-0.05617977528089888,Player Goals
Offensive Defender,Carlton,12,-0.09697494765720888,Player Goals
Offensive Defender,GWS Giants,20,-0.11495107147281061,Player Goals
CBA > 50%,Melbourne Demons,23,0.07863247863247863,Player Goals
CBA > 50%,North Melbourne Kangaroos,24,0,Player Goals
CBA > 50%,Fremantle Dockers,18,-0.06875382240457371,Player Goals
CBA > 50%,Richmond Tigers,31,-0.10683212095278849,Player Goals
CBA > 50%,Sydney Swans,17,-0.1084010840108401,Player Goals
CBA > 50%,Western Bulldogs,19,-0.1084010840108401,Player Goals
CBA > 50%,St Kilda Saints,20,-0.1084010840108401,Player Goals
CBA > 50%,Port Adelaide Power,29,-0.1084010840108401,Player Goals
CBA > 50%,Carlton,20,-0.11276553504069885,Player Goals
CBA > 50%,Collingwood Magpies,25,-0.14285714285714288,Player Goals
CBA > 50%,Essendon Bombers,25,-0.14285714285714288,Player Goals
CBA > 50%,Gold Coast Suns,31,-0.14285714285714288,Player Goals
CBA > 50%,Hawthorn Hawks,20,-0.21501236017909023,Player Goals
CBA > 50%,Adelaide Crows,26,-0.21724941724941724,Player Goals
CBA > 50%,Geelong Cats,23,-0.22005772005772006,Player Goals
CBA > 50%,West Coast Eagles,22,-0.22900485128001505,Player Goals
CBA > 50%,GWS Giants,24,-0.35120693735432607,Player Goals
CBA > 50%,Brisbane Lions,18,-0.3910272414010722,Player Goals
CBA < 50%,North Melbourne Kangaroos,9,0.3292181069958848,Player Goals
CBA < 50%,Gold Coast Suns,12,0.15293474504296684,Player Goals
CBA < 50%,St Kilda Saints,8,0.1293185639745523,Player Goals
CBA < 50%,Fremantle Dockers,8,0.02046024104447497,Player Goals
CBA < 50%,Collingwood Magpies,10,0,Player Goals
CBA < 50%,Geelong Cats,7,0,Player Goals
CBA < 50%,West Coast Eagles,10,0,Player Goals
CBA < 50%,Sydney Swans,8,-0.026424479839073724,Player Goals
CBA < 50%,Richmond Tigers,15,-0.057163718560360004,Player Goals
CBA < 50%,Carlton,8,-0.11726713906419489,Player Goals
CBA < 50%,Hawthorn Hawks,8,-0.12053553371354608,Player Goals
CBA < 50%,Adelaide Crows,8,-0.24623700394363085,Player Goals
CBA < 50%,Brisbane Lions,12,-0.26014157693404716,Player Goals
CBA < 50%,GWS Giants,9,-0.2792120864410021,Player Goals
CBA < 50%,Western Bulldogs,11,-0.2792120864410021,Player Goals
CBA < 50%,Port Adelaide Power,13,-0.2792120864410021,Player Goals
CBA < 50%,Melbourne Demons,12,-0.3035404694500093,Player Goals
CBA < 50%,Essendon Bombers,13,-0.3465541490857946,Player Goals
Wing,St Kilda Saints,14,0.04753746724953815,Player Goals
Wing,GWS Giants,16,0,Player Goals
Wing,North Melbourne Kangaroos,14,0,Player Goals
Wing,Sydney Swans,11,0,Player Goals
Wing,Geelong Cats,20,0,Player Goals
Wing,West Coast Eagles,21,0,Player Goals
Wing,Gold Coast Suns,13,0,Player Goals
Wing,Adelaide Crows,16,-0.01253488567732859,Player Goals
Wing,Port Adelaide Power,16,-0.030636030636030633,Player Goals
Wing,Carlton,12,-0.051679586563307504,Player Goals
Wing,Richmond Tigers,21,-0.10335917312661501,Player Goals
Wing,Fremantle Dockers,11,-0.10335917312661501,Player Goals
Wing,Western Bulldogs,11,-0.10335917312661501,Player Goals
Wing,Essendon Bombers,17,-0.10335917312661501,Player Goals
Wing,Collingwood Magpies,14,-0.2667077581752418,Player Goals
Wing,Brisbane Lions,15,-0.31719298245614036,Player Goals
Wing,Hawthorn Hawks,17,-0.37272403163876033,Player Goals
Wing,Melbourne Demons,16,-0.47605554272220935,Player Goals
Ruck,St Kilda Saints,7,0.11871077544942024,Player Goals
Ruck,North Melbourne Kangaroos,9,0,Player Goals
Ruck,Melbourne Demons,9,0,Player Goals
Ruck,Carlton,7,0,Player Goals
Ruck,Richmond Tigers,11,-0.056258790436005623,Player Goals
Ruck,Port Adelaide Power,10,-0.05882352941176471,Player Goals
Ruck,Essendon Bombers,9,-0.107095046854083,Player Goals
Ruck,Western Bulldogs,7,-0.11251758087201125,Player Goals
Ruck,Hawthorn Hawks,8,-0.11251758087201125,Player Goals
Ruck,Brisbane Lions,6,-0.15651526433358154,Player Goals
Ruck,West Coast Eagles,8,-0.15793269877723853,Player Goals
Ruck,Fremantle Dockers,6,-0.16893886460516838,Player Goals
Ruck,Adelaide Crows,10,-0.17292103802458444,Player Goals
Ruck,GWS Giants,8,-0.19538346984363364,Player Goals
Ruck,Sydney Swans,7,-0.22536014833832552,Player Goals
Ruck,Gold Coast Suns,9,-0.22536014833832552,Player Goals
Ruck,Collingwood Magpies,10,-0.37981619211879764,Player Goals
Ruck,Geelong Cats,8,-0.3813263097651939,Player Goals
Key Forward,Western Bulldogs,14,0.23399043069515335,Player Goals
Key Forward,North Melbourne Kangaroos,15,0.2132194783431455,Player Goals
Key Forward,Collingwood Magpies,17,0.1783609029821503,Player Goals
Key Forward,Port Adelaide Power,26,0.10015055281954091,Player Goals
Key Forward,West Coast Eagles,21,0.03440745482999006,Player Goals
Key Forward,Brisbane Lions,15,-0.03316344989617655,Player Goals
Key Forward,Fremantle Dockers,17,-0.046477850399418943,Player Goals
Key Forward,St Kilda Saints,18,-0.06617798578215361,Player Goals
Key Forward,Richmond Tigers,32,-0.06911366395815821,Player Goals
Key Forward,Gold Coast Suns,24,-0.08430498397550129,Player Goals
Key Forward,Melbourne Demons,21,-0.0988650672454055,Player Goals
Key Forward,Geelong Cats,19,-0.15817964194691925,Player Goals
Key Forward,Carlton,18,-0.19166173349734228,Player Goals
Key Forward,Hawthorn Hawks,18,-0.29286263364936155,Player Goals
Key Forward,Adelaide Crows,20,-0.3568467311327756,Player Goals
Key Forward,GWS Giants,24,-0.5005901315960474,Player Goals
Key Forward,Essendon Bombers,20,-0.5358454588500077,Player Goals
Key Forward,Sydney Swans,15,-0.7709826599221459,Player Goals
Small Forward,North Melbourne Kangaroos,28,0.3889789792372111,Player Goals
Small Forward,West Coast Eagles,21,0.14333996031324556,Player Goals
Small Forward,Hawthorn Hawks,23,0.0814254371508163,Player Goals
Small Forward,Port Adelaide Power,27,-0.05905695733451193,Player Goals
Small Forward,Gold Coast Suns,35,-0.07655749689911016,Player Goals
Small Forward,Western Bulldogs,21,-0.10953490953490946,Player Goals
Small Forward,Collingwood Magpies,24,-0.11534537746875073,Player Goals
Small Forward,Sydney Swans,23,-0.1851851851851852,Player Goals
Small Forward,Richmond Tigers,38,-0.1970105871380068,Player Goals
Small Forward,Geelong Cats,22,-0.23182359714434206,Player Goals
Small Forward,Brisbane Lions,20,-0.2514933896063691,Player Goals
Small Forward,Essendon Bombers,24,-0.260133329803158,Player Goals
Small Forward,Melbourne Demons,27,-0.27238777575514245,Player Goals
Small Forward,Carlton,28,-0.27892426226039996,Player Goals
Small Forward,GWS Giants,24,-0.286937966272861,Player Goals
Small Forward,Fremantle Dockers,20,-0.31917345772847705,Player Goals
Small Forward,St Kilda Saints,22,-0.4145155813681589,Player Goals
Small Forward,Adelaide Crows,20,-0.5269434877404482,Player Goals
